ISO-10303-21;
HEADER;
FILE_DESCRIPTION(('KiCad electronic assembly'),'2;1');
FILE_NAME('lamp-driver.step','2026-04-08T22:00:58',('Pcbnew'),('Kicad'),
  'Open CASCADE STEP processor 7.9','KiCad to STEP converter','Unknown'
  );
FILE_SCHEMA(('AUTOMOTIVE_DESIGN { 1 0 10303 214 1 1 1 1 }'));
ENDSEC;
DATA;
#1 = APPLICATION_PROTOCOL_DEFINITION('international standard',
  'automotive_design',2000,#2);
#2 = APPLICATION_CONTEXT(
  'core data for automotive mechanical design processes');
#3 = SHAPE_DEFINITION_REPRESENTATION(#4,#10);
#4 = PRODUCT_DEFINITION_SHAPE('','',#5);
#5 = PRODUCT_DEFINITION('design','',#6,#9);
#6 = PRODUCT_DEFINITION_FORMATION('','',#7);
#7 = PRODUCT('lamp-driver 1','lamp-driver 1','',(#8));
#8 = PRODUCT_CONTEXT('',#2,'mechanical');
#9 = PRODUCT_DEFINITION_CONTEXT('part definition',#2,'design');
#10 = SHAPE_REPRESENTATION('',(#11,#15,#19,#23,#27,#31,#35,#39,#43,#47,
    #51,#55,#59,#63,#67,#71,#75,#79,#83,#87,#91,#95,#99,#103,#107,#111,
    #115,#119,#123,#127),#131);
#11 = AXIS2_PLACEMENT_3D('',#12,#13,#14);
#12 = CARTESIAN_POINT('',(0.,0.,0.));
#13 = DIRECTION('',(0.,0.,1.));
#14 = DIRECTION('',(1.,0.,-0.));
#15 = AXIS2_PLACEMENT_3D('',#16,#17,#18);
#16 = CARTESIAN_POINT('',(120.18,-69.13,1.595));
#17 = DIRECTION('',(0.,-0.,1.));
#18 = DIRECTION('',(1.110223024625E-16,1.,0.));
#19 = AXIS2_PLACEMENT_3D('',#20,#21,#22);
#20 = CARTESIAN_POINT('',(117.84,-59.68,1.595));
#21 = DIRECTION('',(0.,0.,1.));
#22 = DIRECTION('',(1.,0.,0.));
#23 = AXIS2_PLACEMENT_3D('',#24,#25,#26);
#24 = CARTESIAN_POINT('',(129.6,-59.68,1.595));
#25 = DIRECTION('',(0.,0.,1.));
#26 = DIRECTION('',(1.,0.,0.));
#27 = AXIS2_PLACEMENT_3D('',#28,#29,#30);
#28 = CARTESIAN_POINT('',(129.6,-44.37,1.595));
#29 = DIRECTION('',(0.,0.,1.));
#30 = DIRECTION('',(1.,0.,0.));
#31 = AXIS2_PLACEMENT_3D('',#32,#33,#34);
#32 = CARTESIAN_POINT('',(117.84,-44.37,1.595));
#33 = DIRECTION('',(0.,0.,1.));
#34 = DIRECTION('',(1.,0.,0.));
#35 = AXIS2_PLACEMENT_3D('',#36,#37,#38);
#36 = CARTESIAN_POINT('',(144.5625,-50.94,1.595));
#37 = DIRECTION('',(0.,0.,1.));
#38 = DIRECTION('',(1.,0.,0.));
#39 = AXIS2_PLACEMENT_3D('',#40,#41,#42);
#40 = CARTESIAN_POINT('',(134.43,-70.14,1.595));
#41 = DIRECTION('',(0.,0.,1.));
#42 = DIRECTION('',(1.,0.,0.));
#43 = AXIS2_PLACEMENT_3D('',#44,#45,#46);
#44 = CARTESIAN_POINT('',(145.75,-43.59,1.595));
#45 = DIRECTION('',(0.,0.,1.));
#46 = DIRECTION('',(-1.,1.224646799147E-16,0.));
#47 = AXIS2_PLACEMENT_3D('',#48,#49,#50);
#48 = CARTESIAN_POINT('',(129.6,-52.025,1.595));
#49 = DIRECTION('',(0.,0.,1.));
#50 = DIRECTION('',(1.,0.,0.));
#51 = AXIS2_PLACEMENT_3D('',#52,#53,#54);
#52 = CARTESIAN_POINT('',(127.01,-70.14,1.595));
#53 = DIRECTION('',(0.,0.,1.));
#54 = DIRECTION('',(1.,0.,0.));
#55 = AXIS2_PLACEMENT_3D('',#56,#57,#58);
#56 = CARTESIAN_POINT('',(152.39,-50.82,1.595));
#57 = DIRECTION('',(0.,-0.,1.));
#58 = DIRECTION('',(1.110223024625E-16,1.,0.));
#59 = AXIS2_PLACEMENT_3D('',#60,#61,#62);
#60 = CARTESIAN_POINT('',(117.84,-52.025,1.595));
#61 = DIRECTION('',(0.,0.,1.));
#62 = DIRECTION('',(1.,0.,0.));
#63 = AXIS2_PLACEMENT_3D('',#64,#65,#66);
#64 = CARTESIAN_POINT('',(123.99,-55.42,-8.5E-02));
#65 = DIRECTION('',(0.,-1.224646799147E-16,-1.));
#66 = DIRECTION('',(1.,0.,0.));
#67 = AXIS2_PLACEMENT_3D('',#68,#69,#70);
#68 = CARTESIAN_POINT('',(125.42,-62.72,-8.5E-02));
#69 = DIRECTION('',(1.224646799147E-16,-1.359631073447E-32,-1.));
#70 = DIRECTION('',(1.110223024625E-16,1.,0.));
#71 = AXIS2_PLACEMENT_3D('',#72,#73,#74);
#72 = CARTESIAN_POINT('',(125.75,-66.18,-8.5E-02));
#73 = DIRECTION('',(-1.224646799147E-16,-1.359631073447E-32,-1.));
#74 = DIRECTION('',(1.110223024625E-16,-1.,0.));
#75 = AXIS2_PLACEMENT_3D('',#76,#77,#78);
#76 = CARTESIAN_POINT('',(106.94,-61.67,-8.5E-02));
#77 = DIRECTION('',(0.,-1.224646799147E-16,-1.));
#78 = DIRECTION('',(1.,0.,0.));
#79 = AXIS2_PLACEMENT_3D('',#80,#81,#82);
#80 = CARTESIAN_POINT('',(102.94,-61.84,-8.5E-02));
#81 = DIRECTION('',(1.224646799147E-16,-1.359631073447E-32,-1.));
#82 = DIRECTION('',(1.110223024625E-16,1.,0.));
#83 = AXIS2_PLACEMENT_3D('',#84,#85,#86);
#84 = CARTESIAN_POINT('',(123.99,-47.61,-8.5E-02));
#85 = DIRECTION('',(0.,-1.224646799147E-16,-1.));
#86 = DIRECTION('',(1.,0.,0.));
#87 = AXIS2_PLACEMENT_3D('',#88,#89,#90);
#88 = CARTESIAN_POINT('',(136.28,-55.42,-8.5E-02));
#89 = DIRECTION('',(0.,-1.224646799147E-16,-1.));
#90 = DIRECTION('',(1.,0.,0.));
#91 = AXIS2_PLACEMENT_3D('',#92,#93,#94);
#92 = CARTESIAN_POINT('',(140.38,-47.37,-8.5E-02));
#93 = DIRECTION('',(1.224646799147E-16,-1.359631073447E-32,-1.));
#94 = DIRECTION('',(1.110223024625E-16,1.,0.));
#95 = AXIS2_PLACEMENT_3D('',#96,#97,#98);
#96 = CARTESIAN_POINT('',(119.8175,-69.67,-8.5E-02));
#97 = DIRECTION('',(-1.224646799147E-16,-1.359631073447E-32,-1.));
#98 = DIRECTION('',(1.110223024625E-16,-1.,0.));
#99 = AXIS2_PLACEMENT_3D('',#100,#101,#102);
#100 = CARTESIAN_POINT('',(136.28,-47.61,-8.5E-02));
#101 = DIRECTION('',(0.,-1.224646799147E-16,-1.));
#102 = DIRECTION('',(1.,0.,0.));
#103 = AXIS2_PLACEMENT_3D('',#104,#105,#106);
#104 = CARTESIAN_POINT('',(112.9425,-62.84,-8.5E-02));
#105 = DIRECTION('',(0.,-1.224646799147E-16,-1.));
#106 = DIRECTION('',(1.,0.,0.));
#107 = AXIS2_PLACEMENT_3D('',#108,#109,#110);
#108 = CARTESIAN_POINT('',(147.78,-47.37,-8.5E-02));
#109 = DIRECTION('',(1.224646799147E-16,-1.359631073447E-32,-1.));
#110 = DIRECTION('',(1.110223024625E-16,1.,0.));
#111 = AXIS2_PLACEMENT_3D('',#112,#113,#114);
#112 = CARTESIAN_POINT('',(144.5675,-50.94,-8.5E-02));
#113 = DIRECTION('',(0.,-1.224646799147E-16,-1.));
#114 = DIRECTION('',(1.,0.,0.));
#115 = AXIS2_PLACEMENT_3D('',#116,#117,#118);
#116 = CARTESIAN_POINT('',(136.28,-63.08,-8.5E-02));
#117 = DIRECTION('',(0.,-1.224646799147E-16,-1.));
#118 = DIRECTION('',(1.,0.,0.));
#119 = AXIS2_PLACEMENT_3D('',#120,#121,#122);
#120 = CARTESIAN_POINT('',(142.45,-47.37,-8.5E-02));
#121 = DIRECTION('',(1.224646799147E-16,-1.359631073447E-32,-1.));
#122 = DIRECTION('',(1.110223024625E-16,1.,0.));
#123 = AXIS2_PLACEMENT_3D('',#124,#125,#126);
#124 = CARTESIAN_POINT('',(127.98,-66.18,-8.5E-02));
#125 = DIRECTION('',(-1.224646799147E-16,-1.359631073447E-32,-1.));
#126 = DIRECTION('',(1.110223024625E-16,-1.,0.));
#127 = AXIS2_PLACEMENT_3D('',#128,#129,#130);
#128 = CARTESIAN_POINT('',(0.,0.,0.));
#129 = DIRECTION('',(0.,0.,1.));
#130 = DIRECTION('',(1.,0.,-0.));
#131 = ( GEOMETRIC_REPRESENTATION_CONTEXT(3) 
GLOBAL_UNCERTAINTY_ASSIGNED_CONTEXT((#135)) GLOBAL_UNIT_ASSIGNED_CONTEXT
((#132,#133,#134)) REPRESENTATION_CONTEXT('Context #1',
  '3D Context with UNIT and UNCERTAINTY') );
#132 = ( LENGTH_UNIT() NAMED_UNIT(*) SI_UNIT(.MILLI.,.METRE.) );
#133 = ( NAMED_UNIT(*) PLANE_ANGLE_UNIT() SI_UNIT($,.RADIAN.) );
#134 = ( NAMED_UNIT(*) SI_UNIT($,.STERADIAN.) SOLID_ANGLE_UNIT() );
#135 = UNCERTAINTY_MEASURE_WITH_UNIT(LENGTH_MEASURE(1.E-07),#132,
  'distance_accuracy_value','confusion accuracy');
#136 = PRODUCT_RELATED_PRODUCT_CATEGORY('part',$,(#7));
#137 = SHAPE_DEFINITION_REPRESENTATION(#138,#144);
#138 = PRODUCT_DEFINITION_SHAPE('','',#139);
#139 = PRODUCT_DEFINITION('design','',#140,#143);
#140 = PRODUCT_DEFINITION_FORMATION('','',#141);
#141 = PRODUCT('CP_Elec_6.3x7.7','CP_Elec_6.3x7.7','',(#142));
#142 = PRODUCT_CONTEXT('',#2,'mechanical');
#143 = PRODUCT_DEFINITION_CONTEXT('part definition',#2,'design');
#144 = ADVANCED_BREP_SHAPE_REPRESENTATION('',(#11,#145),#1510);
#145 = MANIFOLD_SOLID_BREP('',#146);
#146 = CLOSED_SHELL('',(#147,#190,#216,#289,#368,#408,#487,#512,#537,
    #593,#649,#674,#699,#764,#837,#923,#940,#971,#983,#1000,#1012,#1030,
    #1042,#1060,#1072,#1103,#1155,#1187,#1212,#1237,#1269,#1294,#1319,
    #1336,#1353,#1401,#1442,#1460,#1472,#1484,#1500));
#147 = ADVANCED_FACE('',(#148),#185,.T.);
#148 = FACE_BOUND('',#149,.T.);
#149 = EDGE_LOOP('',(#150,#169,#177,#184));
#150 = ORIENTED_EDGE('',*,*,#151,.T.);
#151 = EDGE_CURVE('',#152,#152,#154,.T.);
#152 = VERTEX_POINT('',#153);
#153 = CARTESIAN_POINT('',(-3.15,3.857637417314E-16,1.903268122105));
#154 = ( BOUNDED_CURVE() B_SPLINE_CURVE(13,(#155,#156,#157,#158,#159,
    #160,#161,#162,#163,#164,#165,#166,#167,#168),.UNSPECIFIED.,.T.,.F.)
 B_SPLINE_CURVE_WITH_KNOTS((1,13,13,1),(-19.79203371761,
    3.914259941243E-16,19.792033717616,39.584067435232),.UNSPECIFIED.) 
CURVE() GEOMETRIC_REPRESENTATION_ITEM() RATIONAL_B_SPLINE_CURVE((1.,1.,
    1.000000000001,0.999999999998,1.000000000004,0.999999999994,
    1.000000000007,0.999999999994,1.000000000005,0.999999999997,
1.000000000001,1.,1.,1.)) REPRESENTATION_ITEM('') );
#155 = CARTESIAN_POINT('',(-3.15,3.857637417314E-16,1.903268122105));
#156 = CARTESIAN_POINT('',(-3.150000000001,1.500440617323,1.903268122105
    ));
#157 = CARTESIAN_POINT('',(-2.374522784297,3.035482525996,1.903268122105
    ));
#158 = CARTESIAN_POINT('',(-0.778699260131,4.133102804313,1.903268122105
    ));
#159 = CARTESIAN_POINT('',(1.417356467597,4.301676360907,1.903268122105)
  );
#160 = CARTESIAN_POINT('',(3.314487228419,3.131786890306,1.903268122105)
  );
#161 = CARTESIAN_POINT('',(4.70583335723,1.424009627085,1.903268122105)
  );
#162 = CARTESIAN_POINT('',(4.705833357256,-1.424009627103,1.903268122105
    ));
#163 = CARTESIAN_POINT('',(3.314487228412,-3.131786890273,1.903268122105
    ));
#164 = CARTESIAN_POINT('',(1.41735646759,-4.301676360937,1.903268122105)
  );
#165 = CARTESIAN_POINT('',(-0.778699260121,-4.133102804298,
    1.903268122105));
#166 = CARTESIAN_POINT('',(-2.374522784302,-3.035482526,1.903268122105)
  );
#167 = CARTESIAN_POINT('',(-3.149999999999,-1.500440617323,
    1.903268122105));
#168 = CARTESIAN_POINT('',(-3.15,3.857637417314E-16,1.903268122105));
#169 = ORIENTED_EDGE('',*,*,#170,.F.);
#170 = EDGE_CURVE('',#171,#152,#173,.T.);
#171 = VERTEX_POINT('',#172);
#172 = CARTESIAN_POINT('',(-3.15,3.857637417314E-16,1.07));
#173 = LINE('',#174,#175);
#174 = CARTESIAN_POINT('',(-3.15,3.857637417314E-16,0.65));
#175 = VECTOR('',#176,1.);
#176 = DIRECTION('',(0.,0.,1.));
#177 = ORIENTED_EDGE('',*,*,#178,.F.);
#178 = EDGE_CURVE('',#171,#171,#179,.T.);
#179 = CIRCLE('',#180,3.15);
#180 = AXIS2_PLACEMENT_3D('',#181,#182,#183);
#181 = CARTESIAN_POINT('',(0.,0.,1.07));
#182 = DIRECTION('',(0.,0.,-1.));
#183 = DIRECTION('',(-1.,1.224646799147E-16,0.));
#184 = ORIENTED_EDGE('',*,*,#170,.T.);
#185 = CYLINDRICAL_SURFACE('',#186,3.15);
#186 = AXIS2_PLACEMENT_3D('',#187,#188,#189);
#187 = CARTESIAN_POINT('',(0.,0.,0.65));
#188 = DIRECTION('',(0.,0.,1.));
#189 = DIRECTION('',(-1.,1.224646799147E-16,0.));
#190 = ADVANCED_FACE('',(#191),#211,.T.);
#191 = FACE_BOUND('',#192,.T.);
#192 = EDGE_LOOP('',(#193,#194,#203,#210));
#193 = ORIENTED_EDGE('',*,*,#178,.T.);
#194 = ORIENTED_EDGE('',*,*,#195,.T.);
#195 = EDGE_CURVE('',#171,#196,#198,.T.);
#196 = VERTEX_POINT('',#197);
#197 = CARTESIAN_POINT('',(-2.73,3.343285761672E-16,0.65));
#198 = CIRCLE('',#199,0.42);
#199 = AXIS2_PLACEMENT_3D('',#200,#201,#202);
#200 = CARTESIAN_POINT('',(-2.73,3.343285761672E-16,1.07));
#201 = DIRECTION('',(-1.224646799147E-16,-1.,-0.));
#202 = DIRECTION('',(-1.,1.224646799147E-16,0.));
#203 = ORIENTED_EDGE('',*,*,#204,.F.);
#204 = EDGE_CURVE('',#196,#196,#205,.T.);
#205 = CIRCLE('',#206,2.73);
#206 = AXIS2_PLACEMENT_3D('',#207,#208,#209);
#207 = CARTESIAN_POINT('',(0.,0.,0.65));
#208 = DIRECTION('',(0.,0.,-1.));
#209 = DIRECTION('',(-1.,1.224646799147E-16,0.));
#210 = ORIENTED_EDGE('',*,*,#195,.F.);
#211 = TOROIDAL_SURFACE('',#212,2.73,0.42);
#212 = AXIS2_PLACEMENT_3D('',#213,#214,#215);
#213 = CARTESIAN_POINT('',(0.,0.,1.07));
#214 = DIRECTION('',(0.,0.,-1.));
#215 = DIRECTION('',(-1.,1.224646799147E-16,0.));
#216 = ADVANCED_FACE('',(#217),#246,.T.);
#217 = FACE_BOUND('',#218,.T.);
#218 = EDGE_LOOP('',(#219,#227,#244,#245));
#219 = ORIENTED_EDGE('',*,*,#220,.T.);
#220 = EDGE_CURVE('',#152,#221,#223,.T.);
#221 = VERTEX_POINT('',#222);
#222 = CARTESIAN_POINT('',(-3.121363636364,3.822567986248E-16,
    1.934637686762));
#223 = ( BOUNDED_CURVE() B_SPLINE_CURVE(2,(#224,#225,#226),
.UNSPECIFIED.,.F.,.F.) B_SPLINE_CURVE_WITH_KNOTS((3,3),(0.,
19.792033717616),.PIECEWISE_BEZIER_KNOTS.) CURVE() 
GEOMETRIC_REPRESENTATION_ITEM() RATIONAL_B_SPLINE_CURVE((1.,
0.738548945876,1.)) REPRESENTATION_ITEM('') );
#224 = CARTESIAN_POINT('',(-3.15,3.857637417314E-16,1.903268122105));
#225 = CARTESIAN_POINT('',(-3.15,1.195445924144E-15,1.932023556374));
#226 = CARTESIAN_POINT('',(-3.121363636364,3.822567986248E-16,
    1.934637686762));
#227 = ORIENTED_EDGE('',*,*,#228,.T.);
#228 = EDGE_CURVE('',#221,#221,#229,.T.);
#229 = ( BOUNDED_CURVE() B_SPLINE_CURVE(13,(#230,#231,#232,#233,#234,
    #235,#236,#237,#238,#239,#240,#241,#242,#243),.UNSPECIFIED.,.T.,.F.)
 B_SPLINE_CURVE_WITH_KNOTS((1,13,13,1),(-19.79203371761,
    3.914259941243E-16,19.792033717616,39.584067435232),.UNSPECIFIED.) 
CURVE() GEOMETRIC_REPRESENTATION_ITEM() RATIONAL_B_SPLINE_CURVE((1.,1.,
    1.000000000001,0.999999999998,1.000000000004,0.999999999994,
    1.000000000007,0.999999999994,1.000000000005,0.999999999997,
1.000000000001,1.,1.,1.)) REPRESENTATION_ITEM('') );
#230 = CARTESIAN_POINT('',(-3.121363636364,3.822567986248E-16,
    1.934637686762));
#231 = CARTESIAN_POINT('',(-3.121363636365,1.486800248075,1.934637686762
    ));
#232 = CARTESIAN_POINT('',(-2.35293621353,3.007887230305,1.934637686762)
  );
#233 = CARTESIAN_POINT('',(-0.771620175949,4.095529142455,1.934637686762
    ));
#234 = CARTESIAN_POINT('',(1.404471408801,4.262570212172,1.934637686762)
  );
#235 = CARTESIAN_POINT('',(3.284355526343,3.103316100395,1.934637686762)
  );
#236 = CARTESIAN_POINT('',(4.663053053981,1.411064085019,1.934637686762)
  );
#237 = CARTESIAN_POINT('',(4.663053054011,-1.411064085037,1.934637686762
    ));
#238 = CARTESIAN_POINT('',(3.284355526332,-3.103316100363,1.934637686762
    ));
#239 = CARTESIAN_POINT('',(1.404471408797,-4.2625702122,1.934637686762)
  );
#240 = CARTESIAN_POINT('',(-0.77162017594,-4.095529142442,1.934637686762
    ));
#241 = CARTESIAN_POINT('',(-2.352936213535,-3.007887230309,
    1.934637686762));
#242 = CARTESIAN_POINT('',(-3.121363636363,-1.486800248074,
    1.934637686762));
#243 = CARTESIAN_POINT('',(-3.121363636364,3.822567986248E-16,
    1.934637686762));
#244 = ORIENTED_EDGE('',*,*,#220,.F.);
#245 = ORIENTED_EDGE('',*,*,#151,.F.);
#246 = ( BOUNDED_SURFACE() B_SPLINE_SURFACE(2,13,(
    (#247,#248,#249,#250,#251,#252,#253,#254,#255,#256,#257,#258,#259
      ,#260)
    ,(#261,#262,#263,#264,#265,#266,#267,#268,#269,#270,#271,#272,#273
      ,#274)
    ,(#275,#276,#277,#278,#279,#280,#281,#282,#283,#284,#285,#286,#287
,#288
    )),.UNSPECIFIED.,.F.,.T.,.F.) B_SPLINE_SURFACE_WITH_KNOTS((3,3),(1,
    13,13,1),(0.,19.792033717616),(-19.79203371761,3.914259941243E-16,
    19.792033717616,39.584067435232),.UNSPECIFIED.) 
GEOMETRIC_REPRESENTATION_ITEM() RATIONAL_B_SPLINE_SURFACE((
    (1.,1.,1.000000000001,0.999999999998,1.000000000004,0.999999999994
      ,1.000000000007,0.999999999994,1.000000000005,0.999999999997
      ,1.000000000001,1.,1.,1.)
    ,(0.738548945876,0.738548945876,0.738548945876,0.738548945875
      ,0.738548945878,0.738548945873,0.738548945879,0.738548945873
      ,0.738548945878,0.738548945875,0.738548945877,0.738548945876
      ,0.738548945876,0.738548945876)
    ,(1.,1.,1.000000000001,0.999999999998,1.000000000004,0.999999999994
      ,1.000000000007,0.999999999994,1.000000000005,0.999999999997
,1.000000000001,1.,1.,1.))) REPRESENTATION_ITEM('') SURFACE() );
#247 = CARTESIAN_POINT('',(-3.15,3.857637417314E-16,1.903268122105));
#248 = CARTESIAN_POINT('',(-3.150000000001,1.500440617323,1.903268122105
    ));
#249 = CARTESIAN_POINT('',(-2.374522784297,3.035482525996,1.903268122105
    ));
#250 = CARTESIAN_POINT('',(-0.778699260131,4.133102804313,1.903268122105
    ));
#251 = CARTESIAN_POINT('',(1.417356467597,4.301676360907,1.903268122105)
  );
#252 = CARTESIAN_POINT('',(3.314487228419,3.131786890306,1.903268122105)
  );
#253 = CARTESIAN_POINT('',(4.70583335723,1.424009627085,1.903268122105)
  );
#254 = CARTESIAN_POINT('',(4.705833357256,-1.424009627103,1.903268122105
    ));
#255 = CARTESIAN_POINT('',(3.314487228412,-3.131786890273,1.903268122105
    ));
#256 = CARTESIAN_POINT('',(1.41735646759,-4.301676360937,1.903268122105)
  );
#257 = CARTESIAN_POINT('',(-0.778699260121,-4.133102804298,
    1.903268122105));
#258 = CARTESIAN_POINT('',(-2.374522784302,-3.035482526,1.903268122105)
  );
#259 = CARTESIAN_POINT('',(-3.149999999999,-1.500440617323,
    1.903268122105));
#260 = CARTESIAN_POINT('',(-3.15,3.857637417314E-16,1.903268122105));
#261 = CARTESIAN_POINT('',(-3.15,1.195445924144E-15,1.932023556374));
#262 = CARTESIAN_POINT('',(-3.150000000001,1.500440617323,1.932023556374
    ));
#263 = CARTESIAN_POINT('',(-2.374522784297,3.035482525998,1.932023556374
    ));
#264 = CARTESIAN_POINT('',(-0.778699260131,4.133102804308,1.932023556374
    ));
#265 = CARTESIAN_POINT('',(1.4173564676,4.301676360916,1.932023556374));
#266 = CARTESIAN_POINT('',(3.314487228412,3.131786890296,1.932023556374)
  );
#267 = CARTESIAN_POINT('',(4.705833357241,1.424009627092,1.932023556374)
  );
#268 = CARTESIAN_POINT('',(4.705833357246,-1.424009627104,1.932023556374
    ));
#269 = CARTESIAN_POINT('',(3.314487228417,-3.131786890276,1.932023556374
    ));
#270 = CARTESIAN_POINT('',(1.417356467589,-4.301676360933,1.932023556374
    ));
#271 = CARTESIAN_POINT('',(-0.778699260122,-4.1331028043,1.932023556374)
  );
#272 = CARTESIAN_POINT('',(-2.374522784301,-3.035482526,1.932023556374)
  );
#273 = CARTESIAN_POINT('',(-3.15,-1.500440617323,1.932023556374));
#274 = CARTESIAN_POINT('',(-3.15,1.195445924144E-15,1.932023556374));
#275 = CARTESIAN_POINT('',(-3.121363636364,3.822567986248E-16,
    1.934637686762));
#276 = CARTESIAN_POINT('',(-3.121363636365,1.486800248075,1.934637686762
    ));
#277 = CARTESIAN_POINT('',(-2.35293621353,3.007887230305,1.934637686762)
  );
#278 = CARTESIAN_POINT('',(-0.771620175949,4.095529142455,1.934637686762
    ));
#279 = CARTESIAN_POINT('',(1.404471408801,4.262570212172,1.934637686762)
  );
#280 = CARTESIAN_POINT('',(3.284355526343,3.103316100395,1.934637686762)
  );
#281 = CARTESIAN_POINT('',(4.663053053981,1.411064085019,1.934637686762)
  );
#282 = CARTESIAN_POINT('',(4.663053054011,-1.411064085037,1.934637686762
    ));
#283 = CARTESIAN_POINT('',(3.284355526332,-3.103316100363,1.934637686762
    ));
#284 = CARTESIAN_POINT('',(1.404471408797,-4.2625702122,1.934637686762)
  );
#285 = CARTESIAN_POINT('',(-0.77162017594,-4.095529142442,1.934637686762
    ));
#286 = CARTESIAN_POINT('',(-2.352936213535,-3.007887230309,
    1.934637686762));
#287 = CARTESIAN_POINT('',(-3.121363636363,-1.486800248074,
    1.934637686762));
#288 = CARTESIAN_POINT('',(-3.121363636364,3.822567986248E-16,
    1.934637686762));
#289 = ADVANCED_FACE('',(#290,#360),#363,.T.);
#290 = FACE_BOUND('',#291,.T.);
#291 = EDGE_LOOP('',(#292,#302,#311,#319,#328,#336,#345,#353));
#292 = ORIENTED_EDGE('',*,*,#293,.T.);
#293 = EDGE_CURVE('',#294,#296,#298,.T.);
#294 = VERTEX_POINT('',#295);
#295 = CARTESIAN_POINT('',(-3.3,0.576628129734,0.65));
#296 = VERTEX_POINT('',#297);
#297 = CARTESIAN_POINT('',(-3.3,-0.576628129734,0.65));
#298 = LINE('',#299,#300);
#299 = CARTESIAN_POINT('',(-3.3,1.15,0.65));
#300 = VECTOR('',#301,1.);
#301 = DIRECTION('',(-1.224646799147E-16,-1.,0.));
#302 = ORIENTED_EDGE('',*,*,#303,.T.);
#303 = EDGE_CURVE('',#296,#304,#306,.T.);
#304 = VERTEX_POINT('',#305);
#305 = CARTESIAN_POINT('',(-0.576628129734,-3.3,0.65));
#306 = CIRCLE('',#307,3.35);
#307 = AXIS2_PLACEMENT_3D('',#308,#309,#310);
#308 = CARTESIAN_POINT('',(0.,0.,0.65));
#309 = DIRECTION('',(0.,0.,1.));
#310 = DIRECTION('',(-1.,1.224646799147E-16,0.));
#311 = ORIENTED_EDGE('',*,*,#312,.T.);
#312 = EDGE_CURVE('',#304,#313,#315,.T.);
#313 = VERTEX_POINT('',#314);
#314 = CARTESIAN_POINT('',(0.576628129734,-3.3,0.65));
#315 = LINE('',#316,#317);
#316 = CARTESIAN_POINT('',(-1.15,-3.3,0.65));
#317 = VECTOR('',#318,1.);
#318 = DIRECTION('',(1.,-1.224646799147E-16,0.));
#319 = ORIENTED_EDGE('',*,*,#320,.T.);
#320 = EDGE_CURVE('',#313,#321,#323,.T.);
#321 = VERTEX_POINT('',#322);
#322 = CARTESIAN_POINT('',(3.3,-0.576628129734,0.65));
#323 = CIRCLE('',#324,3.35);
#324 = AXIS2_PLACEMENT_3D('',#325,#326,#327);
#325 = CARTESIAN_POINT('',(0.,0.,0.65));
#326 = DIRECTION('',(0.,0.,1.));
#327 = DIRECTION('',(-1.,1.224646799147E-16,0.));
#328 = ORIENTED_EDGE('',*,*,#329,.T.);
#329 = EDGE_CURVE('',#321,#330,#332,.T.);
#330 = VERTEX_POINT('',#331);
#331 = CARTESIAN_POINT('',(3.3,0.576628129734,0.65));
#332 = LINE('',#333,#334);
#333 = CARTESIAN_POINT('',(3.3,-1.65,0.65));
#334 = VECTOR('',#335,1.);
#335 = DIRECTION('',(1.224646799147E-16,1.,0.));
#336 = ORIENTED_EDGE('',*,*,#337,.T.);
#337 = EDGE_CURVE('',#330,#338,#340,.T.);
#338 = VERTEX_POINT('',#339);
#339 = CARTESIAN_POINT('',(0.576628129734,3.3,0.65));
#340 = CIRCLE('',#341,3.35);
#341 = AXIS2_PLACEMENT_3D('',#342,#343,#344);
#342 = CARTESIAN_POINT('',(0.,0.,0.65));
#343 = DIRECTION('',(0.,0.,1.));
#344 = DIRECTION('',(-1.,1.224646799147E-16,0.));
#345 = ORIENTED_EDGE('',*,*,#346,.T.);
#346 = EDGE_CURVE('',#338,#347,#349,.T.);
#347 = VERTEX_POINT('',#348);
#348 = CARTESIAN_POINT('',(-0.576628129734,3.3,0.65));
#349 = LINE('',#350,#351);
#350 = CARTESIAN_POINT('',(1.65,3.3,0.65));
#351 = VECTOR('',#352,1.);
#352 = DIRECTION('',(-1.,1.224646799147E-16,0.));
#353 = ORIENTED_EDGE('',*,*,#354,.T.);
#354 = EDGE_CURVE('',#347,#294,#355,.T.);
#355 = CIRCLE('',#356,3.35);
#356 = AXIS2_PLACEMENT_3D('',#357,#358,#359);
#357 = CARTESIAN_POINT('',(0.,0.,0.65));
#358 = DIRECTION('',(0.,0.,1.));
#359 = DIRECTION('',(-1.,1.224646799147E-16,0.));
#360 = FACE_BOUND('',#361,.T.);
#361 = EDGE_LOOP('',(#362));
#362 = ORIENTED_EDGE('',*,*,#204,.T.);
#363 = PLANE('',#364);
#364 = AXIS2_PLACEMENT_3D('',#365,#366,#367);
#365 = CARTESIAN_POINT('',(2.040955421701E-16,-6.734331626528E-17,0.65)
  );
#366 = DIRECTION('',(0.,0.,1.));
#367 = DIRECTION('',(-1.,1.224646799147E-16,0.));
#368 = ADVANCED_FACE('',(#369),#399,.F.);
#369 = FACE_BOUND('',#370,.F.);
#370 = EDGE_LOOP('',(#371,#380,#381,#382));
#371 = ORIENTED_EDGE('',*,*,#372,.F.);
#372 = EDGE_CURVE('',#221,#373,#375,.T.);
#373 = VERTEX_POINT('',#374);
#374 = CARTESIAN_POINT('',(-3.121363636364,3.822567986248E-16,
    2.562028979904));
#375 = CIRCLE('',#376,0.315);
#376 = AXIS2_PLACEMENT_3D('',#377,#378,#379);
#377 = CARTESIAN_POINT('',(-3.15,3.857637417314E-16,2.248333333333));
#378 = DIRECTION('',(-1.224646799147E-16,-1.,-0.));
#379 = DIRECTION('',(0.,0.,-1.));
#380 = ORIENTED_EDGE('',*,*,#228,.T.);
#381 = ORIENTED_EDGE('',*,*,#372,.T.);
#382 = ORIENTED_EDGE('',*,*,#383,.F.);
#383 = EDGE_CURVE('',#373,#373,#384,.T.);
#384 = ( BOUNDED_CURVE() B_SPLINE_CURVE(13,(#385,#386,#387,#388,#389,
    #390,#391,#392,#393,#394,#395,#396,#397,#398),.UNSPECIFIED.,.T.,.F.)
 B_SPLINE_CURVE_WITH_KNOTS((1,13,13,1),(-19.79203371761,
    3.914259941243E-16,19.792033717616,39.584067435232),.UNSPECIFIED.) 
CURVE() GEOMETRIC_REPRESENTATION_ITEM() RATIONAL_B_SPLINE_CURVE((1.,1.,
    1.000000000001,0.999999999998,1.000000000004,0.999999999994,
    1.000000000007,0.999999999994,1.000000000005,0.999999999997,
1.000000000001,1.,1.,1.)) REPRESENTATION_ITEM('') );
#385 = CARTESIAN_POINT('',(-3.121363636364,3.822567986248E-16,
    2.562028979904));
#386 = CARTESIAN_POINT('',(-3.121363636364,1.486800248075,2.562028979904
    ));
#387 = CARTESIAN_POINT('',(-2.352936213531,3.007887230306,2.562028979904
    ));
#388 = CARTESIAN_POINT('',(-0.771620175947,4.095529142455,2.562028979904
    ));
#389 = CARTESIAN_POINT('',(1.404471408799,4.262570212172,2.562028979904)
  );
#390 = CARTESIAN_POINT('',(3.284355526347,3.103316100394,2.562028979904)
  );
#391 = CARTESIAN_POINT('',(4.663053053976,1.411064085019,2.562028979904)
  );
#392 = CARTESIAN_POINT('',(4.663053054016,-1.411064085037,2.562028979904
    ));
#393 = CARTESIAN_POINT('',(3.284355526329,-3.103316100364,2.562028979904
    ));
#394 = CARTESIAN_POINT('',(1.404471408799,-4.262570212199,2.562028979904
    ));
#395 = CARTESIAN_POINT('',(-0.771620175941,-4.095529142443,
    2.562028979904));
#396 = CARTESIAN_POINT('',(-2.352936213535,-3.007887230309,
    2.562028979904));
#397 = CARTESIAN_POINT('',(-3.121363636363,-1.486800248074,
    2.562028979904));
#398 = CARTESIAN_POINT('',(-3.121363636364,3.822567986248E-16,
    2.562028979904));
#399 = SURFACE_OF_REVOLUTION('',#400,#405);
#400 = CIRCLE('',#401,0.315);
#401 = AXIS2_PLACEMENT_3D('',#402,#403,#404);
#402 = CARTESIAN_POINT('',(-3.15,3.857637417314E-16,2.248333333333));
#403 = DIRECTION('',(-1.224646799147E-16,-1.,-0.));
#404 = DIRECTION('',(0.,0.,-1.));
#405 = AXIS1_PLACEMENT('',#406,#407);
#406 = CARTESIAN_POINT('',(0.,0.,0.65));
#407 = DIRECTION('',(-0.,0.,-1.));
#408 = ADVANCED_FACE('',(#409),#482,.F.);
#409 = FACE_BOUND('',#410,.F.);
#410 = EDGE_LOOP('',(#411,#421,#429,#437,#443,#444,#452,#460,#468,#476)
  );
#411 = ORIENTED_EDGE('',*,*,#412,.F.);
#412 = EDGE_CURVE('',#413,#415,#417,.T.);
#413 = VERTEX_POINT('',#414);
#414 = CARTESIAN_POINT('',(-3.3,2.3,0.15));
#415 = VERTEX_POINT('',#416);
#416 = CARTESIAN_POINT('',(-3.3,0.325,0.15));
#417 = LINE('',#418,#419);
#418 = CARTESIAN_POINT('',(-3.3,2.3,0.15));
#419 = VECTOR('',#420,1.);
#420 = DIRECTION('',(-1.224646799147E-16,-1.,0.));
#421 = ORIENTED_EDGE('',*,*,#422,.T.);
#422 = EDGE_CURVE('',#413,#423,#425,.T.);
#423 = VERTEX_POINT('',#424);
#424 = CARTESIAN_POINT('',(-3.3,2.3,0.85));
#425 = LINE('',#426,#427);
#426 = CARTESIAN_POINT('',(-3.3,2.3,0.15));
#427 = VECTOR('',#428,1.);
#428 = DIRECTION('',(0.,0.,1.));
#429 = ORIENTED_EDGE('',*,*,#430,.T.);
#430 = EDGE_CURVE('',#423,#431,#433,.T.);
#431 = VERTEX_POINT('',#432);
#432 = CARTESIAN_POINT('',(-3.3,0.576628129734,0.85));
#433 = LINE('',#434,#435);
#434 = CARTESIAN_POINT('',(-3.3,3.3,0.85));
#435 = VECTOR('',#436,1.);
#436 = DIRECTION('',(-1.224646799147E-16,-1.,0.));
#437 = ORIENTED_EDGE('',*,*,#438,.T.);
#438 = EDGE_CURVE('',#431,#294,#439,.T.);
#439 = LINE('',#440,#441);
#440 = CARTESIAN_POINT('',(-3.3,0.576628129734,0.65));
#441 = VECTOR('',#442,1.);
#442 = DIRECTION('',(0.,0.,-1.));
#443 = ORIENTED_EDGE('',*,*,#293,.T.);
#444 = ORIENTED_EDGE('',*,*,#445,.F.);
#445 = EDGE_CURVE('',#446,#296,#448,.T.);
#446 = VERTEX_POINT('',#447);
#447 = CARTESIAN_POINT('',(-3.3,-0.576628129734,0.85));
#448 = LINE('',#449,#450);
#449 = CARTESIAN_POINT('',(-3.3,-0.576628129734,0.65));
#450 = VECTOR('',#451,1.);
#451 = DIRECTION('',(0.,0.,-1.));
#452 = ORIENTED_EDGE('',*,*,#453,.T.);
#453 = EDGE_CURVE('',#446,#454,#456,.T.);
#454 = VERTEX_POINT('',#455);
#455 = CARTESIAN_POINT('',(-3.3,-2.3,0.85));
#456 = LINE('',#457,#458);
#457 = CARTESIAN_POINT('',(-3.3,3.3,0.85));
#458 = VECTOR('',#459,1.);
#459 = DIRECTION('',(-1.224646799147E-16,-1.,0.));
#460 = ORIENTED_EDGE('',*,*,#461,.F.);
#461 = EDGE_CURVE('',#462,#454,#464,.T.);
#462 = VERTEX_POINT('',#463);
#463 = CARTESIAN_POINT('',(-3.3,-2.3,0.15));
#464 = LINE('',#465,#466);
#465 = CARTESIAN_POINT('',(-3.3,-2.3,0.15));
#466 = VECTOR('',#467,1.);
#467 = DIRECTION('',(0.,0.,1.));
#468 = ORIENTED_EDGE('',*,*,#469,.F.);
#469 = EDGE_CURVE('',#470,#462,#472,.T.);
#470 = VERTEX_POINT('',#471);
#471 = CARTESIAN_POINT('',(-3.3,-0.325,0.15));
#472 = LINE('',#473,#474);
#473 = CARTESIAN_POINT('',(-3.3,2.3,0.15));
#474 = VECTOR('',#475,1.);
#475 = DIRECTION('',(-1.224646799147E-16,-1.,0.));
#476 = ORIENTED_EDGE('',*,*,#477,.F.);
#477 = EDGE_CURVE('',#415,#470,#478,.T.);
#478 = LINE('',#479,#480);
#479 = CARTESIAN_POINT('',(-3.3,2.3,0.15));
#480 = VECTOR('',#481,1.);
#481 = DIRECTION('',(-1.224646799147E-16,-1.,0.));
#482 = PLANE('',#483);
#483 = AXIS2_PLACEMENT_3D('',#484,#485,#486);
#484 = CARTESIAN_POINT('',(-3.3,2.3,0.15));
#485 = DIRECTION('',(1.,-1.224646799147E-16,0.));
#486 = DIRECTION('',(-1.224646799147E-16,-1.,0.));
#487 = ADVANCED_FACE('',(#488),#507,.F.);
#488 = FACE_BOUND('',#489,.F.);
#489 = EDGE_LOOP('',(#490,#498,#499,#500));
#490 = ORIENTED_EDGE('',*,*,#491,.T.);
#491 = EDGE_CURVE('',#492,#347,#494,.T.);
#492 = VERTEX_POINT('',#493);
#493 = CARTESIAN_POINT('',(-0.576628129734,3.3,0.85));
#494 = LINE('',#495,#496);
#495 = CARTESIAN_POINT('',(-0.576628129734,3.3,0.65));
#496 = VECTOR('',#497,1.);
#497 = DIRECTION('',(0.,0.,-1.));
#498 = ORIENTED_EDGE('',*,*,#354,.T.);
#499 = ORIENTED_EDGE('',*,*,#438,.F.);
#500 = ORIENTED_EDGE('',*,*,#501,.T.);
#501 = EDGE_CURVE('',#431,#492,#502,.T.);
#502 = CIRCLE('',#503,3.35);
#503 = AXIS2_PLACEMENT_3D('',#504,#505,#506);
#504 = CARTESIAN_POINT('',(0.,0.,0.85));
#505 = DIRECTION('',(0.,0.,-1.));
#506 = DIRECTION('',(-1.,1.224646799147E-16,0.));
#507 = CYLINDRICAL_SURFACE('',#508,3.35);
#508 = AXIS2_PLACEMENT_3D('',#509,#510,#511);
#509 = CARTESIAN_POINT('',(0.,0.,0.65));
#510 = DIRECTION('',(0.,0.,-1.));
#511 = DIRECTION('',(-1.,1.224646799147E-16,0.));
#512 = ADVANCED_FACE('',(#513),#532,.F.);
#513 = FACE_BOUND('',#514,.F.);
#514 = EDGE_LOOP('',(#515,#523,#530,#531));
#515 = ORIENTED_EDGE('',*,*,#516,.F.);
#516 = EDGE_CURVE('',#517,#304,#519,.T.);
#517 = VERTEX_POINT('',#518);
#518 = CARTESIAN_POINT('',(-0.576628129734,-3.3,0.85));
#519 = LINE('',#520,#521);
#520 = CARTESIAN_POINT('',(-0.576628129734,-3.3,0.65));
#521 = VECTOR('',#522,1.);
#522 = DIRECTION('',(0.,0.,-1.));
#523 = ORIENTED_EDGE('',*,*,#524,.T.);
#524 = EDGE_CURVE('',#517,#446,#525,.T.);
#525 = CIRCLE('',#526,3.35);
#526 = AXIS2_PLACEMENT_3D('',#527,#528,#529);
#527 = CARTESIAN_POINT('',(0.,0.,0.85));
#528 = DIRECTION('',(0.,0.,-1.));
#529 = DIRECTION('',(-1.,1.224646799147E-16,0.));
#530 = ORIENTED_EDGE('',*,*,#445,.T.);
#531 = ORIENTED_EDGE('',*,*,#303,.T.);
#532 = CYLINDRICAL_SURFACE('',#533,3.35);
#533 = AXIS2_PLACEMENT_3D('',#534,#535,#536);
#534 = CARTESIAN_POINT('',(0.,0.,0.65));
#535 = DIRECTION('',(0.,0.,-1.));
#536 = DIRECTION('',(-1.,1.224646799147E-16,0.));
#537 = ADVANCED_FACE('',(#538),#588,.F.);
#538 = FACE_BOUND('',#539,.F.);
#539 = EDGE_LOOP('',(#540,#550,#558,#566,#572,#573,#574,#582));
#540 = ORIENTED_EDGE('',*,*,#541,.F.);
#541 = EDGE_CURVE('',#542,#544,#546,.T.);
#542 = VERTEX_POINT('',#543);
#543 = CARTESIAN_POINT('',(2.9,3.3,0.15));
#544 = VERTEX_POINT('',#545);
#545 = CARTESIAN_POINT('',(-2.3,3.3,0.15));
#546 = LINE('',#547,#548);
#547 = CARTESIAN_POINT('',(3.3,3.3,0.15));
#548 = VECTOR('',#549,1.);
#549 = DIRECTION('',(-1.,1.224646799147E-16,0.));
#550 = ORIENTED_EDGE('',*,*,#551,.T.);
#551 = EDGE_CURVE('',#542,#552,#554,.T.);
#552 = VERTEX_POINT('',#553);
#553 = CARTESIAN_POINT('',(2.9,3.3,1.15));
#554 = LINE('',#555,#556);
#555 = CARTESIAN_POINT('',(2.9,3.3,0.15));
#556 = VECTOR('',#557,1.);
#557 = DIRECTION('',(0.,0.,1.));
#558 = ORIENTED_EDGE('',*,*,#559,.T.);
#559 = EDGE_CURVE('',#552,#560,#562,.T.);
#560 = VERTEX_POINT('',#561);
#561 = CARTESIAN_POINT('',(0.576628129734,3.3,1.15));
#562 = LINE('',#563,#564);
#563 = CARTESIAN_POINT('',(3.3,3.3,1.15));
#564 = VECTOR('',#565,1.);
#565 = DIRECTION('',(-1.,1.224646799147E-16,0.));
#566 = ORIENTED_EDGE('',*,*,#567,.T.);
#567 = EDGE_CURVE('',#560,#338,#568,.T.);
#568 = LINE('',#569,#570);
#569 = CARTESIAN_POINT('',(0.576628129734,3.3,0.65));
#570 = VECTOR('',#571,1.);
#571 = DIRECTION('',(0.,0.,-1.));
#572 = ORIENTED_EDGE('',*,*,#346,.T.);
#573 = ORIENTED_EDGE('',*,*,#491,.F.);
#574 = ORIENTED_EDGE('',*,*,#575,.T.);
#575 = EDGE_CURVE('',#492,#576,#578,.T.);
#576 = VERTEX_POINT('',#577);
#577 = CARTESIAN_POINT('',(-2.3,3.3,0.85));
#578 = LINE('',#579,#580);
#579 = CARTESIAN_POINT('',(4.041334437186E-16,3.3,0.85));
#580 = VECTOR('',#581,1.);
#581 = DIRECTION('',(-1.,1.224646799147E-16,0.));
#582 = ORIENTED_EDGE('',*,*,#583,.F.);
#583 = EDGE_CURVE('',#544,#576,#584,.T.);
#584 = LINE('',#585,#586);
#585 = CARTESIAN_POINT('',(-2.3,3.3,0.15));
#586 = VECTOR('',#587,1.);
#587 = DIRECTION('',(0.,0.,1.));
#588 = PLANE('',#589);
#589 = AXIS2_PLACEMENT_3D('',#590,#591,#592);
#590 = CARTESIAN_POINT('',(3.3,3.3,0.15));
#591 = DIRECTION('',(-1.224646799147E-16,-1.,0.));
#592 = DIRECTION('',(-1.,1.224646799147E-16,0.));
#593 = ADVANCED_FACE('',(#594),#644,.F.);
#594 = FACE_BOUND('',#595,.F.);
#595 = EDGE_LOOP('',(#596,#606,#614,#622,#628,#629,#630,#638));
#596 = ORIENTED_EDGE('',*,*,#597,.F.);
#597 = EDGE_CURVE('',#598,#600,#602,.T.);
#598 = VERTEX_POINT('',#599);
#599 = CARTESIAN_POINT('',(2.9,-3.3,0.15));
#600 = VERTEX_POINT('',#601);
#601 = CARTESIAN_POINT('',(2.9,-3.3,1.15));
#602 = LINE('',#603,#604);
#603 = CARTESIAN_POINT('',(2.9,-3.3,0.15));
#604 = VECTOR('',#605,1.);
#605 = DIRECTION('',(0.,0.,1.));
#606 = ORIENTED_EDGE('',*,*,#607,.F.);
#607 = EDGE_CURVE('',#608,#598,#610,.T.);
#608 = VERTEX_POINT('',#609);
#609 = CARTESIAN_POINT('',(-2.3,-3.3,0.15));
#610 = LINE('',#611,#612);
#611 = CARTESIAN_POINT('',(-2.3,-3.3,0.15));
#612 = VECTOR('',#613,1.);
#613 = DIRECTION('',(1.,-1.224646799147E-16,0.));
#614 = ORIENTED_EDGE('',*,*,#615,.T.);
#615 = EDGE_CURVE('',#608,#616,#618,.T.);
#616 = VERTEX_POINT('',#617);
#617 = CARTESIAN_POINT('',(-2.3,-3.3,0.85));
#618 = LINE('',#619,#620);
#619 = CARTESIAN_POINT('',(-2.3,-3.3,0.15));
#620 = VECTOR('',#621,1.);
#621 = DIRECTION('',(0.,0.,1.));
#622 = ORIENTED_EDGE('',*,*,#623,.F.);
#623 = EDGE_CURVE('',#517,#616,#624,.T.);
#624 = LINE('',#625,#626);
#625 = CARTESIAN_POINT('',(-4.041334437186E-16,-3.3,0.85));
#626 = VECTOR('',#627,1.);
#627 = DIRECTION('',(-1.,1.224646799147E-16,0.));
#628 = ORIENTED_EDGE('',*,*,#516,.T.);
#629 = ORIENTED_EDGE('',*,*,#312,.T.);
#630 = ORIENTED_EDGE('',*,*,#631,.F.);
#631 = EDGE_CURVE('',#632,#313,#634,.T.);
#632 = VERTEX_POINT('',#633);
#633 = CARTESIAN_POINT('',(0.576628129734,-3.3,1.15));
#634 = LINE('',#635,#636);
#635 = CARTESIAN_POINT('',(0.576628129734,-3.3,0.65));
#636 = VECTOR('',#637,1.);
#637 = DIRECTION('',(0.,0.,-1.));
#638 = ORIENTED_EDGE('',*,*,#639,.T.);
#639 = EDGE_CURVE('',#632,#600,#640,.T.);
#640 = LINE('',#641,#642);
#641 = CARTESIAN_POINT('',(-2.3,-3.3,1.15));
#642 = VECTOR('',#643,1.);
#643 = DIRECTION('',(1.,-1.224646799147E-16,0.));
#644 = PLANE('',#645);
#645 = AXIS2_PLACEMENT_3D('',#646,#647,#648);
#646 = CARTESIAN_POINT('',(-2.3,-3.3,0.15));
#647 = DIRECTION('',(1.224646799147E-16,1.,0.));
#648 = DIRECTION('',(1.,-1.224646799147E-16,0.));
#649 = ADVANCED_FACE('',(#650),#669,.F.);
#650 = FACE_BOUND('',#651,.F.);
#651 = EDGE_LOOP('',(#652,#661,#667,#668));
#652 = ORIENTED_EDGE('',*,*,#653,.F.);
#653 = EDGE_CURVE('',#654,#560,#656,.T.);
#654 = VERTEX_POINT('',#655);
#655 = CARTESIAN_POINT('',(3.3,0.576628129734,1.15));
#656 = CIRCLE('',#657,3.35);
#657 = AXIS2_PLACEMENT_3D('',#658,#659,#660);
#658 = CARTESIAN_POINT('',(0.,0.,1.15));
#659 = DIRECTION('',(0.,0.,1.));
#660 = DIRECTION('',(-1.,1.224646799147E-16,0.));
#661 = ORIENTED_EDGE('',*,*,#662,.T.);
#662 = EDGE_CURVE('',#654,#330,#663,.T.);
#663 = LINE('',#664,#665);
#664 = CARTESIAN_POINT('',(3.3,0.576628129734,0.65));
#665 = VECTOR('',#666,1.);
#666 = DIRECTION('',(0.,0.,-1.));
#667 = ORIENTED_EDGE('',*,*,#337,.T.);
#668 = ORIENTED_EDGE('',*,*,#567,.F.);
#669 = CYLINDRICAL_SURFACE('',#670,3.35);
#670 = AXIS2_PLACEMENT_3D('',#671,#672,#673);
#671 = CARTESIAN_POINT('',(0.,0.,0.65));
#672 = DIRECTION('',(0.,0.,-1.));
#673 = DIRECTION('',(-1.,1.224646799147E-16,0.));
#674 = ADVANCED_FACE('',(#675),#694,.F.);
#675 = FACE_BOUND('',#676,.F.);
#676 = EDGE_LOOP('',(#677,#685,#692,#693));
#677 = ORIENTED_EDGE('',*,*,#678,.F.);
#678 = EDGE_CURVE('',#679,#321,#681,.T.);
#679 = VERTEX_POINT('',#680);
#680 = CARTESIAN_POINT('',(3.3,-0.576628129734,1.15));
#681 = LINE('',#682,#683);
#682 = CARTESIAN_POINT('',(3.3,-0.576628129734,0.65));
#683 = VECTOR('',#684,1.);
#684 = DIRECTION('',(0.,0.,-1.));
#685 = ORIENTED_EDGE('',*,*,#686,.F.);
#686 = EDGE_CURVE('',#632,#679,#687,.T.);
#687 = CIRCLE('',#688,3.35);
#688 = AXIS2_PLACEMENT_3D('',#689,#690,#691);
#689 = CARTESIAN_POINT('',(0.,0.,1.15));
#690 = DIRECTION('',(0.,0.,1.));
#691 = DIRECTION('',(-1.,1.224646799147E-16,0.));
#692 = ORIENTED_EDGE('',*,*,#631,.T.);
#693 = ORIENTED_EDGE('',*,*,#320,.T.);
#694 = CYLINDRICAL_SURFACE('',#695,3.35);
#695 = AXIS2_PLACEMENT_3D('',#696,#697,#698);
#696 = CARTESIAN_POINT('',(0.,0.,0.65));
#697 = DIRECTION('',(0.,0.,-1.));
#698 = DIRECTION('',(-1.,1.224646799147E-16,0.));
#699 = ADVANCED_FACE('',(#700),#759,.F.);
#700 = FACE_BOUND('',#701,.F.);
#701 = EDGE_LOOP('',(#702,#712,#720,#726,#727,#728,#729,#737,#745,#753)
  );
#702 = ORIENTED_EDGE('',*,*,#703,.F.);
#703 = EDGE_CURVE('',#704,#706,#708,.T.);
#704 = VERTEX_POINT('',#705);
#705 = CARTESIAN_POINT('',(3.3,-2.9,0.15));
#706 = VERTEX_POINT('',#707);
#707 = CARTESIAN_POINT('',(3.3,-0.325,0.15));
#708 = LINE('',#709,#710);
#709 = CARTESIAN_POINT('',(3.3,-3.3,0.15));
#710 = VECTOR('',#711,1.);
#711 = DIRECTION('',(1.224646799147E-16,1.,0.));
#712 = ORIENTED_EDGE('',*,*,#713,.T.);
#713 = EDGE_CURVE('',#704,#714,#716,.T.);
#714 = VERTEX_POINT('',#715);
#715 = CARTESIAN_POINT('',(3.3,-2.9,1.15));
#716 = LINE('',#717,#718);
#717 = CARTESIAN_POINT('',(3.3,-2.9,0.15));
#718 = VECTOR('',#719,1.);
#719 = DIRECTION('',(0.,0.,1.));
#720 = ORIENTED_EDGE('',*,*,#721,.T.);
#721 = EDGE_CURVE('',#714,#679,#722,.T.);
#722 = LINE('',#723,#724);
#723 = CARTESIAN_POINT('',(3.3,-3.3,1.15));
#724 = VECTOR('',#725,1.);
#725 = DIRECTION('',(1.224646799147E-16,1.,0.));
#726 = ORIENTED_EDGE('',*,*,#678,.T.);
#727 = ORIENTED_EDGE('',*,*,#329,.T.);
#728 = ORIENTED_EDGE('',*,*,#662,.F.);
#729 = ORIENTED_EDGE('',*,*,#730,.T.);
#730 = EDGE_CURVE('',#654,#731,#733,.T.);
#731 = VERTEX_POINT('',#732);
#732 = CARTESIAN_POINT('',(3.3,2.9,1.15));
#733 = LINE('',#734,#735);
#734 = CARTESIAN_POINT('',(3.3,-3.3,1.15));
#735 = VECTOR('',#736,1.);
#736 = DIRECTION('',(1.224646799147E-16,1.,0.));
#737 = ORIENTED_EDGE('',*,*,#738,.F.);
#738 = EDGE_CURVE('',#739,#731,#741,.T.);
#739 = VERTEX_POINT('',#740);
#740 = CARTESIAN_POINT('',(3.3,2.9,0.15));
#741 = LINE('',#742,#743);
#742 = CARTESIAN_POINT('',(3.3,2.9,0.15));
#743 = VECTOR('',#744,1.);
#744 = DIRECTION('',(0.,0.,1.));
#745 = ORIENTED_EDGE('',*,*,#746,.F.);
#746 = EDGE_CURVE('',#747,#739,#749,.T.);
#747 = VERTEX_POINT('',#748);
#748 = CARTESIAN_POINT('',(3.3,0.325,0.15));
#749 = LINE('',#750,#751);
#750 = CARTESIAN_POINT('',(3.3,-3.3,0.15));
#751 = VECTOR('',#752,1.);
#752 = DIRECTION('',(1.224646799147E-16,1.,0.));
#753 = ORIENTED_EDGE('',*,*,#754,.F.);
#754 = EDGE_CURVE('',#706,#747,#755,.T.);
#755 = LINE('',#756,#757);
#756 = CARTESIAN_POINT('',(3.3,-3.3,0.15));
#757 = VECTOR('',#758,1.);
#758 = DIRECTION('',(1.224646799147E-16,1.,0.));
#759 = PLANE('',#760);
#760 = AXIS2_PLACEMENT_3D('',#761,#762,#763);
#761 = CARTESIAN_POINT('',(3.3,-3.3,0.15));
#762 = DIRECTION('',(-1.,1.224646799147E-16,0.));
#763 = DIRECTION('',(1.224646799147E-16,1.,0.));
#764 = ADVANCED_FACE('',(#765),#794,.T.);
#765 = FACE_BOUND('',#766,.T.);
#766 = EDGE_LOOP('',(#767,#775,#792,#793));
#767 = ORIENTED_EDGE('',*,*,#768,.T.);
#768 = EDGE_CURVE('',#373,#769,#771,.T.);
#769 = VERTEX_POINT('',#770);
#770 = CARTESIAN_POINT('',(-3.15,3.857637417314E-16,2.593398544562));
#771 = ( BOUNDED_CURVE() B_SPLINE_CURVE(2,(#772,#773,#774),
.UNSPECIFIED.,.F.,.F.) B_SPLINE_CURVE_WITH_KNOTS((3,3),(0.,
19.792033717616),.PIECEWISE_BEZIER_KNOTS.) CURVE() 
GEOMETRIC_REPRESENTATION_ITEM() RATIONAL_B_SPLINE_CURVE((1.,
0.738548945876,1.)) REPRESENTATION_ITEM('') );
#772 = CARTESIAN_POINT('',(-3.121363636364,3.822567986248E-16,
    2.562028979904));
#773 = CARTESIAN_POINT('',(-3.15,-4.395309519645E-16,2.564643110293));
#774 = CARTESIAN_POINT('',(-3.15,3.857637417314E-16,2.593398544562));
#775 = ORIENTED_EDGE('',*,*,#776,.T.);
#776 = EDGE_CURVE('',#769,#769,#777,.T.);
#777 = ( BOUNDED_CURVE() B_SPLINE_CURVE(13,(#778,#779,#780,#781,#782,
    #783,#784,#785,#786,#787,#788,#789,#790,#791),.UNSPECIFIED.,.T.,.F.)
 B_SPLINE_CURVE_WITH_KNOTS((1,13,13,1),(-19.79203371761,
    3.914259941243E-16,19.792033717616,39.584067435232),.UNSPECIFIED.) 
CURVE() GEOMETRIC_REPRESENTATION_ITEM() RATIONAL_B_SPLINE_CURVE((1.,1.,
    1.000000000001,0.999999999998,1.000000000004,0.999999999994,
    1.000000000007,0.999999999994,1.000000000005,0.999999999997,
1.000000000001,1.,1.,1.)) REPRESENTATION_ITEM('') );
#778 = CARTESIAN_POINT('',(-3.15,3.857637417314E-16,2.593398544562));
#779 = CARTESIAN_POINT('',(-3.150000000001,1.500440617323,2.593398544562
    ));
#780 = CARTESIAN_POINT('',(-2.374522784297,3.035482525996,2.593398544562
    ));
#781 = CARTESIAN_POINT('',(-0.778699260131,4.133102804314,2.593398544562
    ));
#782 = CARTESIAN_POINT('',(1.417356467596,4.301676360904,2.593398544562)
  );
#783 = CARTESIAN_POINT('',(3.314487228421,3.131786890311,2.593398544561)
  );
#784 = CARTESIAN_POINT('',(4.705833357228,1.424009627078,2.593398544562)
  );
#785 = CARTESIAN_POINT('',(4.705833357259,-1.424009627096,2.593398544561
    ));
#786 = CARTESIAN_POINT('',(3.31448722841,-3.131786890279,2.593398544562)
  );
#787 = CARTESIAN_POINT('',(1.417356467592,-4.301676360932,2.593398544562
    ));
#788 = CARTESIAN_POINT('',(-0.778699260122,-4.133102804301,
    2.593398544562));
#789 = CARTESIAN_POINT('',(-2.374522784302,-3.035482525999,
    2.593398544562));
#790 = CARTESIAN_POINT('',(-3.15,-1.500440617323,2.593398544562));
#791 = CARTESIAN_POINT('',(-3.15,3.857637417314E-16,2.593398544562));
#792 = ORIENTED_EDGE('',*,*,#768,.F.);
#793 = ORIENTED_EDGE('',*,*,#383,.F.);
#794 = ( BOUNDED_SURFACE() B_SPLINE_SURFACE(2,13,(
    (#795,#796,#797,#798,#799,#800,#801,#802,#803,#804,#805,#806,#807
      ,#808)
    ,(#809,#810,#811,#812,#813,#814,#815,#816,#817,#818,#819,#820,#821
      ,#822)
    ,(#823,#824,#825,#826,#827,#828,#829,#830,#831,#832,#833,#834,#835
,#836
    )),.UNSPECIFIED.,.F.,.T.,.F.) B_SPLINE_SURFACE_WITH_KNOTS((3,3),(1,
    13,13,1),(0.,19.792033717616),(-19.79203371761,3.914259941243E-16,
    19.792033717616,39.584067435232),.UNSPECIFIED.) 
GEOMETRIC_REPRESENTATION_ITEM() RATIONAL_B_SPLINE_SURFACE((
    (1.,1.,1.000000000001,0.999999999998,1.000000000004,0.999999999994
      ,1.000000000007,0.999999999994,1.000000000005,0.999999999997
      ,1.000000000001,1.,1.,1.)
    ,(0.738548945876,0.738548945876,0.738548945876,0.738548945875
      ,0.738548945878,0.738548945873,0.738548945879,0.738548945873
      ,0.738548945878,0.738548945875,0.738548945877,0.738548945876
      ,0.738548945876,0.738548945876)
    ,(1.,1.,1.000000000001,0.999999999998,1.000000000004,0.999999999994
      ,1.000000000007,0.999999999994,1.000000000005,0.999999999997
,1.000000000001,1.,1.,1.))) REPRESENTATION_ITEM('') SURFACE() );
#795 = CARTESIAN_POINT('',(-3.121363636364,3.822567986248E-16,
    2.562028979904));
#796 = CARTESIAN_POINT('',(-3.121363636364,1.486800248075,2.562028979904
    ));
#797 = CARTESIAN_POINT('',(-2.352936213531,3.007887230306,2.562028979904
    ));
#798 = CARTESIAN_POINT('',(-0.771620175947,4.095529142455,2.562028979904
    ));
#799 = CARTESIAN_POINT('',(1.404471408799,4.262570212172,2.562028979904)
  );
#800 = CARTESIAN_POINT('',(3.284355526347,3.103316100394,2.562028979904)
  );
#801 = CARTESIAN_POINT('',(4.663053053976,1.411064085019,2.562028979904)
  );
#802 = CARTESIAN_POINT('',(4.663053054016,-1.411064085037,2.562028979904
    ));
#803 = CARTESIAN_POINT('',(3.284355526329,-3.103316100364,2.562028979904
    ));
#804 = CARTESIAN_POINT('',(1.404471408799,-4.262570212199,2.562028979904
    ));
#805 = CARTESIAN_POINT('',(-0.771620175941,-4.095529142443,
    2.562028979904));
#806 = CARTESIAN_POINT('',(-2.352936213535,-3.007887230309,
    2.562028979904));
#807 = CARTESIAN_POINT('',(-3.121363636363,-1.486800248074,
    2.562028979904));
#808 = CARTESIAN_POINT('',(-3.121363636364,3.822567986248E-16,
    2.562028979904));
#809 = CARTESIAN_POINT('',(-3.15,-4.395309519645E-16,2.564643110293));
#810 = CARTESIAN_POINT('',(-3.150000000001,1.500440617323,2.564643110293
    ));
#811 = CARTESIAN_POINT('',(-2.374522784295,3.035482525996,2.564643110293
    ));
#812 = CARTESIAN_POINT('',(-0.778699260136,4.133102804312,2.564643110292
    ));
#813 = CARTESIAN_POINT('',(1.41735646761,4.301676360909,2.564643110293)
  );
#814 = CARTESIAN_POINT('',(3.314487228397,3.131786890306,2.564643110292)
  );
#815 = CARTESIAN_POINT('',(4.705833357259,1.424009627081,2.564643110293)
  );
#816 = CARTESIAN_POINT('',(4.705833357228,-1.424009627094,2.564643110292
    ));
#817 = CARTESIAN_POINT('',(3.314487228431,-3.131786890283,2.564643110293
    ));
#818 = CARTESIAN_POINT('',(1.41735646758,-4.301676360929,2.564643110292)
  );
#819 = CARTESIAN_POINT('',(-0.778699260117,-4.133102804302,
    2.564643110293));
#820 = CARTESIAN_POINT('',(-2.374522784304,-3.035482525999,
    2.564643110293));
#821 = CARTESIAN_POINT('',(-3.149999999999,-1.500440617323,
    2.564643110293));
#822 = CARTESIAN_POINT('',(-3.15,-4.395309519645E-16,2.564643110293));
#823 = CARTESIAN_POINT('',(-3.15,3.857637417314E-16,2.593398544562));
#824 = CARTESIAN_POINT('',(-3.150000000001,1.500440617323,2.593398544562
    ));
#825 = CARTESIAN_POINT('',(-2.374522784297,3.035482525996,2.593398544562
    ));
#826 = CARTESIAN_POINT('',(-0.778699260131,4.133102804314,2.593398544562
    ));
#827 = CARTESIAN_POINT('',(1.417356467596,4.301676360904,2.593398544562)
  );
#828 = CARTESIAN_POINT('',(3.314487228421,3.131786890311,2.593398544561)
  );
#829 = CARTESIAN_POINT('',(4.705833357228,1.424009627078,2.593398544562)
  );
#830 = CARTESIAN_POINT('',(4.705833357259,-1.424009627096,2.593398544561
    ));
#831 = CARTESIAN_POINT('',(3.31448722841,-3.131786890279,2.593398544562)
  );
#832 = CARTESIAN_POINT('',(1.417356467592,-4.301676360932,2.593398544562
    ));
#833 = CARTESIAN_POINT('',(-0.778699260122,-4.133102804301,
    2.593398544562));
#834 = CARTESIAN_POINT('',(-2.374522784302,-3.035482525999,
    2.593398544562));
#835 = CARTESIAN_POINT('',(-3.15,-1.500440617323,2.593398544562));
#836 = CARTESIAN_POINT('',(-3.15,3.857637417314E-16,2.593398544562));
#837 = ADVANCED_FACE('',(#838),#918,.F.);
#838 = FACE_BOUND('',#839,.F.);
#839 = EDGE_LOOP('',(#840,#847,#848,#856,#865,#871,#872,#879,#880,#886,
    #887,#895,#904,#910,#911,#917));
#840 = ORIENTED_EDGE('',*,*,#841,.F.);
#841 = EDGE_CURVE('',#704,#598,#842,.T.);
#842 = CIRCLE('',#843,0.4);
#843 = AXIS2_PLACEMENT_3D('',#844,#845,#846);
#844 = CARTESIAN_POINT('',(2.9,-2.9,0.15));
#845 = DIRECTION('',(0.,0.,-1.));
#846 = DIRECTION('',(1.224646799147E-16,1.,0.));
#847 = ORIENTED_EDGE('',*,*,#703,.T.);
#848 = ORIENTED_EDGE('',*,*,#849,.F.);
#849 = EDGE_CURVE('',#850,#706,#852,.T.);
#850 = VERTEX_POINT('',#851);
#851 = CARTESIAN_POINT('',(1.225,-0.325,0.15));
#852 = LINE('',#853,#854);
#853 = CARTESIAN_POINT('',(1.225,-0.325,0.15));
#854 = VECTOR('',#855,1.);
#855 = DIRECTION('',(1.,-2.656811920655E-16,0.));
#856 = ORIENTED_EDGE('',*,*,#857,.F.);
#857 = EDGE_CURVE('',#858,#850,#860,.T.);
#858 = VERTEX_POINT('',#859);
#859 = CARTESIAN_POINT('',(1.225,0.325,0.15));
#860 = CIRCLE('',#861,0.325);
#861 = AXIS2_PLACEMENT_3D('',#862,#863,#864);
#862 = CARTESIAN_POINT('',(1.225,-3.000384657911E-16,0.15));
#863 = DIRECTION('',(0.,-0.,1.));
#864 = DIRECTION('',(9.281435288296E-16,1.,0.));
#865 = ORIENTED_EDGE('',*,*,#866,.F.);
#866 = EDGE_CURVE('',#747,#858,#867,.T.);
#867 = LINE('',#868,#869);
#868 = CARTESIAN_POINT('',(3.9,0.325,0.15));
#869 = VECTOR('',#870,1.);
#870 = DIRECTION('',(-1.,2.449293598295E-16,0.));
#871 = ORIENTED_EDGE('',*,*,#746,.T.);
#872 = ORIENTED_EDGE('',*,*,#873,.F.);
#873 = EDGE_CURVE('',#542,#739,#874,.T.);
#874 = CIRCLE('',#875,0.4);
#875 = AXIS2_PLACEMENT_3D('',#876,#877,#878);
#876 = CARTESIAN_POINT('',(2.9,2.9,0.15));
#877 = DIRECTION('',(0.,0.,-1.));
#878 = DIRECTION('',(1.224646799147E-16,1.,0.));
#879 = ORIENTED_EDGE('',*,*,#541,.T.);
#880 = ORIENTED_EDGE('',*,*,#881,.T.);
#881 = EDGE_CURVE('',#544,#413,#882,.T.);
#882 = LINE('',#883,#884);
#883 = CARTESIAN_POINT('',(-2.3,3.3,0.15));
#884 = VECTOR('',#885,1.);
#885 = DIRECTION('',(-0.707106781187,-0.707106781187,0.));
#886 = ORIENTED_EDGE('',*,*,#412,.T.);
#887 = ORIENTED_EDGE('',*,*,#888,.F.);
#888 = EDGE_CURVE('',#889,#415,#891,.T.);
#889 = VERTEX_POINT('',#890);
#890 = CARTESIAN_POINT('',(-1.225,0.325,0.15));
#891 = LINE('',#892,#893);
#892 = CARTESIAN_POINT('',(-1.225,0.325,0.15));
#893 = VECTOR('',#894,1.);
#894 = DIRECTION('',(-1.,1.432165121507E-16,0.));
#895 = ORIENTED_EDGE('',*,*,#896,.F.);
#896 = EDGE_CURVE('',#897,#889,#899,.T.);
#897 = VERTEX_POINT('',#898);
#898 = CARTESIAN_POINT('',(-1.225,-0.325,0.15));
#899 = CIRCLE('',#900,0.325);
#900 = AXIS2_PLACEMENT_3D('',#901,#902,#903);
#901 = CARTESIAN_POINT('',(-1.225,1.500192328956E-16,0.15));
#902 = DIRECTION('',(0.,0.,1.));
#903 = DIRECTION('',(-8.056788489148E-16,-1.,0.));
#904 = ORIENTED_EDGE('',*,*,#905,.F.);
#905 = EDGE_CURVE('',#470,#897,#906,.T.);
#906 = LINE('',#907,#908);
#907 = CARTESIAN_POINT('',(-3.9,-0.325,0.15));
#908 = VECTOR('',#909,1.);
#909 = DIRECTION('',(1.,-1.224646799147E-16,0.));
#910 = ORIENTED_EDGE('',*,*,#469,.T.);
#911 = ORIENTED_EDGE('',*,*,#912,.T.);
#912 = EDGE_CURVE('',#462,#608,#913,.T.);
#913 = LINE('',#914,#915);
#914 = CARTESIAN_POINT('',(-3.3,-2.3,0.15));
#915 = VECTOR('',#916,1.);
#916 = DIRECTION('',(0.707106781187,-0.707106781187,0.));
#917 = ORIENTED_EDGE('',*,*,#607,.T.);
#918 = PLANE('',#919);
#919 = AXIS2_PLACEMENT_3D('',#920,#921,#922);
#920 = CARTESIAN_POINT('',(0.169665910187,-2.077808138351E-17,0.15));
#921 = DIRECTION('',(0.,0.,1.));
#922 = DIRECTION('',(-1.,1.224646799147E-16,0.));
#923 = ADVANCED_FACE('',(#924),#935,.F.);
#924 = FACE_BOUND('',#925,.F.);
#925 = EDGE_LOOP('',(#926,#927,#928,#934));
#926 = ORIENTED_EDGE('',*,*,#881,.F.);
#927 = ORIENTED_EDGE('',*,*,#583,.T.);
#928 = ORIENTED_EDGE('',*,*,#929,.T.);
#929 = EDGE_CURVE('',#576,#423,#930,.T.);
#930 = LINE('',#931,#932);
#931 = CARTESIAN_POINT('',(-1.725,3.875,0.85));
#932 = VECTOR('',#933,1.);
#933 = DIRECTION('',(-0.707106781187,-0.707106781187,0.));
#934 = ORIENTED_EDGE('',*,*,#422,.F.);
#935 = PLANE('',#936);
#936 = AXIS2_PLACEMENT_3D('',#937,#938,#939);
#937 = CARTESIAN_POINT('',(-2.3,3.3,0.15));
#938 = DIRECTION('',(0.707106781187,-0.707106781187,0.));
#939 = DIRECTION('',(-0.707106781187,-0.707106781187,0.));
#940 = ADVANCED_FACE('',(#941),#966,.T.);
#941 = FACE_BOUND('',#942,.T.);
#942 = EDGE_LOOP('',(#943,#951,#959,#965));
#943 = ORIENTED_EDGE('',*,*,#944,.T.);
#944 = EDGE_CURVE('',#415,#945,#947,.T.);
#945 = VERTEX_POINT('',#946);
#946 = CARTESIAN_POINT('',(-3.9,0.325,0.15));
#947 = LINE('',#948,#949);
#948 = CARTESIAN_POINT('',(-1.225,0.325,0.15));
#949 = VECTOR('',#950,1.);
#950 = DIRECTION('',(-1.,1.432165121507E-16,0.));
#951 = ORIENTED_EDGE('',*,*,#952,.T.);
#952 = EDGE_CURVE('',#945,#953,#955,.T.);
#953 = VERTEX_POINT('',#954);
#954 = CARTESIAN_POINT('',(-3.9,-0.325,0.15));
#955 = LINE('',#956,#957);
#956 = CARTESIAN_POINT('',(-3.9,0.325,0.15));
#957 = VECTOR('',#958,1.);
#958 = DIRECTION('',(-1.224646799147E-16,-1.,0.));
#959 = ORIENTED_EDGE('',*,*,#960,.T.);
#960 = EDGE_CURVE('',#953,#470,#961,.T.);
#961 = LINE('',#962,#963);
#962 = CARTESIAN_POINT('',(-3.9,-0.325,0.15));
#963 = VECTOR('',#964,1.);
#964 = DIRECTION('',(1.,-1.224646799147E-16,0.));
#965 = ORIENTED_EDGE('',*,*,#477,.F.);
#966 = PLANE('',#967);
#967 = AXIS2_PLACEMENT_3D('',#968,#969,#970);
#968 = CARTESIAN_POINT('',(-2.47395012666,2.870543344061E-16,0.15));
#969 = DIRECTION('',(0.,0.,1.));
#970 = DIRECTION('',(-1.,1.224646799147E-16,0.));
#971 = ADVANCED_FACE('',(#972),#978,.T.);
#972 = FACE_BOUND('',#973,.T.);
#973 = EDGE_LOOP('',(#974,#975,#976,#977));
#974 = ORIENTED_EDGE('',*,*,#501,.T.);
#975 = ORIENTED_EDGE('',*,*,#575,.T.);
#976 = ORIENTED_EDGE('',*,*,#929,.T.);
#977 = ORIENTED_EDGE('',*,*,#430,.T.);
#978 = PLANE('',#979);
#979 = AXIS2_PLACEMENT_3D('',#980,#981,#982);
#980 = CARTESIAN_POINT('',(4.041334437186E-16,3.3,0.85));
#981 = DIRECTION('',(0.,0.,1.));
#982 = DIRECTION('',(-1.,1.224646799147E-16,0.));
#983 = ADVANCED_FACE('',(#984),#995,.F.);
#984 = FACE_BOUND('',#985,.F.);
#985 = EDGE_LOOP('',(#986,#987,#988,#994));
#986 = ORIENTED_EDGE('',*,*,#912,.F.);
#987 = ORIENTED_EDGE('',*,*,#461,.T.);
#988 = ORIENTED_EDGE('',*,*,#989,.T.);
#989 = EDGE_CURVE('',#454,#616,#990,.T.);
#990 = LINE('',#991,#992);
#991 = CARTESIAN_POINT('',(-3.875,-1.725,0.85));
#992 = VECTOR('',#993,1.);
#993 = DIRECTION('',(0.707106781187,-0.707106781187,0.));
#994 = ORIENTED_EDGE('',*,*,#615,.F.);
#995 = PLANE('',#996);
#996 = AXIS2_PLACEMENT_3D('',#997,#998,#999);
#997 = CARTESIAN_POINT('',(-3.3,-2.3,0.15));
#998 = DIRECTION('',(0.707106781187,0.707106781187,0.));
#999 = DIRECTION('',(0.707106781187,-0.707106781187,0.));
#1000 = ADVANCED_FACE('',(#1001),#1007,.T.);
#1001 = FACE_BOUND('',#1002,.T.);
#1002 = EDGE_LOOP('',(#1003,#1004,#1005,#1006));
#1003 = ORIENTED_EDGE('',*,*,#623,.F.);
#1004 = ORIENTED_EDGE('',*,*,#524,.T.);
#1005 = ORIENTED_EDGE('',*,*,#453,.T.);
#1006 = ORIENTED_EDGE('',*,*,#989,.T.);
#1007 = PLANE('',#1008);
#1008 = AXIS2_PLACEMENT_3D('',#1009,#1010,#1011);
#1009 = CARTESIAN_POINT('',(4.041334437186E-16,3.3,0.85));
#1010 = DIRECTION('',(0.,0.,1.));
#1011 = DIRECTION('',(-1.,1.224646799147E-16,0.));
#1012 = ADVANCED_FACE('',(#1013),#1025,.T.);
#1013 = FACE_BOUND('',#1014,.T.);
#1014 = EDGE_LOOP('',(#1015,#1016,#1017,#1024));
#1015 = ORIENTED_EDGE('',*,*,#653,.F.);
#1016 = ORIENTED_EDGE('',*,*,#730,.T.);
#1017 = ORIENTED_EDGE('',*,*,#1018,.F.);
#1018 = EDGE_CURVE('',#552,#731,#1019,.T.);
#1019 = CIRCLE('',#1020,0.4);
#1020 = AXIS2_PLACEMENT_3D('',#1021,#1022,#1023);
#1021 = CARTESIAN_POINT('',(2.9,2.9,1.15));
#1022 = DIRECTION('',(0.,0.,-1.));
#1023 = DIRECTION('',(1.224646799147E-16,1.,0.));
#1024 = ORIENTED_EDGE('',*,*,#559,.T.);
#1025 = PLANE('',#1026);
#1026 = AXIS2_PLACEMENT_3D('',#1027,#1028,#1029);
#1027 = CARTESIAN_POINT('',(0.169665910187,-2.077808138351E-17,1.15));
#1028 = DIRECTION('',(0.,0.,1.));
#1029 = DIRECTION('',(-1.,1.224646799147E-16,0.));
#1030 = ADVANCED_FACE('',(#1031),#1037,.T.);
#1031 = FACE_BOUND('',#1032,.T.);
#1032 = EDGE_LOOP('',(#1033,#1034,#1035,#1036));
#1033 = ORIENTED_EDGE('',*,*,#551,.T.);
#1034 = ORIENTED_EDGE('',*,*,#1018,.T.);
#1035 = ORIENTED_EDGE('',*,*,#738,.F.);
#1036 = ORIENTED_EDGE('',*,*,#873,.F.);
#1037 = CYLINDRICAL_SURFACE('',#1038,0.4);
#1038 = AXIS2_PLACEMENT_3D('',#1039,#1040,#1041);
#1039 = CARTESIAN_POINT('',(2.9,2.9,0.15));
#1040 = DIRECTION('',(0.,0.,1.));
#1041 = DIRECTION('',(1.224646799147E-16,1.,-0.));
#1042 = ADVANCED_FACE('',(#1043),#1055,.T.);
#1043 = FACE_BOUND('',#1044,.T.);
#1044 = EDGE_LOOP('',(#1045,#1046,#1053,#1054));
#1045 = ORIENTED_EDGE('',*,*,#713,.T.);
#1046 = ORIENTED_EDGE('',*,*,#1047,.T.);
#1047 = EDGE_CURVE('',#714,#600,#1048,.T.);
#1048 = CIRCLE('',#1049,0.4);
#1049 = AXIS2_PLACEMENT_3D('',#1050,#1051,#1052);
#1050 = CARTESIAN_POINT('',(2.9,-2.9,1.15));
#1051 = DIRECTION('',(0.,0.,-1.));
#1052 = DIRECTION('',(1.224646799147E-16,1.,0.));
#1053 = ORIENTED_EDGE('',*,*,#597,.F.);
#1054 = ORIENTED_EDGE('',*,*,#841,.F.);
#1055 = CYLINDRICAL_SURFACE('',#1056,0.4);
#1056 = AXIS2_PLACEMENT_3D('',#1057,#1058,#1059);
#1057 = CARTESIAN_POINT('',(2.9,-2.9,0.15));
#1058 = DIRECTION('',(0.,0.,1.));
#1059 = DIRECTION('',(1.,-1.224646799147E-16,0.));
#1060 = ADVANCED_FACE('',(#1061),#1067,.T.);
#1061 = FACE_BOUND('',#1062,.T.);
#1062 = EDGE_LOOP('',(#1063,#1064,#1065,#1066));
#1063 = ORIENTED_EDGE('',*,*,#1047,.F.);
#1064 = ORIENTED_EDGE('',*,*,#721,.T.);
#1065 = ORIENTED_EDGE('',*,*,#686,.F.);
#1066 = ORIENTED_EDGE('',*,*,#639,.T.);
#1067 = PLANE('',#1068);
#1068 = AXIS2_PLACEMENT_3D('',#1069,#1070,#1071);
#1069 = CARTESIAN_POINT('',(0.169665910187,-2.077808138351E-17,1.15));
#1070 = DIRECTION('',(0.,0.,1.));
#1071 = DIRECTION('',(-1.,1.224646799147E-16,0.));
#1072 = ADVANCED_FACE('',(#1073),#1098,.T.);
#1073 = FACE_BOUND('',#1074,.T.);
#1074 = EDGE_LOOP('',(#1075,#1083,#1091,#1097));
#1075 = ORIENTED_EDGE('',*,*,#1076,.T.);
#1076 = EDGE_CURVE('',#706,#1077,#1079,.T.);
#1077 = VERTEX_POINT('',#1078);
#1078 = CARTESIAN_POINT('',(3.9,-0.325,0.15));
#1079 = LINE('',#1080,#1081);
#1080 = CARTESIAN_POINT('',(1.225,-0.325,0.15));
#1081 = VECTOR('',#1082,1.);
#1082 = DIRECTION('',(1.,-2.656811920655E-16,0.));
#1083 = ORIENTED_EDGE('',*,*,#1084,.T.);
#1084 = EDGE_CURVE('',#1077,#1085,#1087,.T.);
#1085 = VERTEX_POINT('',#1086);
#1086 = CARTESIAN_POINT('',(3.9,0.325,0.15));
#1087 = LINE('',#1088,#1089);
#1088 = CARTESIAN_POINT('',(3.9,-0.325,0.15));
#1089 = VECTOR('',#1090,1.);
#1090 = DIRECTION('',(2.449293598295E-16,1.,0.));
#1091 = ORIENTED_EDGE('',*,*,#1092,.T.);
#1092 = EDGE_CURVE('',#1085,#747,#1093,.T.);
#1093 = LINE('',#1094,#1095);
#1094 = CARTESIAN_POINT('',(3.9,0.325,0.15));
#1095 = VECTOR('',#1096,1.);
#1096 = DIRECTION('',(-1.,2.449293598295E-16,0.));
#1097 = ORIENTED_EDGE('',*,*,#754,.F.);
#1098 = PLANE('',#1099);
#1099 = AXIS2_PLACEMENT_3D('',#1100,#1101,#1102);
#1100 = CARTESIAN_POINT('',(2.47395012666,-5.900258447925E-16,0.15));
#1101 = DIRECTION('',(0.,0.,1.));
#1102 = DIRECTION('',(1.,-2.449293598295E-16,0.));
#1103 = ADVANCED_FACE('',(#1104),#1150,.T.);
#1104 = FACE_BOUND('',#1105,.T.);
#1105 = EDGE_LOOP('',(#1106,#1107,#1115,#1124,#1133,#1142,#1149));
#1106 = ORIENTED_EDGE('',*,*,#776,.F.);
#1107 = ORIENTED_EDGE('',*,*,#1108,.T.);
#1108 = EDGE_CURVE('',#769,#1109,#1111,.T.);
#1109 = VERTEX_POINT('',#1110);
#1110 = CARTESIAN_POINT('',(-3.15,3.857637417314E-16,7.28));
#1111 = LINE('',#1112,#1113);
#1112 = CARTESIAN_POINT('',(-3.15,3.857637417314E-16,2.563333333333));
#1113 = VECTOR('',#1114,1.);
#1114 = DIRECTION('',(0.,0.,1.));
#1115 = ORIENTED_EDGE('',*,*,#1116,.T.);
#1116 = EDGE_CURVE('',#1109,#1117,#1119,.T.);
#1117 = VERTEX_POINT('',#1118);
#1118 = CARTESIAN_POINT('',(0.945,3.004908484463,7.28));
#1119 = CIRCLE('',#1120,3.15);
#1120 = AXIS2_PLACEMENT_3D('',#1121,#1122,#1123);
#1121 = CARTESIAN_POINT('',(0.,0.,7.28));
#1122 = DIRECTION('',(0.,0.,-1.));
#1123 = DIRECTION('',(-1.,1.224646799147E-16,0.));
#1124 = ORIENTED_EDGE('',*,*,#1125,.T.);
#1125 = EDGE_CURVE('',#1117,#1126,#1128,.T.);
#1126 = VERTEX_POINT('',#1127);
#1127 = CARTESIAN_POINT('',(3.15,3.20055036432E-08,7.28));
#1128 = CIRCLE('',#1129,3.15);
#1129 = AXIS2_PLACEMENT_3D('',#1130,#1131,#1132);
#1130 = CARTESIAN_POINT('',(0.,0.,7.28));
#1131 = DIRECTION('',(0.,0.,-1.));
#1132 = DIRECTION('',(-1.,1.224646799147E-16,0.));
#1133 = ORIENTED_EDGE('',*,*,#1134,.T.);
#1134 = EDGE_CURVE('',#1126,#1135,#1137,.T.);
#1135 = VERTEX_POINT('',#1136);
#1136 = CARTESIAN_POINT('',(0.945,-3.004908484463,7.28));
#1137 = CIRCLE('',#1138,3.15);
#1138 = AXIS2_PLACEMENT_3D('',#1139,#1140,#1141);
#1139 = CARTESIAN_POINT('',(0.,0.,7.28));
#1140 = DIRECTION('',(0.,0.,-1.));
#1141 = DIRECTION('',(-1.,1.224646799147E-16,0.));
#1142 = ORIENTED_EDGE('',*,*,#1143,.T.);
#1143 = EDGE_CURVE('',#1135,#1109,#1144,.T.);
#1144 = CIRCLE('',#1145,3.15);
#1145 = AXIS2_PLACEMENT_3D('',#1146,#1147,#1148);
#1146 = CARTESIAN_POINT('',(0.,0.,7.28));
#1147 = DIRECTION('',(0.,0.,-1.));
#1148 = DIRECTION('',(-1.,1.224646799147E-16,0.));
#1149 = ORIENTED_EDGE('',*,*,#1108,.F.);
#1150 = CYLINDRICAL_SURFACE('',#1151,3.15);
#1151 = AXIS2_PLACEMENT_3D('',#1152,#1153,#1154);
#1152 = CARTESIAN_POINT('',(0.,0.,2.563333333333));
#1153 = DIRECTION('',(0.,0.,1.));
#1154 = DIRECTION('',(-1.,1.224646799147E-16,0.));
#1155 = ADVANCED_FACE('',(#1156),#1182,.F.);
#1156 = FACE_BOUND('',#1157,.F.);
#1157 = EDGE_LOOP('',(#1158,#1166,#1167,#1168,#1176));
#1158 = ORIENTED_EDGE('',*,*,#1159,.T.);
#1159 = EDGE_CURVE('',#1160,#953,#1162,.T.);
#1160 = VERTEX_POINT('',#1161);
#1161 = CARTESIAN_POINT('',(-3.9,-0.325,0.));
#1162 = LINE('',#1163,#1164);
#1163 = CARTESIAN_POINT('',(-3.9,-0.325,0.));
#1164 = VECTOR('',#1165,1.);
#1165 = DIRECTION('',(0.,0.,1.));
#1166 = ORIENTED_EDGE('',*,*,#960,.T.);
#1167 = ORIENTED_EDGE('',*,*,#905,.T.);
#1168 = ORIENTED_EDGE('',*,*,#1169,.F.);
#1169 = EDGE_CURVE('',#1170,#897,#1172,.T.);
#1170 = VERTEX_POINT('',#1171);
#1171 = CARTESIAN_POINT('',(-1.225,-0.325,0.));
#1172 = LINE('',#1173,#1174);
#1173 = CARTESIAN_POINT('',(-1.225,-0.325,0.));
#1174 = VECTOR('',#1175,1.);
#1175 = DIRECTION('',(0.,0.,1.));
#1176 = ORIENTED_EDGE('',*,*,#1177,.F.);
#1177 = EDGE_CURVE('',#1160,#1170,#1178,.T.);
#1178 = LINE('',#1179,#1180);
#1179 = CARTESIAN_POINT('',(-3.9,-0.325,0.));
#1180 = VECTOR('',#1181,1.);
#1181 = DIRECTION('',(1.,-1.224646799147E-16,0.));
#1182 = PLANE('',#1183);
#1183 = AXIS2_PLACEMENT_3D('',#1184,#1185,#1186);
#1184 = CARTESIAN_POINT('',(-3.9,-0.325,0.));
#1185 = DIRECTION('',(1.224646799147E-16,1.,0.));
#1186 = DIRECTION('',(1.,-1.224646799147E-16,0.));
#1187 = ADVANCED_FACE('',(#1188),#1207,.T.);
#1188 = FACE_BOUND('',#1189,.T.);
#1189 = EDGE_LOOP('',(#1190,#1199,#1205,#1206));
#1190 = ORIENTED_EDGE('',*,*,#1191,.T.);
#1191 = EDGE_CURVE('',#1170,#1192,#1194,.T.);
#1192 = VERTEX_POINT('',#1193);
#1193 = CARTESIAN_POINT('',(-1.225,0.325,0.));
#1194 = CIRCLE('',#1195,0.325);
#1195 = AXIS2_PLACEMENT_3D('',#1196,#1197,#1198);
#1196 = CARTESIAN_POINT('',(-1.225,1.500192328956E-16,0.));
#1197 = DIRECTION('',(0.,0.,1.));
#1198 = DIRECTION('',(-8.056788489148E-16,-1.,0.));
#1199 = ORIENTED_EDGE('',*,*,#1200,.T.);
#1200 = EDGE_CURVE('',#1192,#889,#1201,.T.);
#1201 = LINE('',#1202,#1203);
#1202 = CARTESIAN_POINT('',(-1.225,0.325,0.));
#1203 = VECTOR('',#1204,1.);
#1204 = DIRECTION('',(0.,0.,1.));
#1205 = ORIENTED_EDGE('',*,*,#896,.F.);
#1206 = ORIENTED_EDGE('',*,*,#1169,.F.);
#1207 = CYLINDRICAL_SURFACE('',#1208,0.325);
#1208 = AXIS2_PLACEMENT_3D('',#1209,#1210,#1211);
#1209 = CARTESIAN_POINT('',(-1.225,1.500192328956E-16,0.));
#1210 = DIRECTION('',(0.,0.,-1.));
#1211 = DIRECTION('',(-8.056788489148E-16,-1.,-0.));
#1212 = ADVANCED_FACE('',(#1213),#1232,.F.);
#1213 = FACE_BOUND('',#1214,.F.);
#1214 = EDGE_LOOP('',(#1215,#1216,#1217,#1218,#1226));
#1215 = ORIENTED_EDGE('',*,*,#1200,.T.);
#1216 = ORIENTED_EDGE('',*,*,#888,.T.);
#1217 = ORIENTED_EDGE('',*,*,#944,.T.);
#1218 = ORIENTED_EDGE('',*,*,#1219,.F.);
#1219 = EDGE_CURVE('',#1220,#945,#1222,.T.);
#1220 = VERTEX_POINT('',#1221);
#1221 = CARTESIAN_POINT('',(-3.9,0.325,0.));
#1222 = LINE('',#1223,#1224);
#1223 = CARTESIAN_POINT('',(-3.9,0.325,0.));
#1224 = VECTOR('',#1225,1.);
#1225 = DIRECTION('',(0.,0.,1.));
#1226 = ORIENTED_EDGE('',*,*,#1227,.F.);
#1227 = EDGE_CURVE('',#1192,#1220,#1228,.T.);
#1228 = LINE('',#1229,#1230);
#1229 = CARTESIAN_POINT('',(-1.225,0.325,0.));
#1230 = VECTOR('',#1231,1.);
#1231 = DIRECTION('',(-1.,1.432165121507E-16,0.));
#1232 = PLANE('',#1233);
#1233 = AXIS2_PLACEMENT_3D('',#1234,#1235,#1236);
#1234 = CARTESIAN_POINT('',(-1.225,0.325,0.));
#1235 = DIRECTION('',(-1.432165121507E-16,-1.,0.));
#1236 = DIRECTION('',(-1.,1.432165121507E-16,0.));
#1237 = ADVANCED_FACE('',(#1238),#1264,.F.);
#1238 = FACE_BOUND('',#1239,.F.);
#1239 = EDGE_LOOP('',(#1240,#1248,#1249,#1250,#1258));
#1240 = ORIENTED_EDGE('',*,*,#1241,.T.);
#1241 = EDGE_CURVE('',#1242,#1085,#1244,.T.);
#1242 = VERTEX_POINT('',#1243);
#1243 = CARTESIAN_POINT('',(3.9,0.325,0.));
#1244 = LINE('',#1245,#1246);
#1245 = CARTESIAN_POINT('',(3.9,0.325,0.));
#1246 = VECTOR('',#1247,1.);
#1247 = DIRECTION('',(0.,0.,1.));
#1248 = ORIENTED_EDGE('',*,*,#1092,.T.);
#1249 = ORIENTED_EDGE('',*,*,#866,.T.);
#1250 = ORIENTED_EDGE('',*,*,#1251,.F.);
#1251 = EDGE_CURVE('',#1252,#858,#1254,.T.);
#1252 = VERTEX_POINT('',#1253);
#1253 = CARTESIAN_POINT('',(1.225,0.325,0.));
#1254 = LINE('',#1255,#1256);
#1255 = CARTESIAN_POINT('',(1.225,0.325,0.));
#1256 = VECTOR('',#1257,1.);
#1257 = DIRECTION('',(0.,0.,1.));
#1258 = ORIENTED_EDGE('',*,*,#1259,.F.);
#1259 = EDGE_CURVE('',#1242,#1252,#1260,.T.);
#1260 = LINE('',#1261,#1262);
#1261 = CARTESIAN_POINT('',(3.9,0.325,0.));
#1262 = VECTOR('',#1263,1.);
#1263 = DIRECTION('',(-1.,2.449293598295E-16,0.));
#1264 = PLANE('',#1265);
#1265 = AXIS2_PLACEMENT_3D('',#1266,#1267,#1268);
#1266 = CARTESIAN_POINT('',(3.9,0.325,0.));
#1267 = DIRECTION('',(-2.449293598295E-16,-1.,0.));
#1268 = DIRECTION('',(-1.,2.449293598295E-16,0.));
#1269 = ADVANCED_FACE('',(#1270),#1289,.T.);
#1270 = FACE_BOUND('',#1271,.T.);
#1271 = EDGE_LOOP('',(#1272,#1281,#1287,#1288));
#1272 = ORIENTED_EDGE('',*,*,#1273,.T.);
#1273 = EDGE_CURVE('',#1252,#1274,#1276,.T.);
#1274 = VERTEX_POINT('',#1275);
#1275 = CARTESIAN_POINT('',(1.225,-0.325,0.));
#1276 = CIRCLE('',#1277,0.325);
#1277 = AXIS2_PLACEMENT_3D('',#1278,#1279,#1280);
#1278 = CARTESIAN_POINT('',(1.225,-3.000384657911E-16,0.));
#1279 = DIRECTION('',(0.,-0.,1.));
#1280 = DIRECTION('',(9.281435288296E-16,1.,0.));
#1281 = ORIENTED_EDGE('',*,*,#1282,.T.);
#1282 = EDGE_CURVE('',#1274,#850,#1283,.T.);
#1283 = LINE('',#1284,#1285);
#1284 = CARTESIAN_POINT('',(1.225,-0.325,0.));
#1285 = VECTOR('',#1286,1.);
#1286 = DIRECTION('',(0.,0.,1.));
#1287 = ORIENTED_EDGE('',*,*,#857,.F.);
#1288 = ORIENTED_EDGE('',*,*,#1251,.F.);
#1289 = CYLINDRICAL_SURFACE('',#1290,0.325);
#1290 = AXIS2_PLACEMENT_3D('',#1291,#1292,#1293);
#1291 = CARTESIAN_POINT('',(1.225,-3.000384657911E-16,0.));
#1292 = DIRECTION('',(-0.,0.,-1.));
#1293 = DIRECTION('',(9.281435288296E-16,1.,0.));
#1294 = ADVANCED_FACE('',(#1295),#1314,.F.);
#1295 = FACE_BOUND('',#1296,.F.);
#1296 = EDGE_LOOP('',(#1297,#1298,#1299,#1300,#1308));
#1297 = ORIENTED_EDGE('',*,*,#1282,.T.);
#1298 = ORIENTED_EDGE('',*,*,#849,.T.);
#1299 = ORIENTED_EDGE('',*,*,#1076,.T.);
#1300 = ORIENTED_EDGE('',*,*,#1301,.F.);
#1301 = EDGE_CURVE('',#1302,#1077,#1304,.T.);
#1302 = VERTEX_POINT('',#1303);
#1303 = CARTESIAN_POINT('',(3.9,-0.325,0.));
#1304 = LINE('',#1305,#1306);
#1305 = CARTESIAN_POINT('',(3.9,-0.325,0.));
#1306 = VECTOR('',#1307,1.);
#1307 = DIRECTION('',(0.,0.,1.));
#1308 = ORIENTED_EDGE('',*,*,#1309,.F.);
#1309 = EDGE_CURVE('',#1274,#1302,#1310,.T.);
#1310 = LINE('',#1311,#1312);
#1311 = CARTESIAN_POINT('',(1.225,-0.325,0.));
#1312 = VECTOR('',#1313,1.);
#1313 = DIRECTION('',(1.,-2.656811920655E-16,0.));
#1314 = PLANE('',#1315);
#1315 = AXIS2_PLACEMENT_3D('',#1316,#1317,#1318);
#1316 = CARTESIAN_POINT('',(1.225,-0.325,0.));
#1317 = DIRECTION('',(2.656811920655E-16,1.,0.));
#1318 = DIRECTION('',(1.,-2.656811920655E-16,0.));
#1319 = ADVANCED_FACE('',(#1320),#1331,.F.);
#1320 = FACE_BOUND('',#1321,.F.);
#1321 = EDGE_LOOP('',(#1322,#1323,#1324,#1325));
#1322 = ORIENTED_EDGE('',*,*,#1219,.T.);
#1323 = ORIENTED_EDGE('',*,*,#952,.T.);
#1324 = ORIENTED_EDGE('',*,*,#1159,.F.);
#1325 = ORIENTED_EDGE('',*,*,#1326,.F.);
#1326 = EDGE_CURVE('',#1220,#1160,#1327,.T.);
#1327 = LINE('',#1328,#1329);
#1328 = CARTESIAN_POINT('',(-3.9,0.325,0.));
#1329 = VECTOR('',#1330,1.);
#1330 = DIRECTION('',(-1.224646799147E-16,-1.,0.));
#1331 = PLANE('',#1332);
#1332 = AXIS2_PLACEMENT_3D('',#1333,#1334,#1335);
#1333 = CARTESIAN_POINT('',(-3.9,0.325,0.));
#1334 = DIRECTION('',(1.,-1.224646799147E-16,0.));
#1335 = DIRECTION('',(-1.224646799147E-16,-1.,0.));
#1336 = ADVANCED_FACE('',(#1337),#1348,.F.);
#1337 = FACE_BOUND('',#1338,.F.);
#1338 = EDGE_LOOP('',(#1339,#1340,#1341,#1342));
#1339 = ORIENTED_EDGE('',*,*,#1301,.T.);
#1340 = ORIENTED_EDGE('',*,*,#1084,.T.);
#1341 = ORIENTED_EDGE('',*,*,#1241,.F.);
#1342 = ORIENTED_EDGE('',*,*,#1343,.F.);
#1343 = EDGE_CURVE('',#1302,#1242,#1344,.T.);
#1344 = LINE('',#1345,#1346);
#1345 = CARTESIAN_POINT('',(3.9,-0.325,0.));
#1346 = VECTOR('',#1347,1.);
#1347 = DIRECTION('',(2.449293598295E-16,1.,0.));
#1348 = PLANE('',#1349);
#1349 = AXIS2_PLACEMENT_3D('',#1350,#1351,#1352);
#1350 = CARTESIAN_POINT('',(3.9,-0.325,0.));
#1351 = DIRECTION('',(-1.,2.449293598295E-16,0.));
#1352 = DIRECTION('',(2.449293598295E-16,1.,0.));
#1353 = ADVANCED_FACE('',(#1354),#1396,.T.);
#1354 = FACE_BOUND('',#1355,.T.);
#1355 = EDGE_LOOP('',(#1356,#1367,#1388,#1389));
#1356 = ORIENTED_EDGE('',*,*,#1357,.T.);
#1357 = EDGE_CURVE('',#1358,#1360,#1362,.T.);
#1358 = VERTEX_POINT('',#1359);
#1359 = CARTESIAN_POINT('',(-2.73,3.343285761672E-16,7.7));
#1360 = VERTEX_POINT('',#1361);
#1361 = CARTESIAN_POINT('',(0.945,2.561225292707,7.7));
#1362 = CIRCLE('',#1363,2.73);
#1363 = AXIS2_PLACEMENT_3D('',#1364,#1365,#1366);
#1364 = CARTESIAN_POINT('',(0.,0.,7.7));
#1365 = DIRECTION('',(0.,0.,-1.));
#1366 = DIRECTION('',(-1.,1.224646799147E-16,0.));
#1367 = ORIENTED_EDGE('',*,*,#1368,.F.);
#1368 = EDGE_CURVE('',#1117,#1360,#1369,.T.);
#1369 = B_SPLINE_CURVE_WITH_KNOTS('',5,(#1370,#1371,#1372,#1373,#1374,
    #1375,#1376,#1377,#1378,#1379,#1380,#1381,#1382,#1383,#1384,#1385,
    #1386,#1387),.UNSPECIFIED.,.F.,.F.,(6,4,4,4,6),(0.,0.249577466955,
    0.497599275591,0.74730978514,1.),.UNSPECIFIED.);
#1370 = CARTESIAN_POINT('',(0.945,3.004908484463,7.28));
#1371 = CARTESIAN_POINT('',(0.945,3.00490848098,7.313228015972));
#1372 = CARTESIAN_POINT('',(0.945,3.001463821946,7.346456730622));
#1373 = CARTESIAN_POINT('',(0.945,2.994574119979,7.379237505919));
#1374 = CARTESIAN_POINT('',(0.945,2.984338296282,7.411126992482));
#1375 = CARTESIAN_POINT('',(0.945,2.957631160106,7.472127049006));
#1376 = CARTESIAN_POINT('',(0.945,2.941198599864,7.501254840031));
#1377 = CARTESIAN_POINT('',(0.945,2.921827872491,7.528710244247));
#1378 = CARTESIAN_POINT('',(0.945,2.899782785018,7.554145479611));
#1379 = CARTESIAN_POINT('',(0.945,2.850815155175,7.600572655349));
#1380 = CARTESIAN_POINT('',(0.945,2.823859719074,7.62153380299));
#1381 = CARTESIAN_POINT('',(0.945,2.794840653888,7.63987747649));
#1382 = CARTESIAN_POINT('',(0.945,2.764133571656,7.655390822856));
#1383 = CARTESIAN_POINT('',(0.945,2.699757531029,7.680632446489));
#1384 = CARTESIAN_POINT('',(0.945,2.666057065744,7.690289667083));
#1385 = CARTESIAN_POINT('',(0.945,2.631447275386,7.696766294835));
#1386 = CARTESIAN_POINT('',(0.945,2.596359892027,7.699999996714));
#1387 = CARTESIAN_POINT('',(0.945,2.561225292707,7.7));
#1388 = ORIENTED_EDGE('',*,*,#1116,.F.);
#1389 = ORIENTED_EDGE('',*,*,#1390,.T.);
#1390 = EDGE_CURVE('',#1109,#1358,#1391,.T.);
#1391 = CIRCLE('',#1392,0.42);
#1392 = AXIS2_PLACEMENT_3D('',#1393,#1394,#1395);
#1393 = CARTESIAN_POINT('',(-2.73,3.343285761672E-16,7.28));
#1394 = DIRECTION('',(1.224646799147E-16,1.,-0.));
#1395 = DIRECTION('',(-1.,1.224646799147E-16,0.));
#1396 = TOROIDAL_SURFACE('',#1397,2.73,0.42);
#1397 = AXIS2_PLACEMENT_3D('',#1398,#1399,#1400);
#1398 = CARTESIAN_POINT('',(0.,0.,7.28));
#1399 = DIRECTION('',(0.,0.,1.));
#1400 = DIRECTION('',(-1.,1.224646799147E-16,0.));
#1401 = ADVANCED_FACE('',(#1402),#1437,.T.);
#1402 = FACE_BOUND('',#1403,.T.);
#1403 = EDGE_LOOP('',(#1404,#1413,#1434,#1435,#1436));
#1404 = ORIENTED_EDGE('',*,*,#1405,.T.);
#1405 = EDGE_CURVE('',#1360,#1406,#1408,.T.);
#1406 = VERTEX_POINT('',#1407);
#1407 = CARTESIAN_POINT('',(0.945,-2.561225292707,7.7));
#1408 = CIRCLE('',#1409,2.73);
#1409 = AXIS2_PLACEMENT_3D('',#1410,#1411,#1412);
#1410 = CARTESIAN_POINT('',(0.,0.,7.7));
#1411 = DIRECTION('',(0.,0.,-1.));
#1412 = DIRECTION('',(-1.,1.224646799147E-16,0.));
#1413 = ORIENTED_EDGE('',*,*,#1414,.F.);
#1414 = EDGE_CURVE('',#1135,#1406,#1415,.T.);
#1415 = B_SPLINE_CURVE_WITH_KNOTS('',5,(#1416,#1417,#1418,#1419,#1420,
    #1421,#1422,#1423,#1424,#1425,#1426,#1427,#1428,#1429,#1430,#1431,
    #1432,#1433),.UNSPECIFIED.,.F.,.F.,(6,4,4,4,6),(0.,0.249577466959,
    0.497599275595,0.747309785144,1.),.UNSPECIFIED.);
#1416 = CARTESIAN_POINT('',(0.945,-3.004908484463,7.28));
#1417 = CARTESIAN_POINT('',(0.945,-3.00490848098,7.313228015972));
#1418 = CARTESIAN_POINT('',(0.945,-3.001463821946,7.346456730623));
#1419 = CARTESIAN_POINT('',(0.945,-2.994574119979,7.37923750592));
#1420 = CARTESIAN_POINT('',(0.945,-2.984338296281,7.411126992484));
#1421 = CARTESIAN_POINT('',(0.945,-2.957631160105,7.472127049008));
#1422 = CARTESIAN_POINT('',(0.945,-2.941198599863,7.501254840033));
#1423 = CARTESIAN_POINT('',(0.945,-2.921827872489,7.528710244249));
#1424 = CARTESIAN_POINT('',(0.945,-2.899782785017,7.554145479613));
#1425 = CARTESIAN_POINT('',(0.945,-2.850815155173,7.600572655351));
#1426 = CARTESIAN_POINT('',(0.945,-2.823859719072,7.621533802992));
#1427 = CARTESIAN_POINT('',(0.945,-2.794840653886,7.639877476491));
#1428 = CARTESIAN_POINT('',(0.945,-2.764133571654,7.655390822857));
#1429 = CARTESIAN_POINT('',(0.945,-2.699757531027,7.680632446489));
#1430 = CARTESIAN_POINT('',(0.945,-2.666057065743,7.690289667083));
#1431 = CARTESIAN_POINT('',(0.945,-2.631447275385,7.696766294835));
#1432 = CARTESIAN_POINT('',(0.945,-2.596359892027,7.699999996714));
#1433 = CARTESIAN_POINT('',(0.945,-2.561225292707,7.7));
#1434 = ORIENTED_EDGE('',*,*,#1134,.F.);
#1435 = ORIENTED_EDGE('',*,*,#1125,.F.);
#1436 = ORIENTED_EDGE('',*,*,#1368,.T.);
#1437 = TOROIDAL_SURFACE('',#1438,2.73,0.42);
#1438 = AXIS2_PLACEMENT_3D('',#1439,#1440,#1441);
#1439 = CARTESIAN_POINT('',(0.,0.,7.28));
#1440 = DIRECTION('',(0.,0.,1.));
#1441 = DIRECTION('',(-1.,1.224646799147E-16,0.));
#1442 = ADVANCED_FACE('',(#1443),#1455,.T.);
#1443 = FACE_BOUND('',#1444,.T.);
#1444 = EDGE_LOOP('',(#1445,#1446,#1453,#1454));
#1445 = ORIENTED_EDGE('',*,*,#1414,.T.);
#1446 = ORIENTED_EDGE('',*,*,#1447,.T.);
#1447 = EDGE_CURVE('',#1406,#1358,#1448,.T.);
#1448 = CIRCLE('',#1449,2.73);
#1449 = AXIS2_PLACEMENT_3D('',#1450,#1451,#1452);
#1450 = CARTESIAN_POINT('',(0.,0.,7.7));
#1451 = DIRECTION('',(0.,0.,-1.));
#1452 = DIRECTION('',(-1.,1.224646799147E-16,0.));
#1453 = ORIENTED_EDGE('',*,*,#1390,.F.);
#1454 = ORIENTED_EDGE('',*,*,#1143,.F.);
#1455 = TOROIDAL_SURFACE('',#1456,2.73,0.42);
#1456 = AXIS2_PLACEMENT_3D('',#1457,#1458,#1459);
#1457 = CARTESIAN_POINT('',(0.,0.,7.28));
#1458 = DIRECTION('',(0.,0.,1.));
#1459 = DIRECTION('',(-1.,1.224646799147E-16,0.));
#1460 = ADVANCED_FACE('',(#1461),#1467,.F.);
#1461 = FACE_BOUND('',#1462,.F.);
#1462 = EDGE_LOOP('',(#1463,#1464,#1465,#1466));
#1463 = ORIENTED_EDGE('',*,*,#1326,.T.);
#1464 = ORIENTED_EDGE('',*,*,#1177,.T.);
#1465 = ORIENTED_EDGE('',*,*,#1191,.T.);
#1466 = ORIENTED_EDGE('',*,*,#1227,.T.);
#1467 = PLANE('',#1468);
#1468 = AXIS2_PLACEMENT_3D('',#1469,#1470,#1471);
#1469 = CARTESIAN_POINT('',(-2.47395012666,2.870543344061E-16,0.));
#1470 = DIRECTION('',(0.,0.,1.));
#1471 = DIRECTION('',(-1.,1.224646799147E-16,0.));
#1472 = ADVANCED_FACE('',(#1473),#1479,.F.);
#1473 = FACE_BOUND('',#1474,.F.);
#1474 = EDGE_LOOP('',(#1475,#1476,#1477,#1478));
#1475 = ORIENTED_EDGE('',*,*,#1343,.T.);
#1476 = ORIENTED_EDGE('',*,*,#1259,.T.);
#1477 = ORIENTED_EDGE('',*,*,#1273,.T.);
#1478 = ORIENTED_EDGE('',*,*,#1309,.T.);
#1479 = PLANE('',#1480);
#1480 = AXIS2_PLACEMENT_3D('',#1481,#1482,#1483);
#1481 = CARTESIAN_POINT('',(2.47395012666,-5.900258447925E-16,0.));
#1482 = DIRECTION('',(0.,0.,1.));
#1483 = DIRECTION('',(1.,-2.449293598295E-16,0.));
#1484 = ADVANCED_FACE('',(#1485),#1495,.F.);
#1485 = FACE_BOUND('',#1486,.F.);
#1486 = EDGE_LOOP('',(#1487,#1488,#1489));
#1487 = ORIENTED_EDGE('',*,*,#1447,.T.);
#1488 = ORIENTED_EDGE('',*,*,#1357,.T.);
#1489 = ORIENTED_EDGE('',*,*,#1490,.T.);
#1490 = EDGE_CURVE('',#1360,#1406,#1491,.T.);
#1491 = LINE('',#1492,#1493);
#1492 = CARTESIAN_POINT('',(0.945,3.15,7.7));
#1493 = VECTOR('',#1494,1.);
#1494 = DIRECTION('',(-1.224646799147E-16,-1.,0.));
#1495 = PLANE('',#1496);
#1496 = AXIS2_PLACEMENT_3D('',#1497,#1498,#1499);
#1497 = CARTESIAN_POINT('',(0.,0.,7.7));
#1498 = DIRECTION('',(-0.,0.,-1.));
#1499 = DIRECTION('',(-1.,1.224646799147E-16,0.));
#1500 = ADVANCED_FACE('',(#1501),#1505,.T.);
#1501 = FACE_BOUND('',#1502,.T.);
#1502 = EDGE_LOOP('',(#1503,#1504));
#1503 = ORIENTED_EDGE('',*,*,#1405,.F.);
#1504 = ORIENTED_EDGE('',*,*,#1490,.T.);
#1505 = PLANE('',#1506);
#1506 = AXIS2_PLACEMENT_3D('',#1507,#1508,#1509);
#1507 = CARTESIAN_POINT('',(3.15,3.15,7.7));
#1508 = DIRECTION('',(0.,0.,1.));
#1509 = DIRECTION('',(-1.,1.224646799147E-16,0.));
#1510 = ( GEOMETRIC_REPRESENTATION_CONTEXT(3) 
GLOBAL_UNCERTAINTY_ASSIGNED_CONTEXT((#1514)) 
GLOBAL_UNIT_ASSIGNED_CONTEXT((#1511,#1512,#1513)) REPRESENTATION_CONTEXT
('Context #1','3D Context with UNIT and UNCERTAINTY') );
#1511 = ( LENGTH_UNIT() NAMED_UNIT(*) SI_UNIT(.MILLI.,.METRE.) );
#1512 = ( NAMED_UNIT(*) PLANE_ANGLE_UNIT() SI_UNIT($,.RADIAN.) );
#1513 = ( NAMED_UNIT(*) SI_UNIT($,.STERADIAN.) SOLID_ANGLE_UNIT() );
#1514 = UNCERTAINTY_MEASURE_WITH_UNIT(LENGTH_MEASURE(1.E-06),#1511,
  'distance_accuracy_value','confusion accuracy');
#1515 = CONTEXT_DEPENDENT_SHAPE_REPRESENTATION(#1516,#1518);
#1516 = ( REPRESENTATION_RELATIONSHIP('','',#144,#10) 
REPRESENTATION_RELATIONSHIP_WITH_TRANSFORMATION(#1517) 
SHAPE_REPRESENTATION_RELATIONSHIP() );
#1517 = ITEM_DEFINED_TRANSFORMATION('','',#11,#15);
#1518 = PRODUCT_DEFINITION_SHAPE('Placement','Placement of an item',
  #1519);
#1519 = NEXT_ASSEMBLY_USAGE_OCCURRENCE('1','C2','',#5,#139,$);
#1520 = PRODUCT_RELATED_PRODUCT_CATEGORY('part',$,(#141));
#1521 = SHAPE_DEFINITION_REPRESENTATION(#1522,#1528);
#1522 = PRODUCT_DEFINITION_SHAPE('','',#1523);
#1523 = PRODUCT_DEFINITION('design','',#1524,#1527);
#1524 = PRODUCT_DEFINITION_FORMATION('','',#1525);
#1525 = PRODUCT(
  'TerminalBlock_Phoenix_MPT-0,5-4-2.54_1x04_P2.54mm_Horizontal',
  'TerminalBlock_Phoenix_MPT-0,5-4-2.54_1x04_P2.54mm_Horizontal','',(
    #1526));
#1526 = PRODUCT_CONTEXT('',#2,'mechanical');
#1527 = PRODUCT_DEFINITION_CONTEXT('part definition',#2,'design');
#1528 = ADVANCED_BREP_SHAPE_REPRESENTATION('',(#11,#1529),#5658);
#1529 = MANIFOLD_SOLID_BREP('',#1530);
#1530 = CLOSED_SHELL('',(#1531,#1707,#1874,#1922,#1970,#1987,#2018,#2042
    ,#2066,#2083,#2114,#2138,#2162,#2179,#2210,#2234,#2258,#2275,#2306,
    #2330,#2354,#2371,#2388,#2417,#2440,#2463,#2480,#2509,#2532,#2555,
    #2572,#2601,#2624,#2647,#2664,#2693,#2716,#2739,#2756,#2773,#2834,
    #2846,#2858,#2870,#2882,#2894,#2925,#2949,#2973,#2990,#3021,#3045,
    #3069,#3086,#3117,#3141,#3165,#3182,#3213,#3237,#3261,#3278,#3371,
    #3464,#3557,#3650,#3696,#3742,#3788,#3834,#3850,#3883,#3908,#3939,
    #3949,#3967,#3983,#4016,#4041,#4072,#4082,#4100,#4116,#4149,#4174,
    #4205,#4215,#4233,#4249,#4282,#4307,#4338,#4348,#4366,#4397,#4421,
    #4445,#4462,#4493,#4517,#4541,#4558,#4589,#4613,#4637,#4654,#4685,
    #4709,#4733,#4750,#4775,#4878,#4888,#4913,#5016,#5026,#5051,#5154,
    #5164,#5189,#5292,#5302,#5314,#5326,#5338,#5350,#5366,#5383,#5400,
    #5417,#5427,#5443,#5460,#5477,#5494,#5504,#5520,#5537,#5554,#5571,
    #5581,#5597,#5614,#5631,#5648));
#1531 = ADVANCED_FACE('',(#1532,#1566,#1600,#1634,#1668),#1702,.F.);
#1532 = FACE_BOUND('',#1533,.F.);
#1533 = EDGE_LOOP('',(#1534,#1544,#1552,#1560));
#1534 = ORIENTED_EDGE('',*,*,#1535,.T.);
#1535 = EDGE_CURVE('',#1536,#1538,#1540,.T.);
#1536 = VERTEX_POINT('',#1537);
#1537 = CARTESIAN_POINT('',(-1.5,-3.1,0.));
#1538 = VERTEX_POINT('',#1539);
#1539 = CARTESIAN_POINT('',(9.12,-3.1,0.));
#1540 = LINE('',#1541,#1542);
#1541 = CARTESIAN_POINT('',(-1.5,-3.1,0.));
#1542 = VECTOR('',#1543,1.);
#1543 = DIRECTION('',(1.,0.,0.));
#1544 = ORIENTED_EDGE('',*,*,#1545,.T.);
#1545 = EDGE_CURVE('',#1538,#1546,#1548,.T.);
#1546 = VERTEX_POINT('',#1547);
#1547 = CARTESIAN_POINT('',(9.12,3.1,0.));
#1548 = LINE('',#1549,#1550);
#1549 = CARTESIAN_POINT('',(9.12,-3.1,0.));
#1550 = VECTOR('',#1551,1.);
#1551 = DIRECTION('',(0.,1.,0.));
#1552 = ORIENTED_EDGE('',*,*,#1553,.F.);
#1553 = EDGE_CURVE('',#1554,#1546,#1556,.T.);
#1554 = VERTEX_POINT('',#1555);
#1555 = CARTESIAN_POINT('',(-1.5,3.1,0.));
#1556 = LINE('',#1557,#1558);
#1557 = CARTESIAN_POINT('',(-1.5,3.1,0.));
#1558 = VECTOR('',#1559,1.);
#1559 = DIRECTION('',(1.,0.,0.));
#1560 = ORIENTED_EDGE('',*,*,#1561,.F.);
#1561 = EDGE_CURVE('',#1536,#1554,#1562,.T.);
#1562 = LINE('',#1563,#1564);
#1563 = CARTESIAN_POINT('',(-1.5,-3.1,0.));
#1564 = VECTOR('',#1565,1.);
#1565 = DIRECTION('',(0.,1.,0.));
#1566 = FACE_BOUND('',#1567,.F.);
#1567 = EDGE_LOOP('',(#1568,#1578,#1586,#1594));
#1568 = ORIENTED_EDGE('',*,*,#1569,.F.);
#1569 = EDGE_CURVE('',#1570,#1572,#1574,.T.);
#1570 = VERTEX_POINT('',#1571);
#1571 = CARTESIAN_POINT('',(7.17,-0.25,0.));
#1572 = VERTEX_POINT('',#1573);
#1573 = CARTESIAN_POINT('',(8.07,-0.25,0.));
#1574 = LINE('',#1575,#1576);
#1575 = CARTESIAN_POINT('',(2.835,-0.25,0.));
#1576 = VECTOR('',#1577,1.);
#1577 = DIRECTION('',(1.,0.,0.));
#1578 = ORIENTED_EDGE('',*,*,#1579,.F.);
#1579 = EDGE_CURVE('',#1580,#1570,#1582,.T.);
#1580 = VERTEX_POINT('',#1581);
#1581 = CARTESIAN_POINT('',(7.17,0.25,0.));
#1582 = LINE('',#1583,#1584);
#1583 = CARTESIAN_POINT('',(7.17,-1.425,0.));
#1584 = VECTOR('',#1585,1.);
#1585 = DIRECTION('',(0.,-1.,0.));
#1586 = ORIENTED_EDGE('',*,*,#1587,.F.);
#1587 = EDGE_CURVE('',#1588,#1580,#1590,.T.);
#1588 = VERTEX_POINT('',#1589);
#1589 = CARTESIAN_POINT('',(8.07,0.25,0.));
#1590 = LINE('',#1591,#1592);
#1591 = CARTESIAN_POINT('',(3.285,0.25,0.));
#1592 = VECTOR('',#1593,1.);
#1593 = DIRECTION('',(-1.,0.,0.));
#1594 = ORIENTED_EDGE('',*,*,#1595,.F.);
#1595 = EDGE_CURVE('',#1572,#1588,#1596,.T.);
#1596 = LINE('',#1597,#1598);
#1597 = CARTESIAN_POINT('',(8.07,-1.675,0.));
#1598 = VECTOR('',#1599,1.);
#1599 = DIRECTION('',(0.,1.,0.));
#1600 = FACE_BOUND('',#1601,.F.);
#1601 = EDGE_LOOP('',(#1602,#1612,#1620,#1628));
#1602 = ORIENTED_EDGE('',*,*,#1603,.F.);
#1603 = EDGE_CURVE('',#1604,#1606,#1608,.T.);
#1604 = VERTEX_POINT('',#1605);
#1605 = CARTESIAN_POINT('',(4.63,-0.25,0.));
#1606 = VERTEX_POINT('',#1607);
#1607 = CARTESIAN_POINT('',(5.53,-0.25,0.));
#1608 = LINE('',#1609,#1610);
#1609 = CARTESIAN_POINT('',(1.565,-0.25,0.));
#1610 = VECTOR('',#1611,1.);
#1611 = DIRECTION('',(1.,0.,0.));
#1612 = ORIENTED_EDGE('',*,*,#1613,.F.);
#1613 = EDGE_CURVE('',#1614,#1604,#1616,.T.);
#1614 = VERTEX_POINT('',#1615);
#1615 = CARTESIAN_POINT('',(4.63,0.25,0.));
#1616 = LINE('',#1617,#1618);
#1617 = CARTESIAN_POINT('',(4.63,-1.425,0.));
#1618 = VECTOR('',#1619,1.);
#1619 = DIRECTION('',(0.,-1.,0.));
#1620 = ORIENTED_EDGE('',*,*,#1621,.F.);
#1621 = EDGE_CURVE('',#1622,#1614,#1624,.T.);
#1622 = VERTEX_POINT('',#1623);
#1623 = CARTESIAN_POINT('',(5.53,0.25,0.));
#1624 = LINE('',#1625,#1626);
#1625 = CARTESIAN_POINT('',(2.015,0.25,0.));
#1626 = VECTOR('',#1627,1.);
#1627 = DIRECTION('',(-1.,0.,0.));
#1628 = ORIENTED_EDGE('',*,*,#1629,.F.);
#1629 = EDGE_CURVE('',#1606,#1622,#1630,.T.);
#1630 = LINE('',#1631,#1632);
#1631 = CARTESIAN_POINT('',(5.53,-1.675,0.));
#1632 = VECTOR('',#1633,1.);
#1633 = DIRECTION('',(0.,1.,0.));
#1634 = FACE_BOUND('',#1635,.F.);
#1635 = EDGE_LOOP('',(#1636,#1646,#1654,#1662));
#1636 = ORIENTED_EDGE('',*,*,#1637,.F.);
#1637 = EDGE_CURVE('',#1638,#1640,#1642,.T.);
#1638 = VERTEX_POINT('',#1639);
#1639 = CARTESIAN_POINT('',(2.09,-0.25,0.));
#1640 = VERTEX_POINT('',#1641);
#1641 = CARTESIAN_POINT('',(2.99,-0.25,0.));
#1642 = LINE('',#1643,#1644);
#1643 = CARTESIAN_POINT('',(0.295,-0.25,0.));
#1644 = VECTOR('',#1645,1.);
#1645 = DIRECTION('',(1.,0.,0.));
#1646 = ORIENTED_EDGE('',*,*,#1647,.F.);
#1647 = EDGE_CURVE('',#1648,#1638,#1650,.T.);
#1648 = VERTEX_POINT('',#1649);
#1649 = CARTESIAN_POINT('',(2.09,0.25,0.));
#1650 = LINE('',#1651,#1652);
#1651 = CARTESIAN_POINT('',(2.09,-1.425,0.));
#1652 = VECTOR('',#1653,1.);
#1653 = DIRECTION('',(0.,-1.,0.));
#1654 = ORIENTED_EDGE('',*,*,#1655,.F.);
#1655 = EDGE_CURVE('',#1656,#1648,#1658,.T.);
#1656 = VERTEX_POINT('',#1657);
#1657 = CARTESIAN_POINT('',(2.99,0.25,0.));
#1658 = LINE('',#1659,#1660);
#1659 = CARTESIAN_POINT('',(0.745,0.25,0.));
#1660 = VECTOR('',#1661,1.);
#1661 = DIRECTION('',(-1.,0.,0.));
#1662 = ORIENTED_EDGE('',*,*,#1663,.F.);
#1663 = EDGE_CURVE('',#1640,#1656,#1664,.T.);
#1664 = LINE('',#1665,#1666);
#1665 = CARTESIAN_POINT('',(2.99,-1.675,0.));
#1666 = VECTOR('',#1667,1.);
#1667 = DIRECTION('',(0.,1.,0.));
#1668 = FACE_BOUND('',#1669,.F.);
#1669 = EDGE_LOOP('',(#1670,#1680,#1688,#1696));
#1670 = ORIENTED_EDGE('',*,*,#1671,.F.);
#1671 = EDGE_CURVE('',#1672,#1674,#1676,.T.);
#1672 = VERTEX_POINT('',#1673);
#1673 = CARTESIAN_POINT('',(-0.45,-0.25,0.));
#1674 = VERTEX_POINT('',#1675);
#1675 = CARTESIAN_POINT('',(0.45,-0.25,0.));
#1676 = LINE('',#1677,#1678);
#1677 = CARTESIAN_POINT('',(-0.975,-0.25,0.));
#1678 = VECTOR('',#1679,1.);
#1679 = DIRECTION('',(1.,0.,0.));
#1680 = ORIENTED_EDGE('',*,*,#1681,.F.);
#1681 = EDGE_CURVE('',#1682,#1672,#1684,.T.);
#1682 = VERTEX_POINT('',#1683);
#1683 = CARTESIAN_POINT('',(-0.45,0.25,0.));
#1684 = LINE('',#1685,#1686);
#1685 = CARTESIAN_POINT('',(-0.45,-1.425,0.));
#1686 = VECTOR('',#1687,1.);
#1687 = DIRECTION('',(0.,-1.,0.));
#1688 = ORIENTED_EDGE('',*,*,#1689,.F.);
#1689 = EDGE_CURVE('',#1690,#1682,#1692,.T.);
#1690 = VERTEX_POINT('',#1691);
#1691 = CARTESIAN_POINT('',(0.45,0.25,0.));
#1692 = LINE('',#1693,#1694);
#1693 = CARTESIAN_POINT('',(-0.525,0.25,0.));
#1694 = VECTOR('',#1695,1.);
#1695 = DIRECTION('',(-1.,0.,0.));
#1696 = ORIENTED_EDGE('',*,*,#1697,.F.);
#1697 = EDGE_CURVE('',#1674,#1690,#1698,.T.);
#1698 = LINE('',#1699,#1700);
#1699 = CARTESIAN_POINT('',(0.45,-1.675,0.));
#1700 = VECTOR('',#1701,1.);
#1701 = DIRECTION('',(0.,1.,0.));
#1702 = PLANE('',#1703);
#1703 = AXIS2_PLACEMENT_3D('',#1704,#1705,#1706);
#1704 = CARTESIAN_POINT('',(-1.5,-3.1,0.));
#1705 = DIRECTION('',(0.,0.,1.));
#1706 = DIRECTION('',(0.,1.,0.));
#1707 = ADVANCED_FACE('',(#1708,#1733,#1767,#1801,#1835),#1869,.F.);
#1708 = FACE_BOUND('',#1709,.F.);
#1709 = EDGE_LOOP('',(#1710,#1718,#1726,#1732));
#1710 = ORIENTED_EDGE('',*,*,#1711,.F.);
#1711 = EDGE_CURVE('',#1712,#1536,#1714,.T.);
#1712 = VERTEX_POINT('',#1713);
#1713 = CARTESIAN_POINT('',(-1.5,-3.1,5.1));
#1714 = LINE('',#1715,#1716);
#1715 = CARTESIAN_POINT('',(-1.5,-3.1,8.5));
#1716 = VECTOR('',#1717,1.);
#1717 = DIRECTION('',(0.,0.,-1.));
#1718 = ORIENTED_EDGE('',*,*,#1719,.T.);
#1719 = EDGE_CURVE('',#1712,#1720,#1722,.T.);
#1720 = VERTEX_POINT('',#1721);
#1721 = CARTESIAN_POINT('',(9.12,-3.1,5.1));
#1722 = LINE('',#1723,#1724);
#1723 = CARTESIAN_POINT('',(-1.5,-3.1,5.1));
#1724 = VECTOR('',#1725,1.);
#1725 = DIRECTION('',(1.,0.,0.));
#1726 = ORIENTED_EDGE('',*,*,#1727,.T.);
#1727 = EDGE_CURVE('',#1720,#1538,#1728,.T.);
#1728 = LINE('',#1729,#1730);
#1729 = CARTESIAN_POINT('',(9.12,-3.1,8.5));
#1730 = VECTOR('',#1731,1.);
#1731 = DIRECTION('',(0.,0.,-1.));
#1732 = ORIENTED_EDGE('',*,*,#1535,.F.);
#1733 = FACE_BOUND('',#1734,.F.);
#1734 = EDGE_LOOP('',(#1735,#1745,#1753,#1761));
#1735 = ORIENTED_EDGE('',*,*,#1736,.F.);
#1736 = EDGE_CURVE('',#1737,#1739,#1741,.T.);
#1737 = VERTEX_POINT('',#1738);
#1738 = CARTESIAN_POINT('',(1.075,-3.1,0.15));
#1739 = VERTEX_POINT('',#1740);
#1740 = CARTESIAN_POINT('',(-1.075,-3.1,0.15));
#1741 = LINE('',#1742,#1743);
#1742 = CARTESIAN_POINT('',(1.075,-3.1,0.15));
#1743 = VECTOR('',#1744,1.);
#1744 = DIRECTION('',(-1.,0.,0.));
#1745 = ORIENTED_EDGE('',*,*,#1746,.F.);
#1746 = EDGE_CURVE('',#1747,#1737,#1749,.T.);
#1747 = VERTEX_POINT('',#1748);
#1748 = CARTESIAN_POINT('',(1.075,-3.1,4.6));
#1749 = LINE('',#1750,#1751);
#1750 = CARTESIAN_POINT('',(1.075,-3.1,4.6));
#1751 = VECTOR('',#1752,1.);
#1752 = DIRECTION('',(0.,0.,-1.));
#1753 = ORIENTED_EDGE('',*,*,#1754,.F.);
#1754 = EDGE_CURVE('',#1755,#1747,#1757,.T.);
#1755 = VERTEX_POINT('',#1756);
#1756 = CARTESIAN_POINT('',(-1.075,-3.1,4.6));
#1757 = LINE('',#1758,#1759);
#1758 = CARTESIAN_POINT('',(-1.075,-3.1,4.6));
#1759 = VECTOR('',#1760,1.);
#1760 = DIRECTION('',(1.,0.,0.));
#1761 = ORIENTED_EDGE('',*,*,#1762,.F.);
#1762 = EDGE_CURVE('',#1739,#1755,#1763,.T.);
#1763 = LINE('',#1764,#1765);
#1764 = CARTESIAN_POINT('',(-1.075,-3.1,0.15));
#1765 = VECTOR('',#1766,1.);
#1766 = DIRECTION('',(0.,0.,1.));
#1767 = FACE_BOUND('',#1768,.F.);
#1768 = EDGE_LOOP('',(#1769,#1779,#1787,#1795));
#1769 = ORIENTED_EDGE('',*,*,#1770,.F.);
#1770 = EDGE_CURVE('',#1771,#1773,#1775,.T.);
#1771 = VERTEX_POINT('',#1772);
#1772 = CARTESIAN_POINT('',(3.615,-3.1,0.15));
#1773 = VERTEX_POINT('',#1774);
#1774 = CARTESIAN_POINT('',(1.465,-3.1,0.15));
#1775 = LINE('',#1776,#1777);
#1776 = CARTESIAN_POINT('',(3.615,-3.1,0.15));
#1777 = VECTOR('',#1778,1.);
#1778 = DIRECTION('',(-1.,0.,0.));
#1779 = ORIENTED_EDGE('',*,*,#1780,.F.);
#1780 = EDGE_CURVE('',#1781,#1771,#1783,.T.);
#1781 = VERTEX_POINT('',#1782);
#1782 = CARTESIAN_POINT('',(3.615,-3.1,4.6));
#1783 = LINE('',#1784,#1785);
#1784 = CARTESIAN_POINT('',(3.615,-3.1,4.6));
#1785 = VECTOR('',#1786,1.);
#1786 = DIRECTION('',(0.,0.,-1.));
#1787 = ORIENTED_EDGE('',*,*,#1788,.F.);
#1788 = EDGE_CURVE('',#1789,#1781,#1791,.T.);
#1789 = VERTEX_POINT('',#1790);
#1790 = CARTESIAN_POINT('',(1.465,-3.1,4.6));
#1791 = LINE('',#1792,#1793);
#1792 = CARTESIAN_POINT('',(1.465,-3.1,4.6));
#1793 = VECTOR('',#1794,1.);
#1794 = DIRECTION('',(1.,0.,0.));
#1795 = ORIENTED_EDGE('',*,*,#1796,.F.);
#1796 = EDGE_CURVE('',#1773,#1789,#1797,.T.);
#1797 = LINE('',#1798,#1799);
#1798 = CARTESIAN_POINT('',(1.465,-3.1,0.15));
#1799 = VECTOR('',#1800,1.);
#1800 = DIRECTION('',(0.,0.,1.));
#1801 = FACE_BOUND('',#1802,.F.);
#1802 = EDGE_LOOP('',(#1803,#1813,#1821,#1829));
#1803 = ORIENTED_EDGE('',*,*,#1804,.F.);
#1804 = EDGE_CURVE('',#1805,#1807,#1809,.T.);
#1805 = VERTEX_POINT('',#1806);
#1806 = CARTESIAN_POINT('',(6.155,-3.1,0.15));
#1807 = VERTEX_POINT('',#1808);
#1808 = CARTESIAN_POINT('',(4.005,-3.1,0.15));
#1809 = LINE('',#1810,#1811);
#1810 = CARTESIAN_POINT('',(6.155,-3.1,0.15));
#1811 = VECTOR('',#1812,1.);
#1812 = DIRECTION('',(-1.,0.,0.));
#1813 = ORIENTED_EDGE('',*,*,#1814,.F.);
#1814 = EDGE_CURVE('',#1815,#1805,#1817,.T.);
#1815 = VERTEX_POINT('',#1816);
#1816 = CARTESIAN_POINT('',(6.155,-3.1,4.6));
#1817 = LINE('',#1818,#1819);
#1818 = CARTESIAN_POINT('',(6.155,-3.1,4.6));
#1819 = VECTOR('',#1820,1.);
#1820 = DIRECTION('',(0.,0.,-1.));
#1821 = ORIENTED_EDGE('',*,*,#1822,.F.);
#1822 = EDGE_CURVE('',#1823,#1815,#1825,.T.);
#1823 = VERTEX_POINT('',#1824);
#1824 = CARTESIAN_POINT('',(4.005,-3.1,4.6));
#1825 = LINE('',#1826,#1827);
#1826 = CARTESIAN_POINT('',(4.005,-3.1,4.6));
#1827 = VECTOR('',#1828,1.);
#1828 = DIRECTION('',(1.,0.,0.));
#1829 = ORIENTED_EDGE('',*,*,#1830,.F.);
#1830 = EDGE_CURVE('',#1807,#1823,#1831,.T.);
#1831 = LINE('',#1832,#1833);
#1832 = CARTESIAN_POINT('',(4.005,-3.1,0.15));
#1833 = VECTOR('',#1834,1.);
#1834 = DIRECTION('',(0.,0.,1.));
#1835 = FACE_BOUND('',#1836,.F.);
#1836 = EDGE_LOOP('',(#1837,#1847,#1855,#1863));
#1837 = ORIENTED_EDGE('',*,*,#1838,.F.);
#1838 = EDGE_CURVE('',#1839,#1841,#1843,.T.);
#1839 = VERTEX_POINT('',#1840);
#1840 = CARTESIAN_POINT('',(8.695,-3.1,0.15));
#1841 = VERTEX_POINT('',#1842);
#1842 = CARTESIAN_POINT('',(6.545,-3.1,0.15));
#1843 = LINE('',#1844,#1845);
#1844 = CARTESIAN_POINT('',(8.695,-3.1,0.15));
#1845 = VECTOR('',#1846,1.);
#1846 = DIRECTION('',(-1.,0.,0.));
#1847 = ORIENTED_EDGE('',*,*,#1848,.F.);
#1848 = EDGE_CURVE('',#1849,#1839,#1851,.T.);
#1849 = VERTEX_POINT('',#1850);
#1850 = CARTESIAN_POINT('',(8.695,-3.1,4.6));
#1851 = LINE('',#1852,#1853);
#1852 = CARTESIAN_POINT('',(8.695,-3.1,4.6));
#1853 = VECTOR('',#1854,1.);
#1854 = DIRECTION('',(0.,0.,-1.));
#1855 = ORIENTED_EDGE('',*,*,#1856,.F.);
#1856 = EDGE_CURVE('',#1857,#1849,#1859,.T.);
#1857 = VERTEX_POINT('',#1858);
#1858 = CARTESIAN_POINT('',(6.545,-3.1,4.6));
#1859 = LINE('',#1860,#1861);
#1860 = CARTESIAN_POINT('',(6.545,-3.1,4.6));
#1861 = VECTOR('',#1862,1.);
#1862 = DIRECTION('',(1.,0.,0.));
#1863 = ORIENTED_EDGE('',*,*,#1864,.F.);
#1864 = EDGE_CURVE('',#1841,#1857,#1865,.T.);
#1865 = LINE('',#1866,#1867);
#1866 = CARTESIAN_POINT('',(6.545,-3.1,0.15));
#1867 = VECTOR('',#1868,1.);
#1868 = DIRECTION('',(0.,0.,1.));
#1869 = PLANE('',#1870);
#1870 = AXIS2_PLACEMENT_3D('',#1871,#1872,#1873);
#1871 = CARTESIAN_POINT('',(-1.5,-3.1,8.5));
#1872 = DIRECTION('',(0.,1.,0.));
#1873 = DIRECTION('',(0.,0.,-1.));
#1874 = ADVANCED_FACE('',(#1875),#1917,.F.);
#1875 = FACE_BOUND('',#1876,.F.);
#1876 = EDGE_LOOP('',(#1877,#1885,#1886,#1887,#1895,#1903,#1911));
#1877 = ORIENTED_EDGE('',*,*,#1878,.T.);
#1878 = EDGE_CURVE('',#1879,#1712,#1881,.T.);
#1879 = VERTEX_POINT('',#1880);
#1880 = CARTESIAN_POINT('',(-1.5,-2.36,5.1));
#1881 = LINE('',#1882,#1883);
#1882 = CARTESIAN_POINT('',(-1.5,-2.36,5.1));
#1883 = VECTOR('',#1884,1.);
#1884 = DIRECTION('',(0.,-1.,0.));
#1885 = ORIENTED_EDGE('',*,*,#1711,.T.);
#1886 = ORIENTED_EDGE('',*,*,#1561,.T.);
#1887 = ORIENTED_EDGE('',*,*,#1888,.T.);
#1888 = EDGE_CURVE('',#1554,#1889,#1891,.T.);
#1889 = VERTEX_POINT('',#1890);
#1890 = CARTESIAN_POINT('',(-1.5,3.1,3.114));
#1891 = LINE('',#1892,#1893);
#1892 = CARTESIAN_POINT('',(-1.5,3.1,0.));
#1893 = VECTOR('',#1894,1.);
#1894 = DIRECTION('',(0.,0.,1.));
#1895 = ORIENTED_EDGE('',*,*,#1896,.F.);
#1896 = EDGE_CURVE('',#1897,#1889,#1899,.T.);
#1897 = VERTEX_POINT('',#1898);
#1898 = CARTESIAN_POINT('',(-1.5,1.35,8.5));
#1899 = LINE('',#1900,#1901);
#1900 = CARTESIAN_POINT('',(-1.5,1.35,8.5));
#1901 = VECTOR('',#1902,1.);
#1902 = DIRECTION('',(0.,0.309014201884,-0.951057423626));
#1903 = ORIENTED_EDGE('',*,*,#1904,.T.);
#1904 = EDGE_CURVE('',#1897,#1905,#1907,.T.);
#1905 = VERTEX_POINT('',#1906);
#1906 = CARTESIAN_POINT('',(-1.5,-1.45,8.5));
#1907 = LINE('',#1908,#1909);
#1908 = CARTESIAN_POINT('',(-1.5,3.1,8.5));
#1909 = VECTOR('',#1910,1.);
#1910 = DIRECTION('',(0.,-1.,0.));
#1911 = ORIENTED_EDGE('',*,*,#1912,.T.);
#1912 = EDGE_CURVE('',#1905,#1879,#1913,.T.);
#1913 = LINE('',#1914,#1915);
#1914 = CARTESIAN_POINT('',(-1.5,-1.45,8.5));
#1915 = VECTOR('',#1916,1.);
#1916 = DIRECTION('',(0.,-0.258546725088,-0.965998753077));
#1917 = PLANE('',#1918);
#1918 = AXIS2_PLACEMENT_3D('',#1919,#1920,#1921);
#1919 = CARTESIAN_POINT('',(-1.5,0.,4.25));
#1920 = DIRECTION('',(1.,0.,0.));
#1921 = DIRECTION('',(0.,0.,1.));
#1922 = ADVANCED_FACE('',(#1923),#1965,.T.);
#1923 = FACE_BOUND('',#1924,.T.);
#1924 = EDGE_LOOP('',(#1925,#1933,#1934,#1935,#1943,#1951,#1959));
#1925 = ORIENTED_EDGE('',*,*,#1926,.T.);
#1926 = EDGE_CURVE('',#1927,#1720,#1929,.T.);
#1927 = VERTEX_POINT('',#1928);
#1928 = CARTESIAN_POINT('',(9.12,-2.36,5.1));
#1929 = LINE('',#1930,#1931);
#1930 = CARTESIAN_POINT('',(9.12,-2.36,5.1));
#1931 = VECTOR('',#1932,1.);
#1932 = DIRECTION('',(0.,-1.,0.));
#1933 = ORIENTED_EDGE('',*,*,#1727,.T.);
#1934 = ORIENTED_EDGE('',*,*,#1545,.T.);
#1935 = ORIENTED_EDGE('',*,*,#1936,.T.);
#1936 = EDGE_CURVE('',#1546,#1937,#1939,.T.);
#1937 = VERTEX_POINT('',#1938);
#1938 = CARTESIAN_POINT('',(9.12,3.1,3.114));
#1939 = LINE('',#1940,#1941);
#1940 = CARTESIAN_POINT('',(9.12,3.1,0.));
#1941 = VECTOR('',#1942,1.);
#1942 = DIRECTION('',(0.,0.,1.));
#1943 = ORIENTED_EDGE('',*,*,#1944,.F.);
#1944 = EDGE_CURVE('',#1945,#1937,#1947,.T.);
#1945 = VERTEX_POINT('',#1946);
#1946 = CARTESIAN_POINT('',(9.12,1.35,8.5));
#1947 = LINE('',#1948,#1949);
#1948 = CARTESIAN_POINT('',(9.12,1.35,8.5));
#1949 = VECTOR('',#1950,1.);
#1950 = DIRECTION('',(0.,0.309014201884,-0.951057423626));
#1951 = ORIENTED_EDGE('',*,*,#1952,.T.);
#1952 = EDGE_CURVE('',#1945,#1953,#1955,.T.);
#1953 = VERTEX_POINT('',#1954);
#1954 = CARTESIAN_POINT('',(9.12,-1.45,8.5));
#1955 = LINE('',#1956,#1957);
#1956 = CARTESIAN_POINT('',(9.12,3.1,8.5));
#1957 = VECTOR('',#1958,1.);
#1958 = DIRECTION('',(0.,-1.,0.));
#1959 = ORIENTED_EDGE('',*,*,#1960,.T.);
#1960 = EDGE_CURVE('',#1953,#1927,#1961,.T.);
#1961 = LINE('',#1962,#1963);
#1962 = CARTESIAN_POINT('',(9.12,-1.45,8.5));
#1963 = VECTOR('',#1964,1.);
#1964 = DIRECTION('',(0.,-0.258546725088,-0.965998753077));
#1965 = PLANE('',#1966);
#1966 = AXIS2_PLACEMENT_3D('',#1967,#1968,#1969);
#1967 = CARTESIAN_POINT('',(9.12,0.,4.25));
#1968 = DIRECTION('',(1.,0.,0.));
#1969 = DIRECTION('',(0.,0.,1.));
#1970 = ADVANCED_FACE('',(#1971),#1982,.F.);
#1971 = FACE_BOUND('',#1972,.F.);
#1972 = EDGE_LOOP('',(#1973,#1974,#1975,#1976));
#1973 = ORIENTED_EDGE('',*,*,#1888,.F.);
#1974 = ORIENTED_EDGE('',*,*,#1553,.T.);
#1975 = ORIENTED_EDGE('',*,*,#1936,.T.);
#1976 = ORIENTED_EDGE('',*,*,#1977,.F.);
#1977 = EDGE_CURVE('',#1889,#1937,#1978,.T.);
#1978 = LINE('',#1979,#1980);
#1979 = CARTESIAN_POINT('',(-1.5,3.1,3.114));
#1980 = VECTOR('',#1981,1.);
#1981 = DIRECTION('',(1.,0.,0.));
#1982 = PLANE('',#1983);
#1983 = AXIS2_PLACEMENT_3D('',#1984,#1985,#1986);
#1984 = CARTESIAN_POINT('',(-1.5,3.1,0.));
#1985 = DIRECTION('',(0.,-1.,0.));
#1986 = DIRECTION('',(0.,0.,1.));
#1987 = ADVANCED_FACE('',(#1988),#2013,.T.);
#1988 = FACE_BOUND('',#1989,.T.);
#1989 = EDGE_LOOP('',(#1990,#1991,#1999,#2007));
#1990 = ORIENTED_EDGE('',*,*,#1569,.F.);
#1991 = ORIENTED_EDGE('',*,*,#1992,.T.);
#1992 = EDGE_CURVE('',#1570,#1993,#1995,.T.);
#1993 = VERTEX_POINT('',#1994);
#1994 = CARTESIAN_POINT('',(7.17,-0.25,-3.5));
#1995 = LINE('',#1996,#1997);
#1996 = CARTESIAN_POINT('',(7.17,-0.25,1.3));
#1997 = VECTOR('',#1998,1.);
#1998 = DIRECTION('',(-0.,-0.,-1.));
#1999 = ORIENTED_EDGE('',*,*,#2000,.T.);
#2000 = EDGE_CURVE('',#1993,#2001,#2003,.T.);
#2001 = VERTEX_POINT('',#2002);
#2002 = CARTESIAN_POINT('',(8.07,-0.25,-3.5));
#2003 = LINE('',#2004,#2005);
#2004 = CARTESIAN_POINT('',(7.17,-0.25,-3.5));
#2005 = VECTOR('',#2006,1.);
#2006 = DIRECTION('',(1.,0.,0.));
#2007 = ORIENTED_EDGE('',*,*,#2008,.F.);
#2008 = EDGE_CURVE('',#1572,#2001,#2009,.T.);
#2009 = LINE('',#2010,#2011);
#2010 = CARTESIAN_POINT('',(8.07,-0.25,1.3));
#2011 = VECTOR('',#2012,1.);
#2012 = DIRECTION('',(-0.,-0.,-1.));
#2013 = PLANE('',#2014);
#2014 = AXIS2_PLACEMENT_3D('',#2015,#2016,#2017);
#2015 = CARTESIAN_POINT('',(7.17,-0.25,1.3));
#2016 = DIRECTION('',(0.,-1.,0.));
#2017 = DIRECTION('',(1.,0.,0.));
#2018 = ADVANCED_FACE('',(#2019),#2037,.T.);
#2019 = FACE_BOUND('',#2020,.T.);
#2020 = EDGE_LOOP('',(#2021,#2022,#2023,#2031));
#2021 = ORIENTED_EDGE('',*,*,#1595,.F.);
#2022 = ORIENTED_EDGE('',*,*,#2008,.T.);
#2023 = ORIENTED_EDGE('',*,*,#2024,.T.);
#2024 = EDGE_CURVE('',#2001,#2025,#2027,.T.);
#2025 = VERTEX_POINT('',#2026);
#2026 = CARTESIAN_POINT('',(8.07,0.25,-3.5));
#2027 = LINE('',#2028,#2029);
#2028 = CARTESIAN_POINT('',(8.07,-0.25,-3.5));
#2029 = VECTOR('',#2030,1.);
#2030 = DIRECTION('',(0.,1.,0.));
#2031 = ORIENTED_EDGE('',*,*,#2032,.F.);
#2032 = EDGE_CURVE('',#1588,#2025,#2033,.T.);
#2033 = LINE('',#2034,#2035);
#2034 = CARTESIAN_POINT('',(8.07,0.25,1.3));
#2035 = VECTOR('',#2036,1.);
#2036 = DIRECTION('',(-0.,-0.,-1.));
#2037 = PLANE('',#2038);
#2038 = AXIS2_PLACEMENT_3D('',#2039,#2040,#2041);
#2039 = CARTESIAN_POINT('',(8.07,-0.25,1.3));
#2040 = DIRECTION('',(1.,0.,0.));
#2041 = DIRECTION('',(-0.,1.,0.));
#2042 = ADVANCED_FACE('',(#2043),#2061,.T.);
#2043 = FACE_BOUND('',#2044,.T.);
#2044 = EDGE_LOOP('',(#2045,#2046,#2047,#2055));
#2045 = ORIENTED_EDGE('',*,*,#1587,.F.);
#2046 = ORIENTED_EDGE('',*,*,#2032,.T.);
#2047 = ORIENTED_EDGE('',*,*,#2048,.T.);
#2048 = EDGE_CURVE('',#2025,#2049,#2051,.T.);
#2049 = VERTEX_POINT('',#2050);
#2050 = CARTESIAN_POINT('',(7.17,0.25,-3.5));
#2051 = LINE('',#2052,#2053);
#2052 = CARTESIAN_POINT('',(8.07,0.25,-3.5));
#2053 = VECTOR('',#2054,1.);
#2054 = DIRECTION('',(-1.,0.,0.));
#2055 = ORIENTED_EDGE('',*,*,#2056,.F.);
#2056 = EDGE_CURVE('',#1580,#2049,#2057,.T.);
#2057 = LINE('',#2058,#2059);
#2058 = CARTESIAN_POINT('',(7.17,0.25,1.3));
#2059 = VECTOR('',#2060,1.);
#2060 = DIRECTION('',(-0.,-0.,-1.));
#2061 = PLANE('',#2062);
#2062 = AXIS2_PLACEMENT_3D('',#2063,#2064,#2065);
#2063 = CARTESIAN_POINT('',(8.07,0.25,1.3));
#2064 = DIRECTION('',(0.,1.,0.));
#2065 = DIRECTION('',(-1.,0.,0.));
#2066 = ADVANCED_FACE('',(#2067),#2078,.T.);
#2067 = FACE_BOUND('',#2068,.T.);
#2068 = EDGE_LOOP('',(#2069,#2070,#2071,#2077));
#2069 = ORIENTED_EDGE('',*,*,#1579,.F.);
#2070 = ORIENTED_EDGE('',*,*,#2056,.T.);
#2071 = ORIENTED_EDGE('',*,*,#2072,.T.);
#2072 = EDGE_CURVE('',#2049,#1993,#2073,.T.);
#2073 = LINE('',#2074,#2075);
#2074 = CARTESIAN_POINT('',(7.17,0.25,-3.5));
#2075 = VECTOR('',#2076,1.);
#2076 = DIRECTION('',(0.,-1.,0.));
#2077 = ORIENTED_EDGE('',*,*,#1992,.F.);
#2078 = PLANE('',#2079);
#2079 = AXIS2_PLACEMENT_3D('',#2080,#2081,#2082);
#2080 = CARTESIAN_POINT('',(7.17,0.25,1.3));
#2081 = DIRECTION('',(-1.,0.,0.));
#2082 = DIRECTION('',(0.,-1.,0.));
#2083 = ADVANCED_FACE('',(#2084),#2109,.T.);
#2084 = FACE_BOUND('',#2085,.T.);
#2085 = EDGE_LOOP('',(#2086,#2087,#2095,#2103));
#2086 = ORIENTED_EDGE('',*,*,#1603,.F.);
#2087 = ORIENTED_EDGE('',*,*,#2088,.T.);
#2088 = EDGE_CURVE('',#1604,#2089,#2091,.T.);
#2089 = VERTEX_POINT('',#2090);
#2090 = CARTESIAN_POINT('',(4.63,-0.25,-3.5));
#2091 = LINE('',#2092,#2093);
#2092 = CARTESIAN_POINT('',(4.63,-0.25,1.3));
#2093 = VECTOR('',#2094,1.);
#2094 = DIRECTION('',(-0.,-0.,-1.));
#2095 = ORIENTED_EDGE('',*,*,#2096,.T.);
#2096 = EDGE_CURVE('',#2089,#2097,#2099,.T.);
#2097 = VERTEX_POINT('',#2098);
#2098 = CARTESIAN_POINT('',(5.53,-0.25,-3.5));
#2099 = LINE('',#2100,#2101);
#2100 = CARTESIAN_POINT('',(4.63,-0.25,-3.5));
#2101 = VECTOR('',#2102,1.);
#2102 = DIRECTION('',(1.,0.,0.));
#2103 = ORIENTED_EDGE('',*,*,#2104,.F.);
#2104 = EDGE_CURVE('',#1606,#2097,#2105,.T.);
#2105 = LINE('',#2106,#2107);
#2106 = CARTESIAN_POINT('',(5.53,-0.25,1.3));
#2107 = VECTOR('',#2108,1.);
#2108 = DIRECTION('',(-0.,-0.,-1.));
#2109 = PLANE('',#2110);
#2110 = AXIS2_PLACEMENT_3D('',#2111,#2112,#2113);
#2111 = CARTESIAN_POINT('',(4.63,-0.25,1.3));
#2112 = DIRECTION('',(0.,-1.,0.));
#2113 = DIRECTION('',(1.,0.,0.));
#2114 = ADVANCED_FACE('',(#2115),#2133,.T.);
#2115 = FACE_BOUND('',#2116,.T.);
#2116 = EDGE_LOOP('',(#2117,#2118,#2119,#2127));
#2117 = ORIENTED_EDGE('',*,*,#1629,.F.);
#2118 = ORIENTED_EDGE('',*,*,#2104,.T.);
#2119 = ORIENTED_EDGE('',*,*,#2120,.T.);
#2120 = EDGE_CURVE('',#2097,#2121,#2123,.T.);
#2121 = VERTEX_POINT('',#2122);
#2122 = CARTESIAN_POINT('',(5.53,0.25,-3.5));
#2123 = LINE('',#2124,#2125);
#2124 = CARTESIAN_POINT('',(5.53,-0.25,-3.5));
#2125 = VECTOR('',#2126,1.);
#2126 = DIRECTION('',(0.,1.,0.));
#2127 = ORIENTED_EDGE('',*,*,#2128,.F.);
#2128 = EDGE_CURVE('',#1622,#2121,#2129,.T.);
#2129 = LINE('',#2130,#2131);
#2130 = CARTESIAN_POINT('',(5.53,0.25,1.3));
#2131 = VECTOR('',#2132,1.);
#2132 = DIRECTION('',(-0.,-0.,-1.));
#2133 = PLANE('',#2134);
#2134 = AXIS2_PLACEMENT_3D('',#2135,#2136,#2137);
#2135 = CARTESIAN_POINT('',(5.53,-0.25,1.3));
#2136 = DIRECTION('',(1.,0.,0.));
#2137 = DIRECTION('',(-0.,1.,0.));
#2138 = ADVANCED_FACE('',(#2139),#2157,.T.);
#2139 = FACE_BOUND('',#2140,.T.);
#2140 = EDGE_LOOP('',(#2141,#2142,#2143,#2151));
#2141 = ORIENTED_EDGE('',*,*,#1621,.F.);
#2142 = ORIENTED_EDGE('',*,*,#2128,.T.);
#2143 = ORIENTED_EDGE('',*,*,#2144,.T.);
#2144 = EDGE_CURVE('',#2121,#2145,#2147,.T.);
#2145 = VERTEX_POINT('',#2146);
#2146 = CARTESIAN_POINT('',(4.63,0.25,-3.5));
#2147 = LINE('',#2148,#2149);
#2148 = CARTESIAN_POINT('',(5.53,0.25,-3.5));
#2149 = VECTOR('',#2150,1.);
#2150 = DIRECTION('',(-1.,0.,0.));
#2151 = ORIENTED_EDGE('',*,*,#2152,.F.);
#2152 = EDGE_CURVE('',#1614,#2145,#2153,.T.);
#2153 = LINE('',#2154,#2155);
#2154 = CARTESIAN_POINT('',(4.63,0.25,1.3));
#2155 = VECTOR('',#2156,1.);
#2156 = DIRECTION('',(-0.,-0.,-1.));
#2157 = PLANE('',#2158);
#2158 = AXIS2_PLACEMENT_3D('',#2159,#2160,#2161);
#2159 = CARTESIAN_POINT('',(5.53,0.25,1.3));
#2160 = DIRECTION('',(0.,1.,0.));
#2161 = DIRECTION('',(-1.,0.,0.));
#2162 = ADVANCED_FACE('',(#2163),#2174,.T.);
#2163 = FACE_BOUND('',#2164,.T.);
#2164 = EDGE_LOOP('',(#2165,#2166,#2167,#2173));
#2165 = ORIENTED_EDGE('',*,*,#1613,.F.);
#2166 = ORIENTED_EDGE('',*,*,#2152,.T.);
#2167 = ORIENTED_EDGE('',*,*,#2168,.T.);
#2168 = EDGE_CURVE('',#2145,#2089,#2169,.T.);
#2169 = LINE('',#2170,#2171);
#2170 = CARTESIAN_POINT('',(4.63,0.25,-3.5));
#2171 = VECTOR('',#2172,1.);
#2172 = DIRECTION('',(0.,-1.,0.));
#2173 = ORIENTED_EDGE('',*,*,#2088,.F.);
#2174 = PLANE('',#2175);
#2175 = AXIS2_PLACEMENT_3D('',#2176,#2177,#2178);
#2176 = CARTESIAN_POINT('',(4.63,0.25,1.3));
#2177 = DIRECTION('',(-1.,0.,0.));
#2178 = DIRECTION('',(0.,-1.,0.));
#2179 = ADVANCED_FACE('',(#2180),#2205,.T.);
#2180 = FACE_BOUND('',#2181,.T.);
#2181 = EDGE_LOOP('',(#2182,#2183,#2191,#2199));
#2182 = ORIENTED_EDGE('',*,*,#1637,.F.);
#2183 = ORIENTED_EDGE('',*,*,#2184,.T.);
#2184 = EDGE_CURVE('',#1638,#2185,#2187,.T.);
#2185 = VERTEX_POINT('',#2186);
#2186 = CARTESIAN_POINT('',(2.09,-0.25,-3.5));
#2187 = LINE('',#2188,#2189);
#2188 = CARTESIAN_POINT('',(2.09,-0.25,1.3));
#2189 = VECTOR('',#2190,1.);
#2190 = DIRECTION('',(-0.,-0.,-1.));
#2191 = ORIENTED_EDGE('',*,*,#2192,.T.);
#2192 = EDGE_CURVE('',#2185,#2193,#2195,.T.);
#2193 = VERTEX_POINT('',#2194);
#2194 = CARTESIAN_POINT('',(2.99,-0.25,-3.5));
#2195 = LINE('',#2196,#2197);
#2196 = CARTESIAN_POINT('',(2.09,-0.25,-3.5));
#2197 = VECTOR('',#2198,1.);
#2198 = DIRECTION('',(1.,0.,0.));
#2199 = ORIENTED_EDGE('',*,*,#2200,.F.);
#2200 = EDGE_CURVE('',#1640,#2193,#2201,.T.);
#2201 = LINE('',#2202,#2203);
#2202 = CARTESIAN_POINT('',(2.99,-0.25,1.3));
#2203 = VECTOR('',#2204,1.);
#2204 = DIRECTION('',(-0.,-0.,-1.));
#2205 = PLANE('',#2206);
#2206 = AXIS2_PLACEMENT_3D('',#2207,#2208,#2209);
#2207 = CARTESIAN_POINT('',(2.09,-0.25,1.3));
#2208 = DIRECTION('',(0.,-1.,0.));
#2209 = DIRECTION('',(1.,0.,0.));
#2210 = ADVANCED_FACE('',(#2211),#2229,.T.);
#2211 = FACE_BOUND('',#2212,.T.);
#2212 = EDGE_LOOP('',(#2213,#2214,#2215,#2223));
#2213 = ORIENTED_EDGE('',*,*,#1663,.F.);
#2214 = ORIENTED_EDGE('',*,*,#2200,.T.);
#2215 = ORIENTED_EDGE('',*,*,#2216,.T.);
#2216 = EDGE_CURVE('',#2193,#2217,#2219,.T.);
#2217 = VERTEX_POINT('',#2218);
#2218 = CARTESIAN_POINT('',(2.99,0.25,-3.5));
#2219 = LINE('',#2220,#2221);
#2220 = CARTESIAN_POINT('',(2.99,-0.25,-3.5));
#2221 = VECTOR('',#2222,1.);
#2222 = DIRECTION('',(0.,1.,0.));
#2223 = ORIENTED_EDGE('',*,*,#2224,.F.);
#2224 = EDGE_CURVE('',#1656,#2217,#2225,.T.);
#2225 = LINE('',#2226,#2227);
#2226 = CARTESIAN_POINT('',(2.99,0.25,1.3));
#2227 = VECTOR('',#2228,1.);
#2228 = DIRECTION('',(-0.,-0.,-1.));
#2229 = PLANE('',#2230);
#2230 = AXIS2_PLACEMENT_3D('',#2231,#2232,#2233);
#2231 = CARTESIAN_POINT('',(2.99,-0.25,1.3));
#2232 = DIRECTION('',(1.,0.,0.));
#2233 = DIRECTION('',(-0.,1.,0.));
#2234 = ADVANCED_FACE('',(#2235),#2253,.T.);
#2235 = FACE_BOUND('',#2236,.T.);
#2236 = EDGE_LOOP('',(#2237,#2238,#2239,#2247));
#2237 = ORIENTED_EDGE('',*,*,#1655,.F.);
#2238 = ORIENTED_EDGE('',*,*,#2224,.T.);
#2239 = ORIENTED_EDGE('',*,*,#2240,.T.);
#2240 = EDGE_CURVE('',#2217,#2241,#2243,.T.);
#2241 = VERTEX_POINT('',#2242);
#2242 = CARTESIAN_POINT('',(2.09,0.25,-3.5));
#2243 = LINE('',#2244,#2245);
#2244 = CARTESIAN_POINT('',(2.99,0.25,-3.5));
#2245 = VECTOR('',#2246,1.);
#2246 = DIRECTION('',(-1.,0.,0.));
#2247 = ORIENTED_EDGE('',*,*,#2248,.F.);
#2248 = EDGE_CURVE('',#1648,#2241,#2249,.T.);
#2249 = LINE('',#2250,#2251);
#2250 = CARTESIAN_POINT('',(2.09,0.25,1.3));
#2251 = VECTOR('',#2252,1.);
#2252 = DIRECTION('',(-0.,-0.,-1.));
#2253 = PLANE('',#2254);
#2254 = AXIS2_PLACEMENT_3D('',#2255,#2256,#2257);
#2255 = CARTESIAN_POINT('',(2.99,0.25,1.3));
#2256 = DIRECTION('',(0.,1.,0.));
#2257 = DIRECTION('',(-1.,0.,0.));
#2258 = ADVANCED_FACE('',(#2259),#2270,.T.);
#2259 = FACE_BOUND('',#2260,.T.);
#2260 = EDGE_LOOP('',(#2261,#2262,#2263,#2269));
#2261 = ORIENTED_EDGE('',*,*,#1647,.F.);
#2262 = ORIENTED_EDGE('',*,*,#2248,.T.);
#2263 = ORIENTED_EDGE('',*,*,#2264,.T.);
#2264 = EDGE_CURVE('',#2241,#2185,#2265,.T.);
#2265 = LINE('',#2266,#2267);
#2266 = CARTESIAN_POINT('',(2.09,0.25,-3.5));
#2267 = VECTOR('',#2268,1.);
#2268 = DIRECTION('',(0.,-1.,0.));
#2269 = ORIENTED_EDGE('',*,*,#2184,.F.);
#2270 = PLANE('',#2271);
#2271 = AXIS2_PLACEMENT_3D('',#2272,#2273,#2274);
#2272 = CARTESIAN_POINT('',(2.09,0.25,1.3));
#2273 = DIRECTION('',(-1.,0.,0.));
#2274 = DIRECTION('',(0.,-1.,0.));
#2275 = ADVANCED_FACE('',(#2276),#2301,.T.);
#2276 = FACE_BOUND('',#2277,.T.);
#2277 = EDGE_LOOP('',(#2278,#2279,#2287,#2295));
#2278 = ORIENTED_EDGE('',*,*,#1671,.F.);
#2279 = ORIENTED_EDGE('',*,*,#2280,.T.);
#2280 = EDGE_CURVE('',#1672,#2281,#2283,.T.);
#2281 = VERTEX_POINT('',#2282);
#2282 = CARTESIAN_POINT('',(-0.45,-0.25,-3.5));
#2283 = LINE('',#2284,#2285);
#2284 = CARTESIAN_POINT('',(-0.45,-0.25,1.3));
#2285 = VECTOR('',#2286,1.);
#2286 = DIRECTION('',(-0.,-0.,-1.));
#2287 = ORIENTED_EDGE('',*,*,#2288,.T.);
#2288 = EDGE_CURVE('',#2281,#2289,#2291,.T.);
#2289 = VERTEX_POINT('',#2290);
#2290 = CARTESIAN_POINT('',(0.45,-0.25,-3.5));
#2291 = LINE('',#2292,#2293);
#2292 = CARTESIAN_POINT('',(-0.45,-0.25,-3.5));
#2293 = VECTOR('',#2294,1.);
#2294 = DIRECTION('',(1.,0.,0.));
#2295 = ORIENTED_EDGE('',*,*,#2296,.F.);
#2296 = EDGE_CURVE('',#1674,#2289,#2297,.T.);
#2297 = LINE('',#2298,#2299);
#2298 = CARTESIAN_POINT('',(0.45,-0.25,1.3));
#2299 = VECTOR('',#2300,1.);
#2300 = DIRECTION('',(-0.,-0.,-1.));
#2301 = PLANE('',#2302);
#2302 = AXIS2_PLACEMENT_3D('',#2303,#2304,#2305);
#2303 = CARTESIAN_POINT('',(-0.45,-0.25,1.3));
#2304 = DIRECTION('',(0.,-1.,0.));
#2305 = DIRECTION('',(1.,0.,0.));
#2306 = ADVANCED_FACE('',(#2307),#2325,.T.);
#2307 = FACE_BOUND('',#2308,.T.);
#2308 = EDGE_LOOP('',(#2309,#2310,#2311,#2319));
#2309 = ORIENTED_EDGE('',*,*,#1697,.F.);
#2310 = ORIENTED_EDGE('',*,*,#2296,.T.);
#2311 = ORIENTED_EDGE('',*,*,#2312,.T.);
#2312 = EDGE_CURVE('',#2289,#2313,#2315,.T.);
#2313 = VERTEX_POINT('',#2314);
#2314 = CARTESIAN_POINT('',(0.45,0.25,-3.5));
#2315 = LINE('',#2316,#2317);
#2316 = CARTESIAN_POINT('',(0.45,-0.25,-3.5));
#2317 = VECTOR('',#2318,1.);
#2318 = DIRECTION('',(0.,1.,0.));
#2319 = ORIENTED_EDGE('',*,*,#2320,.F.);
#2320 = EDGE_CURVE('',#1690,#2313,#2321,.T.);
#2321 = LINE('',#2322,#2323);
#2322 = CARTESIAN_POINT('',(0.45,0.25,1.3));
#2323 = VECTOR('',#2324,1.);
#2324 = DIRECTION('',(-0.,-0.,-1.));
#2325 = PLANE('',#2326);
#2326 = AXIS2_PLACEMENT_3D('',#2327,#2328,#2329);
#2327 = CARTESIAN_POINT('',(0.45,-0.25,1.3));
#2328 = DIRECTION('',(1.,0.,0.));
#2329 = DIRECTION('',(-0.,1.,0.));
#2330 = ADVANCED_FACE('',(#2331),#2349,.T.);
#2331 = FACE_BOUND('',#2332,.T.);
#2332 = EDGE_LOOP('',(#2333,#2334,#2335,#2343));
#2333 = ORIENTED_EDGE('',*,*,#1689,.F.);
#2334 = ORIENTED_EDGE('',*,*,#2320,.T.);
#2335 = ORIENTED_EDGE('',*,*,#2336,.T.);
#2336 = EDGE_CURVE('',#2313,#2337,#2339,.T.);
#2337 = VERTEX_POINT('',#2338);
#2338 = CARTESIAN_POINT('',(-0.45,0.25,-3.5));
#2339 = LINE('',#2340,#2341);
#2340 = CARTESIAN_POINT('',(0.45,0.25,-3.5));
#2341 = VECTOR('',#2342,1.);
#2342 = DIRECTION('',(-1.,0.,0.));
#2343 = ORIENTED_EDGE('',*,*,#2344,.F.);
#2344 = EDGE_CURVE('',#1682,#2337,#2345,.T.);
#2345 = LINE('',#2346,#2347);
#2346 = CARTESIAN_POINT('',(-0.45,0.25,1.3));
#2347 = VECTOR('',#2348,1.);
#2348 = DIRECTION('',(-0.,-0.,-1.));
#2349 = PLANE('',#2350);
#2350 = AXIS2_PLACEMENT_3D('',#2351,#2352,#2353);
#2351 = CARTESIAN_POINT('',(0.45,0.25,1.3));
#2352 = DIRECTION('',(0.,1.,0.));
#2353 = DIRECTION('',(-1.,0.,0.));
#2354 = ADVANCED_FACE('',(#2355),#2366,.T.);
#2355 = FACE_BOUND('',#2356,.T.);
#2356 = EDGE_LOOP('',(#2357,#2358,#2359,#2365));
#2357 = ORIENTED_EDGE('',*,*,#1681,.F.);
#2358 = ORIENTED_EDGE('',*,*,#2344,.T.);
#2359 = ORIENTED_EDGE('',*,*,#2360,.T.);
#2360 = EDGE_CURVE('',#2337,#2281,#2361,.T.);
#2361 = LINE('',#2362,#2363);
#2362 = CARTESIAN_POINT('',(-0.45,0.25,-3.5));
#2363 = VECTOR('',#2364,1.);
#2364 = DIRECTION('',(0.,-1.,0.));
#2365 = ORIENTED_EDGE('',*,*,#2280,.F.);
#2366 = PLANE('',#2367);
#2367 = AXIS2_PLACEMENT_3D('',#2368,#2369,#2370);
#2368 = CARTESIAN_POINT('',(-0.45,0.25,1.3));
#2369 = DIRECTION('',(-1.,0.,0.));
#2370 = DIRECTION('',(0.,-1.,0.));
#2371 = ADVANCED_FACE('',(#2372),#2383,.F.);
#2372 = FACE_BOUND('',#2373,.F.);
#2373 = EDGE_LOOP('',(#2374,#2380,#2381,#2382));
#2374 = ORIENTED_EDGE('',*,*,#2375,.T.);
#2375 = EDGE_CURVE('',#1879,#1927,#2376,.T.);
#2376 = LINE('',#2377,#2378);
#2377 = CARTESIAN_POINT('',(-1.5,-2.36,5.1));
#2378 = VECTOR('',#2379,1.);
#2379 = DIRECTION('',(1.,0.,0.));
#2380 = ORIENTED_EDGE('',*,*,#1926,.T.);
#2381 = ORIENTED_EDGE('',*,*,#1719,.F.);
#2382 = ORIENTED_EDGE('',*,*,#1878,.F.);
#2383 = PLANE('',#2384);
#2384 = AXIS2_PLACEMENT_3D('',#2385,#2386,#2387);
#2385 = CARTESIAN_POINT('',(-1.5,-2.36,5.1));
#2386 = DIRECTION('',(0.,0.,-1.));
#2387 = DIRECTION('',(0.,-1.,0.));
#2388 = ADVANCED_FACE('',(#2389),#2412,.F.);
#2389 = FACE_BOUND('',#2390,.F.);
#2390 = EDGE_LOOP('',(#2391,#2401,#2406,#2407));
#2391 = ORIENTED_EDGE('',*,*,#2392,.T.);
#2392 = EDGE_CURVE('',#2393,#2395,#2397,.T.);
#2393 = VERTEX_POINT('',#2394);
#2394 = CARTESIAN_POINT('',(-0.7,-1.95,1.3));
#2395 = VERTEX_POINT('',#2396);
#2396 = CARTESIAN_POINT('',(0.7,-1.95,1.3));
#2397 = LINE('',#2398,#2399);
#2398 = CARTESIAN_POINT('',(-0.7,-1.95,1.3));
#2399 = VECTOR('',#2400,1.);
#2400 = DIRECTION('',(1.,0.,0.));
#2401 = ORIENTED_EDGE('',*,*,#2402,.T.);
#2402 = EDGE_CURVE('',#2395,#1737,#2403,.T.);
#2403 = B_SPLINE_CURVE_WITH_KNOTS('',1,(#2404,#2405),.UNSPECIFIED.,.F.,
  .F.,(2,2),(0.,1.),.PIECEWISE_BEZIER_KNOTS.);
#2404 = CARTESIAN_POINT('',(0.7,-1.95,1.3));
#2405 = CARTESIAN_POINT('',(1.075,-3.1,0.15));
#2406 = ORIENTED_EDGE('',*,*,#1736,.T.);
#2407 = ORIENTED_EDGE('',*,*,#2408,.F.);
#2408 = EDGE_CURVE('',#2393,#1739,#2409,.T.);
#2409 = B_SPLINE_CURVE_WITH_KNOTS('',1,(#2410,#2411),.UNSPECIFIED.,.F.,
  .F.,(2,2),(0.,1.),.PIECEWISE_BEZIER_KNOTS.);
#2410 = CARTESIAN_POINT('',(-0.7,-1.95,1.3));
#2411 = CARTESIAN_POINT('',(-1.075,-3.1,0.15));
#2412 = B_SPLINE_SURFACE_WITH_KNOTS('',1,1,(
    (#2413,#2414)
    ,(#2415,#2416
    )),.UNSPECIFIED.,.F.,.F.,.F.,(2,2),(2,2),(-2.15,0.),(0.,1.),
  .PIECEWISE_BEZIER_KNOTS.);
#2413 = CARTESIAN_POINT('',(-0.7,-1.95,1.3));
#2414 = CARTESIAN_POINT('',(-1.075,-3.1,0.15));
#2415 = CARTESIAN_POINT('',(0.7,-1.95,1.3));
#2416 = CARTESIAN_POINT('',(1.075,-3.1,0.15));
#2417 = ADVANCED_FACE('',(#2418),#2435,.F.);
#2418 = FACE_BOUND('',#2419,.F.);
#2419 = EDGE_LOOP('',(#2420,#2428,#2433,#2434));
#2420 = ORIENTED_EDGE('',*,*,#2421,.T.);
#2421 = EDGE_CURVE('',#2395,#2422,#2424,.T.);
#2422 = VERTEX_POINT('',#2423);
#2423 = CARTESIAN_POINT('',(0.7,-1.95,3.1));
#2424 = LINE('',#2425,#2426);
#2425 = CARTESIAN_POINT('',(0.7,-1.95,1.3));
#2426 = VECTOR('',#2427,1.);
#2427 = DIRECTION('',(0.,0.,1.));
#2428 = ORIENTED_EDGE('',*,*,#2429,.T.);
#2429 = EDGE_CURVE('',#2422,#1747,#2430,.T.);
#2430 = B_SPLINE_CURVE_WITH_KNOTS('',1,(#2431,#2432),.UNSPECIFIED.,.F.,
  .F.,(2,2),(0.,1.),.PIECEWISE_BEZIER_KNOTS.);
#2431 = CARTESIAN_POINT('',(0.7,-1.95,3.1));
#2432 = CARTESIAN_POINT('',(1.075,-3.1,4.6));
#2433 = ORIENTED_EDGE('',*,*,#1746,.T.);
#2434 = ORIENTED_EDGE('',*,*,#2402,.F.);
#2435 = B_SPLINE_SURFACE_WITH_KNOTS('',1,1,(
    (#2436,#2437)
    ,(#2438,#2439
    )),.UNSPECIFIED.,.F.,.F.,.F.,(2,2),(2,2),(-4.45,0.),(0.,1.),
  .PIECEWISE_BEZIER_KNOTS.);
#2436 = CARTESIAN_POINT('',(0.7,-1.95,1.3));
#2437 = CARTESIAN_POINT('',(1.075,-3.1,0.15));
#2438 = CARTESIAN_POINT('',(0.7,-1.95,3.1));
#2439 = CARTESIAN_POINT('',(1.075,-3.1,4.6));
#2440 = ADVANCED_FACE('',(#2441),#2458,.F.);
#2441 = FACE_BOUND('',#2442,.F.);
#2442 = EDGE_LOOP('',(#2443,#2451,#2452,#2453));
#2443 = ORIENTED_EDGE('',*,*,#2444,.T.);
#2444 = EDGE_CURVE('',#2445,#2393,#2447,.T.);
#2445 = VERTEX_POINT('',#2446);
#2446 = CARTESIAN_POINT('',(-0.7,-1.95,3.1));
#2447 = LINE('',#2448,#2449);
#2448 = CARTESIAN_POINT('',(-0.7,-1.95,3.1));
#2449 = VECTOR('',#2450,1.);
#2450 = DIRECTION('',(0.,0.,-1.));
#2451 = ORIENTED_EDGE('',*,*,#2408,.T.);
#2452 = ORIENTED_EDGE('',*,*,#1762,.T.);
#2453 = ORIENTED_EDGE('',*,*,#2454,.F.);
#2454 = EDGE_CURVE('',#2445,#1755,#2455,.T.);
#2455 = B_SPLINE_CURVE_WITH_KNOTS('',1,(#2456,#2457),.UNSPECIFIED.,.F.,
  .F.,(2,2),(0.,1.),.PIECEWISE_BEZIER_KNOTS.);
#2456 = CARTESIAN_POINT('',(-0.7,-1.95,3.1));
#2457 = CARTESIAN_POINT('',(-1.075,-3.1,4.6));
#2458 = B_SPLINE_SURFACE_WITH_KNOTS('',1,1,(
    (#2459,#2460)
    ,(#2461,#2462
    )),.UNSPECIFIED.,.F.,.F.,.F.,(2,2),(2,2),(-4.45,0.),(0.,1.),
  .PIECEWISE_BEZIER_KNOTS.);
#2459 = CARTESIAN_POINT('',(-0.7,-1.95,3.1));
#2460 = CARTESIAN_POINT('',(-1.075,-3.1,4.6));
#2461 = CARTESIAN_POINT('',(-0.7,-1.95,1.3));
#2462 = CARTESIAN_POINT('',(-1.075,-3.1,0.15));
#2463 = ADVANCED_FACE('',(#2464),#2475,.F.);
#2464 = FACE_BOUND('',#2465,.F.);
#2465 = EDGE_LOOP('',(#2466,#2472,#2473,#2474));
#2466 = ORIENTED_EDGE('',*,*,#2467,.T.);
#2467 = EDGE_CURVE('',#2422,#2445,#2468,.T.);
#2468 = LINE('',#2469,#2470);
#2469 = CARTESIAN_POINT('',(0.7,-1.95,3.1));
#2470 = VECTOR('',#2471,1.);
#2471 = DIRECTION('',(-1.,0.,0.));
#2472 = ORIENTED_EDGE('',*,*,#2454,.T.);
#2473 = ORIENTED_EDGE('',*,*,#1754,.T.);
#2474 = ORIENTED_EDGE('',*,*,#2429,.F.);
#2475 = B_SPLINE_SURFACE_WITH_KNOTS('',1,1,(
    (#2476,#2477)
    ,(#2478,#2479
    )),.UNSPECIFIED.,.F.,.F.,.F.,(2,2),(2,2),(-2.15,0.),(0.,1.),
  .PIECEWISE_BEZIER_KNOTS.);
#2476 = CARTESIAN_POINT('',(0.7,-1.95,3.1));
#2477 = CARTESIAN_POINT('',(1.075,-3.1,4.6));
#2478 = CARTESIAN_POINT('',(-0.7,-1.95,3.1));
#2479 = CARTESIAN_POINT('',(-1.075,-3.1,4.6));
#2480 = ADVANCED_FACE('',(#2481),#2504,.F.);
#2481 = FACE_BOUND('',#2482,.F.);
#2482 = EDGE_LOOP('',(#2483,#2493,#2498,#2499));
#2483 = ORIENTED_EDGE('',*,*,#2484,.T.);
#2484 = EDGE_CURVE('',#2485,#2487,#2489,.T.);
#2485 = VERTEX_POINT('',#2486);
#2486 = CARTESIAN_POINT('',(1.84,-1.95,1.3));
#2487 = VERTEX_POINT('',#2488);
#2488 = CARTESIAN_POINT('',(3.24,-1.95,1.3));
#2489 = LINE('',#2490,#2491);
#2490 = CARTESIAN_POINT('',(1.84,-1.95,1.3));
#2491 = VECTOR('',#2492,1.);
#2492 = DIRECTION('',(1.,0.,0.));
#2493 = ORIENTED_EDGE('',*,*,#2494,.T.);
#2494 = EDGE_CURVE('',#2487,#1771,#2495,.T.);
#2495 = B_SPLINE_CURVE_WITH_KNOTS('',1,(#2496,#2497),.UNSPECIFIED.,.F.,
  .F.,(2,2),(0.,1.),.PIECEWISE_BEZIER_KNOTS.);
#2496 = CARTESIAN_POINT('',(3.24,-1.95,1.3));
#2497 = CARTESIAN_POINT('',(3.615,-3.1,0.15));
#2498 = ORIENTED_EDGE('',*,*,#1770,.T.);
#2499 = ORIENTED_EDGE('',*,*,#2500,.F.);
#2500 = EDGE_CURVE('',#2485,#1773,#2501,.T.);
#2501 = B_SPLINE_CURVE_WITH_KNOTS('',1,(#2502,#2503),.UNSPECIFIED.,.F.,
  .F.,(2,2),(0.,1.),.PIECEWISE_BEZIER_KNOTS.);
#2502 = CARTESIAN_POINT('',(1.84,-1.95,1.3));
#2503 = CARTESIAN_POINT('',(1.465,-3.1,0.15));
#2504 = B_SPLINE_SURFACE_WITH_KNOTS('',1,1,(
    (#2505,#2506)
    ,(#2507,#2508
    )),.UNSPECIFIED.,.F.,.F.,.F.,(2,2),(2,2),(-2.15,0.),(0.,1.),
  .PIECEWISE_BEZIER_KNOTS.);
#2505 = CARTESIAN_POINT('',(1.84,-1.95,1.3));
#2506 = CARTESIAN_POINT('',(1.465,-3.1,0.15));
#2507 = CARTESIAN_POINT('',(3.24,-1.95,1.3));
#2508 = CARTESIAN_POINT('',(3.615,-3.1,0.15));
#2509 = ADVANCED_FACE('',(#2510),#2527,.F.);
#2510 = FACE_BOUND('',#2511,.F.);
#2511 = EDGE_LOOP('',(#2512,#2520,#2525,#2526));
#2512 = ORIENTED_EDGE('',*,*,#2513,.T.);
#2513 = EDGE_CURVE('',#2487,#2514,#2516,.T.);
#2514 = VERTEX_POINT('',#2515);
#2515 = CARTESIAN_POINT('',(3.24,-1.95,3.1));
#2516 = LINE('',#2517,#2518);
#2517 = CARTESIAN_POINT('',(3.24,-1.95,1.3));
#2518 = VECTOR('',#2519,1.);
#2519 = DIRECTION('',(0.,0.,1.));
#2520 = ORIENTED_EDGE('',*,*,#2521,.T.);
#2521 = EDGE_CURVE('',#2514,#1781,#2522,.T.);
#2522 = B_SPLINE_CURVE_WITH_KNOTS('',1,(#2523,#2524),.UNSPECIFIED.,.F.,
  .F.,(2,2),(0.,1.),.PIECEWISE_BEZIER_KNOTS.);
#2523 = CARTESIAN_POINT('',(3.24,-1.95,3.1));
#2524 = CARTESIAN_POINT('',(3.615,-3.1,4.6));
#2525 = ORIENTED_EDGE('',*,*,#1780,.T.);
#2526 = ORIENTED_EDGE('',*,*,#2494,.F.);
#2527 = B_SPLINE_SURFACE_WITH_KNOTS('',1,1,(
    (#2528,#2529)
    ,(#2530,#2531
    )),.UNSPECIFIED.,.F.,.F.,.F.,(2,2),(2,2),(-4.45,0.),(0.,1.),
  .PIECEWISE_BEZIER_KNOTS.);
#2528 = CARTESIAN_POINT('',(3.24,-1.95,1.3));
#2529 = CARTESIAN_POINT('',(3.615,-3.1,0.15));
#2530 = CARTESIAN_POINT('',(3.24,-1.95,3.1));
#2531 = CARTESIAN_POINT('',(3.615,-3.1,4.6));
#2532 = ADVANCED_FACE('',(#2533),#2550,.F.);
#2533 = FACE_BOUND('',#2534,.F.);
#2534 = EDGE_LOOP('',(#2535,#2543,#2544,#2545));
#2535 = ORIENTED_EDGE('',*,*,#2536,.T.);
#2536 = EDGE_CURVE('',#2537,#2485,#2539,.T.);
#2537 = VERTEX_POINT('',#2538);
#2538 = CARTESIAN_POINT('',(1.84,-1.95,3.1));
#2539 = LINE('',#2540,#2541);
#2540 = CARTESIAN_POINT('',(1.84,-1.95,3.1));
#2541 = VECTOR('',#2542,1.);
#2542 = DIRECTION('',(0.,0.,-1.));
#2543 = ORIENTED_EDGE('',*,*,#2500,.T.);
#2544 = ORIENTED_EDGE('',*,*,#1796,.T.);
#2545 = ORIENTED_EDGE('',*,*,#2546,.F.);
#2546 = EDGE_CURVE('',#2537,#1789,#2547,.T.);
#2547 = B_SPLINE_CURVE_WITH_KNOTS('',1,(#2548,#2549),.UNSPECIFIED.,.F.,
  .F.,(2,2),(0.,1.),.PIECEWISE_BEZIER_KNOTS.);
#2548 = CARTESIAN_POINT('',(1.84,-1.95,3.1));
#2549 = CARTESIAN_POINT('',(1.465,-3.1,4.6));
#2550 = B_SPLINE_SURFACE_WITH_KNOTS('',1,1,(
    (#2551,#2552)
    ,(#2553,#2554
    )),.UNSPECIFIED.,.F.,.F.,.F.,(2,2),(2,2),(-4.45,0.),(0.,1.),
  .PIECEWISE_BEZIER_KNOTS.);
#2551 = CARTESIAN_POINT('',(1.84,-1.95,3.1));
#2552 = CARTESIAN_POINT('',(1.465,-3.1,4.6));
#2553 = CARTESIAN_POINT('',(1.84,-1.95,1.3));
#2554 = CARTESIAN_POINT('',(1.465,-3.1,0.15));
#2555 = ADVANCED_FACE('',(#2556),#2567,.F.);
#2556 = FACE_BOUND('',#2557,.F.);
#2557 = EDGE_LOOP('',(#2558,#2564,#2565,#2566));
#2558 = ORIENTED_EDGE('',*,*,#2559,.T.);
#2559 = EDGE_CURVE('',#2514,#2537,#2560,.T.);
#2560 = LINE('',#2561,#2562);
#2561 = CARTESIAN_POINT('',(3.24,-1.95,3.1));
#2562 = VECTOR('',#2563,1.);
#2563 = DIRECTION('',(-1.,0.,0.));
#2564 = ORIENTED_EDGE('',*,*,#2546,.T.);
#2565 = ORIENTED_EDGE('',*,*,#1788,.T.);
#2566 = ORIENTED_EDGE('',*,*,#2521,.F.);
#2567 = B_SPLINE_SURFACE_WITH_KNOTS('',1,1,(
    (#2568,#2569)
    ,(#2570,#2571
    )),.UNSPECIFIED.,.F.,.F.,.F.,(2,2),(2,2),(-2.15,0.),(0.,1.),
  .PIECEWISE_BEZIER_KNOTS.);
#2568 = CARTESIAN_POINT('',(3.24,-1.95,3.1));
#2569 = CARTESIAN_POINT('',(3.615,-3.1,4.6));
#2570 = CARTESIAN_POINT('',(1.84,-1.95,3.1));
#2571 = CARTESIAN_POINT('',(1.465,-3.1,4.6));
#2572 = ADVANCED_FACE('',(#2573),#2596,.F.);
#2573 = FACE_BOUND('',#2574,.F.);
#2574 = EDGE_LOOP('',(#2575,#2585,#2590,#2591));
#2575 = ORIENTED_EDGE('',*,*,#2576,.T.);
#2576 = EDGE_CURVE('',#2577,#2579,#2581,.T.);
#2577 = VERTEX_POINT('',#2578);
#2578 = CARTESIAN_POINT('',(4.38,-1.95,1.3));
#2579 = VERTEX_POINT('',#2580);
#2580 = CARTESIAN_POINT('',(5.78,-1.95,1.3));
#2581 = LINE('',#2582,#2583);
#2582 = CARTESIAN_POINT('',(4.38,-1.95,1.3));
#2583 = VECTOR('',#2584,1.);
#2584 = DIRECTION('',(1.,0.,0.));
#2585 = ORIENTED_EDGE('',*,*,#2586,.T.);
#2586 = EDGE_CURVE('',#2579,#1805,#2587,.T.);
#2587 = B_SPLINE_CURVE_WITH_KNOTS('',1,(#2588,#2589),.UNSPECIFIED.,.F.,
  .F.,(2,2),(0.,1.),.PIECEWISE_BEZIER_KNOTS.);
#2588 = CARTESIAN_POINT('',(5.78,-1.95,1.3));
#2589 = CARTESIAN_POINT('',(6.155,-3.1,0.15));
#2590 = ORIENTED_EDGE('',*,*,#1804,.T.);
#2591 = ORIENTED_EDGE('',*,*,#2592,.F.);
#2592 = EDGE_CURVE('',#2577,#1807,#2593,.T.);
#2593 = B_SPLINE_CURVE_WITH_KNOTS('',1,(#2594,#2595),.UNSPECIFIED.,.F.,
  .F.,(2,2),(0.,1.),.PIECEWISE_BEZIER_KNOTS.);
#2594 = CARTESIAN_POINT('',(4.38,-1.95,1.3));
#2595 = CARTESIAN_POINT('',(4.005,-3.1,0.15));
#2596 = B_SPLINE_SURFACE_WITH_KNOTS('',1,1,(
    (#2597,#2598)
    ,(#2599,#2600
    )),.UNSPECIFIED.,.F.,.F.,.F.,(2,2),(2,2),(-2.15,0.),(0.,1.),
  .PIECEWISE_BEZIER_KNOTS.);
#2597 = CARTESIAN_POINT('',(4.38,-1.95,1.3));
#2598 = CARTESIAN_POINT('',(4.005,-3.1,0.15));
#2599 = CARTESIAN_POINT('',(5.78,-1.95,1.3));
#2600 = CARTESIAN_POINT('',(6.155,-3.1,0.15));
#2601 = ADVANCED_FACE('',(#2602),#2619,.F.);
#2602 = FACE_BOUND('',#2603,.F.);
#2603 = EDGE_LOOP('',(#2604,#2612,#2617,#2618));
#2604 = ORIENTED_EDGE('',*,*,#2605,.T.);
#2605 = EDGE_CURVE('',#2579,#2606,#2608,.T.);
#2606 = VERTEX_POINT('',#2607);
#2607 = CARTESIAN_POINT('',(5.78,-1.95,3.1));
#2608 = LINE('',#2609,#2610);
#2609 = CARTESIAN_POINT('',(5.78,-1.95,1.3));
#2610 = VECTOR('',#2611,1.);
#2611 = DIRECTION('',(0.,0.,1.));
#2612 = ORIENTED_EDGE('',*,*,#2613,.T.);
#2613 = EDGE_CURVE('',#2606,#1815,#2614,.T.);
#2614 = B_SPLINE_CURVE_WITH_KNOTS('',1,(#2615,#2616),.UNSPECIFIED.,.F.,
  .F.,(2,2),(0.,1.),.PIECEWISE_BEZIER_KNOTS.);
#2615 = CARTESIAN_POINT('',(5.78,-1.95,3.1));
#2616 = CARTESIAN_POINT('',(6.155,-3.1,4.6));
#2617 = ORIENTED_EDGE('',*,*,#1814,.T.);
#2618 = ORIENTED_EDGE('',*,*,#2586,.F.);
#2619 = B_SPLINE_SURFACE_WITH_KNOTS('',1,1,(
    (#2620,#2621)
    ,(#2622,#2623
    )),.UNSPECIFIED.,.F.,.F.,.F.,(2,2),(2,2),(-4.45,0.),(0.,1.),
  .PIECEWISE_BEZIER_KNOTS.);
#2620 = CARTESIAN_POINT('',(5.78,-1.95,1.3));
#2621 = CARTESIAN_POINT('',(6.155,-3.1,0.15));
#2622 = CARTESIAN_POINT('',(5.78,-1.95,3.1));
#2623 = CARTESIAN_POINT('',(6.155,-3.1,4.6));
#2624 = ADVANCED_FACE('',(#2625),#2642,.F.);
#2625 = FACE_BOUND('',#2626,.F.);
#2626 = EDGE_LOOP('',(#2627,#2635,#2636,#2637));
#2627 = ORIENTED_EDGE('',*,*,#2628,.T.);
#2628 = EDGE_CURVE('',#2629,#2577,#2631,.T.);
#2629 = VERTEX_POINT('',#2630);
#2630 = CARTESIAN_POINT('',(4.38,-1.95,3.1));
#2631 = LINE('',#2632,#2633);
#2632 = CARTESIAN_POINT('',(4.38,-1.95,3.1));
#2633 = VECTOR('',#2634,1.);
#2634 = DIRECTION('',(0.,0.,-1.));
#2635 = ORIENTED_EDGE('',*,*,#2592,.T.);
#2636 = ORIENTED_EDGE('',*,*,#1830,.T.);
#2637 = ORIENTED_EDGE('',*,*,#2638,.F.);
#2638 = EDGE_CURVE('',#2629,#1823,#2639,.T.);
#2639 = B_SPLINE_CURVE_WITH_KNOTS('',1,(#2640,#2641),.UNSPECIFIED.,.F.,
  .F.,(2,2),(0.,1.),.PIECEWISE_BEZIER_KNOTS.);
#2640 = CARTESIAN_POINT('',(4.38,-1.95,3.1));
#2641 = CARTESIAN_POINT('',(4.005,-3.1,4.6));
#2642 = B_SPLINE_SURFACE_WITH_KNOTS('',1,1,(
    (#2643,#2644)
    ,(#2645,#2646
    )),.UNSPECIFIED.,.F.,.F.,.F.,(2,2),(2,2),(-4.45,0.),(0.,1.),
  .PIECEWISE_BEZIER_KNOTS.);
#2643 = CARTESIAN_POINT('',(4.38,-1.95,3.1));
#2644 = CARTESIAN_POINT('',(4.005,-3.1,4.6));
#2645 = CARTESIAN_POINT('',(4.38,-1.95,1.3));
#2646 = CARTESIAN_POINT('',(4.005,-3.1,0.15));
#2647 = ADVANCED_FACE('',(#2648),#2659,.F.);
#2648 = FACE_BOUND('',#2649,.F.);
#2649 = EDGE_LOOP('',(#2650,#2656,#2657,#2658));
#2650 = ORIENTED_EDGE('',*,*,#2651,.T.);
#2651 = EDGE_CURVE('',#2606,#2629,#2652,.T.);
#2652 = LINE('',#2653,#2654);
#2653 = CARTESIAN_POINT('',(5.78,-1.95,3.1));
#2654 = VECTOR('',#2655,1.);
#2655 = DIRECTION('',(-1.,0.,0.));
#2656 = ORIENTED_EDGE('',*,*,#2638,.T.);
#2657 = ORIENTED_EDGE('',*,*,#1822,.T.);
#2658 = ORIENTED_EDGE('',*,*,#2613,.F.);
#2659 = B_SPLINE_SURFACE_WITH_KNOTS('',1,1,(
    (#2660,#2661)
    ,(#2662,#2663
    )),.UNSPECIFIED.,.F.,.F.,.F.,(2,2),(2,2),(-2.15,0.),(0.,1.),
  .PIECEWISE_BEZIER_KNOTS.);
#2660 = CARTESIAN_POINT('',(5.78,-1.95,3.1));
#2661 = CARTESIAN_POINT('',(6.155,-3.1,4.6));
#2662 = CARTESIAN_POINT('',(4.38,-1.95,3.1));
#2663 = CARTESIAN_POINT('',(4.005,-3.1,4.6));
#2664 = ADVANCED_FACE('',(#2665),#2688,.F.);
#2665 = FACE_BOUND('',#2666,.F.);
#2666 = EDGE_LOOP('',(#2667,#2677,#2682,#2683));
#2667 = ORIENTED_EDGE('',*,*,#2668,.T.);
#2668 = EDGE_CURVE('',#2669,#2671,#2673,.T.);
#2669 = VERTEX_POINT('',#2670);
#2670 = CARTESIAN_POINT('',(6.92,-1.95,1.3));
#2671 = VERTEX_POINT('',#2672);
#2672 = CARTESIAN_POINT('',(8.32,-1.95,1.3));
#2673 = LINE('',#2674,#2675);
#2674 = CARTESIAN_POINT('',(6.92,-1.95,1.3));
#2675 = VECTOR('',#2676,1.);
#2676 = DIRECTION('',(1.,0.,0.));
#2677 = ORIENTED_EDGE('',*,*,#2678,.T.);
#2678 = EDGE_CURVE('',#2671,#1839,#2679,.T.);
#2679 = B_SPLINE_CURVE_WITH_KNOTS('',1,(#2680,#2681),.UNSPECIFIED.,.F.,
  .F.,(2,2),(0.,1.),.PIECEWISE_BEZIER_KNOTS.);
#2680 = CARTESIAN_POINT('',(8.32,-1.95,1.3));
#2681 = CARTESIAN_POINT('',(8.695,-3.1,0.15));
#2682 = ORIENTED_EDGE('',*,*,#1838,.T.);
#2683 = ORIENTED_EDGE('',*,*,#2684,.F.);
#2684 = EDGE_CURVE('',#2669,#1841,#2685,.T.);
#2685 = B_SPLINE_CURVE_WITH_KNOTS('',1,(#2686,#2687),.UNSPECIFIED.,.F.,
  .F.,(2,2),(0.,1.),.PIECEWISE_BEZIER_KNOTS.);
#2686 = CARTESIAN_POINT('',(6.92,-1.95,1.3));
#2687 = CARTESIAN_POINT('',(6.545,-3.1,0.15));
#2688 = B_SPLINE_SURFACE_WITH_KNOTS('',1,1,(
    (#2689,#2690)
    ,(#2691,#2692
    )),.UNSPECIFIED.,.F.,.F.,.F.,(2,2),(2,2),(-2.15,0.),(0.,1.),
  .PIECEWISE_BEZIER_KNOTS.);
#2689 = CARTESIAN_POINT('',(6.92,-1.95,1.3));
#2690 = CARTESIAN_POINT('',(6.545,-3.1,0.15));
#2691 = CARTESIAN_POINT('',(8.32,-1.95,1.3));
#2692 = CARTESIAN_POINT('',(8.695,-3.1,0.15));
#2693 = ADVANCED_FACE('',(#2694),#2711,.F.);
#2694 = FACE_BOUND('',#2695,.F.);
#2695 = EDGE_LOOP('',(#2696,#2704,#2709,#2710));
#2696 = ORIENTED_EDGE('',*,*,#2697,.T.);
#2697 = EDGE_CURVE('',#2671,#2698,#2700,.T.);
#2698 = VERTEX_POINT('',#2699);
#2699 = CARTESIAN_POINT('',(8.32,-1.95,3.1));
#2700 = LINE('',#2701,#2702);
#2701 = CARTESIAN_POINT('',(8.32,-1.95,1.3));
#2702 = VECTOR('',#2703,1.);
#2703 = DIRECTION('',(0.,0.,1.));
#2704 = ORIENTED_EDGE('',*,*,#2705,.T.);
#2705 = EDGE_CURVE('',#2698,#1849,#2706,.T.);
#2706 = B_SPLINE_CURVE_WITH_KNOTS('',1,(#2707,#2708),.UNSPECIFIED.,.F.,
  .F.,(2,2),(0.,1.),.PIECEWISE_BEZIER_KNOTS.);
#2707 = CARTESIAN_POINT('',(8.32,-1.95,3.1));
#2708 = CARTESIAN_POINT('',(8.695,-3.1,4.6));
#2709 = ORIENTED_EDGE('',*,*,#1848,.T.);
#2710 = ORIENTED_EDGE('',*,*,#2678,.F.);
#2711 = B_SPLINE_SURFACE_WITH_KNOTS('',1,1,(
    (#2712,#2713)
    ,(#2714,#2715
    )),.UNSPECIFIED.,.F.,.F.,.F.,(2,2),(2,2),(-4.45,0.),(0.,1.),
  .PIECEWISE_BEZIER_KNOTS.);
#2712 = CARTESIAN_POINT('',(8.32,-1.95,1.3));
#2713 = CARTESIAN_POINT('',(8.695,-3.1,0.15));
#2714 = CARTESIAN_POINT('',(8.32,-1.95,3.1));
#2715 = CARTESIAN_POINT('',(8.695,-3.1,4.6));
#2716 = ADVANCED_FACE('',(#2717),#2734,.F.);
#2717 = FACE_BOUND('',#2718,.F.);
#2718 = EDGE_LOOP('',(#2719,#2727,#2728,#2729));
#2719 = ORIENTED_EDGE('',*,*,#2720,.T.);
#2720 = EDGE_CURVE('',#2721,#2669,#2723,.T.);
#2721 = VERTEX_POINT('',#2722);
#2722 = CARTESIAN_POINT('',(6.92,-1.95,3.1));
#2723 = LINE('',#2724,#2725);
#2724 = CARTESIAN_POINT('',(6.92,-1.95,3.1));
#2725 = VECTOR('',#2726,1.);
#2726 = DIRECTION('',(0.,0.,-1.));
#2727 = ORIENTED_EDGE('',*,*,#2684,.T.);
#2728 = ORIENTED_EDGE('',*,*,#1864,.T.);
#2729 = ORIENTED_EDGE('',*,*,#2730,.F.);
#2730 = EDGE_CURVE('',#2721,#1857,#2731,.T.);
#2731 = B_SPLINE_CURVE_WITH_KNOTS('',1,(#2732,#2733),.UNSPECIFIED.,.F.,
  .F.,(2,2),(0.,1.),.PIECEWISE_BEZIER_KNOTS.);
#2732 = CARTESIAN_POINT('',(6.92,-1.95,3.1));
#2733 = CARTESIAN_POINT('',(6.545,-3.1,4.6));
#2734 = B_SPLINE_SURFACE_WITH_KNOTS('',1,1,(
    (#2735,#2736)
    ,(#2737,#2738
    )),.UNSPECIFIED.,.F.,.F.,.F.,(2,2),(2,2),(-4.45,0.),(0.,1.),
  .PIECEWISE_BEZIER_KNOTS.);
#2735 = CARTESIAN_POINT('',(6.92,-1.95,3.1));
#2736 = CARTESIAN_POINT('',(6.545,-3.1,4.6));
#2737 = CARTESIAN_POINT('',(6.92,-1.95,1.3));
#2738 = CARTESIAN_POINT('',(6.545,-3.1,0.15));
#2739 = ADVANCED_FACE('',(#2740),#2751,.F.);
#2740 = FACE_BOUND('',#2741,.F.);
#2741 = EDGE_LOOP('',(#2742,#2748,#2749,#2750));
#2742 = ORIENTED_EDGE('',*,*,#2743,.T.);
#2743 = EDGE_CURVE('',#2698,#2721,#2744,.T.);
#2744 = LINE('',#2745,#2746);
#2745 = CARTESIAN_POINT('',(8.32,-1.95,3.1));
#2746 = VECTOR('',#2747,1.);
#2747 = DIRECTION('',(-1.,0.,0.));
#2748 = ORIENTED_EDGE('',*,*,#2730,.T.);
#2749 = ORIENTED_EDGE('',*,*,#1856,.T.);
#2750 = ORIENTED_EDGE('',*,*,#2705,.F.);
#2751 = B_SPLINE_SURFACE_WITH_KNOTS('',1,1,(
    (#2752,#2753)
    ,(#2754,#2755
    )),.UNSPECIFIED.,.F.,.F.,.F.,(2,2),(2,2),(-2.15,0.),(0.,1.),
  .PIECEWISE_BEZIER_KNOTS.);
#2752 = CARTESIAN_POINT('',(8.32,-1.95,3.1));
#2753 = CARTESIAN_POINT('',(8.695,-3.1,4.6));
#2754 = CARTESIAN_POINT('',(6.92,-1.95,3.1));
#2755 = CARTESIAN_POINT('',(6.545,-3.1,4.6));
#2756 = ADVANCED_FACE('',(#2757),#2768,.F.);
#2757 = FACE_BOUND('',#2758,.F.);
#2758 = EDGE_LOOP('',(#2759,#2765,#2766,#2767));
#2759 = ORIENTED_EDGE('',*,*,#2760,.T.);
#2760 = EDGE_CURVE('',#1905,#1953,#2761,.T.);
#2761 = LINE('',#2762,#2763);
#2762 = CARTESIAN_POINT('',(-1.5,-1.45,8.5));
#2763 = VECTOR('',#2764,1.);
#2764 = DIRECTION('',(1.,0.,0.));
#2765 = ORIENTED_EDGE('',*,*,#1960,.T.);
#2766 = ORIENTED_EDGE('',*,*,#2375,.F.);
#2767 = ORIENTED_EDGE('',*,*,#1912,.F.);
#2768 = PLANE('',#2769);
#2769 = AXIS2_PLACEMENT_3D('',#2770,#2771,#2772);
#2770 = CARTESIAN_POINT('',(-1.5,-1.45,8.5));
#2771 = DIRECTION('',(0.,0.965998753077,-0.258546725088));
#2772 = DIRECTION('',(0.,-0.258546725088,-0.965998753077));
#2773 = ADVANCED_FACE('',(#2774,#2785,#2796,#2807,#2818),#2829,.F.);
#2774 = FACE_BOUND('',#2775,.F.);
#2775 = EDGE_LOOP('',(#2776,#2777,#2783,#2784));
#2776 = ORIENTED_EDGE('',*,*,#1904,.F.);
#2777 = ORIENTED_EDGE('',*,*,#2778,.T.);
#2778 = EDGE_CURVE('',#1897,#1945,#2779,.T.);
#2779 = LINE('',#2780,#2781);
#2780 = CARTESIAN_POINT('',(-1.5,1.35,8.5));
#2781 = VECTOR('',#2782,1.);
#2782 = DIRECTION('',(1.,0.,0.));
#2783 = ORIENTED_EDGE('',*,*,#1952,.T.);
#2784 = ORIENTED_EDGE('',*,*,#2760,.F.);
#2785 = FACE_BOUND('',#2786,.F.);
#2786 = EDGE_LOOP('',(#2787));
#2787 = ORIENTED_EDGE('',*,*,#2788,.T.);
#2788 = EDGE_CURVE('',#2789,#2789,#2791,.T.);
#2789 = VERTEX_POINT('',#2790);
#2790 = CARTESIAN_POINT('',(6.18,0.,8.5));
#2791 = CIRCLE('',#2792,1.1);
#2792 = AXIS2_PLACEMENT_3D('',#2793,#2794,#2795);
#2793 = CARTESIAN_POINT('',(5.08,0.,8.5));
#2794 = DIRECTION('',(0.,0.,1.));
#2795 = DIRECTION('',(1.,0.,-0.));
#2796 = FACE_BOUND('',#2797,.F.);
#2797 = EDGE_LOOP('',(#2798));
#2798 = ORIENTED_EDGE('',*,*,#2799,.T.);
#2799 = EDGE_CURVE('',#2800,#2800,#2802,.T.);
#2800 = VERTEX_POINT('',#2801);
#2801 = CARTESIAN_POINT('',(8.72,0.,8.5));
#2802 = CIRCLE('',#2803,1.1);
#2803 = AXIS2_PLACEMENT_3D('',#2804,#2805,#2806);
#2804 = CARTESIAN_POINT('',(7.62,0.,8.5));
#2805 = DIRECTION('',(0.,0.,1.));
#2806 = DIRECTION('',(1.,0.,-0.));
#2807 = FACE_BOUND('',#2808,.F.);
#2808 = EDGE_LOOP('',(#2809));
#2809 = ORIENTED_EDGE('',*,*,#2810,.T.);
#2810 = EDGE_CURVE('',#2811,#2811,#2813,.T.);
#2811 = VERTEX_POINT('',#2812);
#2812 = CARTESIAN_POINT('',(1.1,0.,8.5));
#2813 = CIRCLE('',#2814,1.1);
#2814 = AXIS2_PLACEMENT_3D('',#2815,#2816,#2817);
#2815 = CARTESIAN_POINT('',(0.,0.,8.5));
#2816 = DIRECTION('',(0.,0.,1.));
#2817 = DIRECTION('',(1.,0.,-0.));
#2818 = FACE_BOUND('',#2819,.F.);
#2819 = EDGE_LOOP('',(#2820));
#2820 = ORIENTED_EDGE('',*,*,#2821,.T.);
#2821 = EDGE_CURVE('',#2822,#2822,#2824,.T.);
#2822 = VERTEX_POINT('',#2823);
#2823 = CARTESIAN_POINT('',(3.64,0.,8.5));
#2824 = CIRCLE('',#2825,1.1);
#2825 = AXIS2_PLACEMENT_3D('',#2826,#2827,#2828);
#2826 = CARTESIAN_POINT('',(2.54,0.,8.5));
#2827 = DIRECTION('',(0.,0.,1.));
#2828 = DIRECTION('',(1.,0.,-0.));
#2829 = PLANE('',#2830);
#2830 = AXIS2_PLACEMENT_3D('',#2831,#2832,#2833);
#2831 = CARTESIAN_POINT('',(-1.5,3.1,8.5));
#2832 = DIRECTION('',(0.,0.,-1.));
#2833 = DIRECTION('',(0.,-1.,0.));
#2834 = ADVANCED_FACE('',(#2835),#2841,.T.);
#2835 = FACE_BOUND('',#2836,.T.);
#2836 = EDGE_LOOP('',(#2837,#2838,#2839,#2840));
#2837 = ORIENTED_EDGE('',*,*,#2778,.T.);
#2838 = ORIENTED_EDGE('',*,*,#1944,.T.);
#2839 = ORIENTED_EDGE('',*,*,#1977,.F.);
#2840 = ORIENTED_EDGE('',*,*,#1896,.F.);
#2841 = PLANE('',#2842);
#2842 = AXIS2_PLACEMENT_3D('',#2843,#2844,#2845);
#2843 = CARTESIAN_POINT('',(-1.5,1.35,8.5));
#2844 = DIRECTION('',(0.,0.951057423626,0.309014201884));
#2845 = DIRECTION('',(0.,0.309014201884,-0.951057423626));
#2846 = ADVANCED_FACE('',(#2847),#2853,.F.);
#2847 = FACE_BOUND('',#2848,.F.);
#2848 = EDGE_LOOP('',(#2849,#2850,#2851,#2852));
#2849 = ORIENTED_EDGE('',*,*,#2000,.T.);
#2850 = ORIENTED_EDGE('',*,*,#2024,.T.);
#2851 = ORIENTED_EDGE('',*,*,#2048,.T.);
#2852 = ORIENTED_EDGE('',*,*,#2072,.T.);
#2853 = PLANE('',#2854);
#2854 = AXIS2_PLACEMENT_3D('',#2855,#2856,#2857);
#2855 = CARTESIAN_POINT('',(7.62,9.91270557701E-18,-3.5));
#2856 = DIRECTION('',(-9.782501304824E-33,3.169530422763E-32,1.));
#2857 = DIRECTION('',(0.,1.,-3.169530422763E-32));
#2858 = ADVANCED_FACE('',(#2859),#2865,.F.);
#2859 = FACE_BOUND('',#2860,.F.);
#2860 = EDGE_LOOP('',(#2861,#2862,#2863,#2864));
#2861 = ORIENTED_EDGE('',*,*,#2096,.T.);
#2862 = ORIENTED_EDGE('',*,*,#2120,.T.);
#2863 = ORIENTED_EDGE('',*,*,#2144,.T.);
#2864 = ORIENTED_EDGE('',*,*,#2168,.T.);
#2865 = PLANE('',#2866);
#2866 = AXIS2_PLACEMENT_3D('',#2867,#2868,#2869);
#2867 = CARTESIAN_POINT('',(5.08,9.91270557701E-18,-3.5));
#2868 = DIRECTION('',(-9.782501304824E-33,3.169530422763E-32,1.));
#2869 = DIRECTION('',(0.,1.,-3.169530422763E-32));
#2870 = ADVANCED_FACE('',(#2871),#2877,.F.);
#2871 = FACE_BOUND('',#2872,.F.);
#2872 = EDGE_LOOP('',(#2873,#2874,#2875,#2876));
#2873 = ORIENTED_EDGE('',*,*,#2192,.T.);
#2874 = ORIENTED_EDGE('',*,*,#2216,.T.);
#2875 = ORIENTED_EDGE('',*,*,#2240,.T.);
#2876 = ORIENTED_EDGE('',*,*,#2264,.T.);
#2877 = PLANE('',#2878);
#2878 = AXIS2_PLACEMENT_3D('',#2879,#2880,#2881);
#2879 = CARTESIAN_POINT('',(2.54,9.91270557701E-18,-3.5));
#2880 = DIRECTION('',(-9.782501304824E-33,3.169530422763E-32,1.));
#2881 = DIRECTION('',(0.,1.,-3.169530422763E-32));
#2882 = ADVANCED_FACE('',(#2883),#2889,.F.);
#2883 = FACE_BOUND('',#2884,.F.);
#2884 = EDGE_LOOP('',(#2885,#2886,#2887,#2888));
#2885 = ORIENTED_EDGE('',*,*,#2288,.T.);
#2886 = ORIENTED_EDGE('',*,*,#2312,.T.);
#2887 = ORIENTED_EDGE('',*,*,#2336,.T.);
#2888 = ORIENTED_EDGE('',*,*,#2360,.T.);
#2889 = PLANE('',#2890);
#2890 = AXIS2_PLACEMENT_3D('',#2891,#2892,#2893);
#2891 = CARTESIAN_POINT('',(-9.91270557701E-18,9.91270557701E-18,-3.5));
#2892 = DIRECTION('',(-9.782501304824E-33,3.169530422763E-32,1.));
#2893 = DIRECTION('',(0.,1.,-3.169530422763E-32));
#2894 = ADVANCED_FACE('',(#2895),#2920,.T.);
#2895 = FACE_BOUND('',#2896,.T.);
#2896 = EDGE_LOOP('',(#2897,#2905,#2906,#2914));
#2897 = ORIENTED_EDGE('',*,*,#2898,.F.);
#2898 = EDGE_CURVE('',#2393,#2899,#2901,.T.);
#2899 = VERTEX_POINT('',#2900);
#2900 = CARTESIAN_POINT('',(-0.7,-1.5,1.3));
#2901 = LINE('',#2902,#2903);
#2902 = CARTESIAN_POINT('',(-0.7,-103.1,1.3));
#2903 = VECTOR('',#2904,1.);
#2904 = DIRECTION('',(0.,1.,0.));
#2905 = ORIENTED_EDGE('',*,*,#2392,.T.);
#2906 = ORIENTED_EDGE('',*,*,#2907,.T.);
#2907 = EDGE_CURVE('',#2395,#2908,#2910,.T.);
#2908 = VERTEX_POINT('',#2909);
#2909 = CARTESIAN_POINT('',(0.7,-1.5,1.3));
#2910 = LINE('',#2911,#2912);
#2911 = CARTESIAN_POINT('',(0.7,-103.1,1.3));
#2912 = VECTOR('',#2913,1.);
#2913 = DIRECTION('',(0.,1.,0.));
#2914 = ORIENTED_EDGE('',*,*,#2915,.F.);
#2915 = EDGE_CURVE('',#2899,#2908,#2916,.T.);
#2916 = LINE('',#2917,#2918);
#2917 = CARTESIAN_POINT('',(-0.7,-1.5,1.3));
#2918 = VECTOR('',#2919,1.);
#2919 = DIRECTION('',(1.,0.,0.));
#2920 = PLANE('',#2921);
#2921 = AXIS2_PLACEMENT_3D('',#2922,#2923,#2924);
#2922 = CARTESIAN_POINT('',(4.806784296126E-03,-0.771227859051,1.3));
#2923 = DIRECTION('',(2.223760898824E-18,5.742701858695E-17,1.));
#2924 = DIRECTION('',(0.,1.,-5.742701858695E-17));
#2925 = ADVANCED_FACE('',(#2926),#2944,.F.);
#2926 = FACE_BOUND('',#2927,.F.);
#2927 = EDGE_LOOP('',(#2928,#2936,#2937,#2938));
#2928 = ORIENTED_EDGE('',*,*,#2929,.F.);
#2929 = EDGE_CURVE('',#2422,#2930,#2932,.T.);
#2930 = VERTEX_POINT('',#2931);
#2931 = CARTESIAN_POINT('',(0.7,-1.5,3.1));
#2932 = LINE('',#2933,#2934);
#2933 = CARTESIAN_POINT('',(0.7,-103.1,3.1));
#2934 = VECTOR('',#2935,1.);
#2935 = DIRECTION('',(0.,1.,0.));
#2936 = ORIENTED_EDGE('',*,*,#2421,.F.);
#2937 = ORIENTED_EDGE('',*,*,#2907,.T.);
#2938 = ORIENTED_EDGE('',*,*,#2939,.T.);
#2939 = EDGE_CURVE('',#2908,#2930,#2940,.T.);
#2940 = LINE('',#2941,#2942);
#2941 = CARTESIAN_POINT('',(0.7,-1.5,1.3));
#2942 = VECTOR('',#2943,1.);
#2943 = DIRECTION('',(0.,0.,1.));
#2944 = PLANE('',#2945);
#2945 = AXIS2_PLACEMENT_3D('',#2946,#2947,#2948);
#2946 = CARTESIAN_POINT('',(0.7,-103.1,1.3));
#2947 = DIRECTION('',(1.,0.,0.));
#2948 = DIRECTION('',(0.,0.,1.));
#2949 = ADVANCED_FACE('',(#2950),#2968,.F.);
#2950 = FACE_BOUND('',#2951,.F.);
#2951 = EDGE_LOOP('',(#2952,#2953,#2954,#2962));
#2952 = ORIENTED_EDGE('',*,*,#2898,.F.);
#2953 = ORIENTED_EDGE('',*,*,#2444,.F.);
#2954 = ORIENTED_EDGE('',*,*,#2955,.T.);
#2955 = EDGE_CURVE('',#2445,#2956,#2958,.T.);
#2956 = VERTEX_POINT('',#2957);
#2957 = CARTESIAN_POINT('',(-0.7,-1.5,3.1));
#2958 = LINE('',#2959,#2960);
#2959 = CARTESIAN_POINT('',(-0.7,-103.1,3.1));
#2960 = VECTOR('',#2961,1.);
#2961 = DIRECTION('',(0.,1.,0.));
#2962 = ORIENTED_EDGE('',*,*,#2963,.F.);
#2963 = EDGE_CURVE('',#2899,#2956,#2964,.T.);
#2964 = LINE('',#2965,#2966);
#2965 = CARTESIAN_POINT('',(-0.7,-1.5,1.3));
#2966 = VECTOR('',#2967,1.);
#2967 = DIRECTION('',(0.,0.,1.));
#2968 = PLANE('',#2969);
#2969 = AXIS2_PLACEMENT_3D('',#2970,#2971,#2972);
#2970 = CARTESIAN_POINT('',(-0.7,-103.1,3.1));
#2971 = DIRECTION('',(-1.,-0.,-0.));
#2972 = DIRECTION('',(0.,0.,-1.));
#2973 = ADVANCED_FACE('',(#2974),#2985,.F.);
#2974 = FACE_BOUND('',#2975,.F.);
#2975 = EDGE_LOOP('',(#2976,#2977,#2978,#2979));
#2976 = ORIENTED_EDGE('',*,*,#2955,.F.);
#2977 = ORIENTED_EDGE('',*,*,#2467,.F.);
#2978 = ORIENTED_EDGE('',*,*,#2929,.T.);
#2979 = ORIENTED_EDGE('',*,*,#2980,.F.);
#2980 = EDGE_CURVE('',#2956,#2930,#2981,.T.);
#2981 = LINE('',#2982,#2983);
#2982 = CARTESIAN_POINT('',(-0.7,-1.5,3.1));
#2983 = VECTOR('',#2984,1.);
#2984 = DIRECTION('',(1.,0.,0.));
#2985 = PLANE('',#2986);
#2986 = AXIS2_PLACEMENT_3D('',#2987,#2988,#2989);
#2987 = CARTESIAN_POINT('',(0.7,-103.1,3.1));
#2988 = DIRECTION('',(0.,0.,1.));
#2989 = DIRECTION('',(-1.,0.,0.));
#2990 = ADVANCED_FACE('',(#2991),#3016,.T.);
#2991 = FACE_BOUND('',#2992,.T.);
#2992 = EDGE_LOOP('',(#2993,#3001,#3002,#3010));
#2993 = ORIENTED_EDGE('',*,*,#2994,.F.);
#2994 = EDGE_CURVE('',#2485,#2995,#2997,.T.);
#2995 = VERTEX_POINT('',#2996);
#2996 = CARTESIAN_POINT('',(1.84,-1.5,1.3));
#2997 = LINE('',#2998,#2999);
#2998 = CARTESIAN_POINT('',(1.84,-103.1,1.3));
#2999 = VECTOR('',#3000,1.);
#3000 = DIRECTION('',(0.,1.,0.));
#3001 = ORIENTED_EDGE('',*,*,#2484,.T.);
#3002 = ORIENTED_EDGE('',*,*,#3003,.T.);
#3003 = EDGE_CURVE('',#2487,#3004,#3006,.T.);
#3004 = VERTEX_POINT('',#3005);
#3005 = CARTESIAN_POINT('',(3.24,-1.5,1.3));
#3006 = LINE('',#3007,#3008);
#3007 = CARTESIAN_POINT('',(3.24,-103.1,1.3));
#3008 = VECTOR('',#3009,1.);
#3009 = DIRECTION('',(0.,1.,0.));
#3010 = ORIENTED_EDGE('',*,*,#3011,.F.);
#3011 = EDGE_CURVE('',#2995,#3004,#3012,.T.);
#3012 = LINE('',#3013,#3014);
#3013 = CARTESIAN_POINT('',(1.84,-1.5,1.3));
#3014 = VECTOR('',#3015,1.);
#3015 = DIRECTION('',(1.,0.,0.));
#3016 = PLANE('',#3017);
#3017 = AXIS2_PLACEMENT_3D('',#3018,#3019,#3020);
#3018 = CARTESIAN_POINT('',(2.544806784296,-0.771227859051,1.3));
#3019 = DIRECTION('',(2.223760898824E-18,5.742701858695E-17,1.));
#3020 = DIRECTION('',(0.,1.,-5.742701858695E-17));
#3021 = ADVANCED_FACE('',(#3022),#3040,.F.);
#3022 = FACE_BOUND('',#3023,.F.);
#3023 = EDGE_LOOP('',(#3024,#3032,#3033,#3034));
#3024 = ORIENTED_EDGE('',*,*,#3025,.F.);
#3025 = EDGE_CURVE('',#2514,#3026,#3028,.T.);
#3026 = VERTEX_POINT('',#3027);
#3027 = CARTESIAN_POINT('',(3.24,-1.5,3.1));
#3028 = LINE('',#3029,#3030);
#3029 = CARTESIAN_POINT('',(3.24,-103.1,3.1));
#3030 = VECTOR('',#3031,1.);
#3031 = DIRECTION('',(0.,1.,0.));
#3032 = ORIENTED_EDGE('',*,*,#2513,.F.);
#3033 = ORIENTED_EDGE('',*,*,#3003,.T.);
#3034 = ORIENTED_EDGE('',*,*,#3035,.T.);
#3035 = EDGE_CURVE('',#3004,#3026,#3036,.T.);
#3036 = LINE('',#3037,#3038);
#3037 = CARTESIAN_POINT('',(3.24,-1.5,1.3));
#3038 = VECTOR('',#3039,1.);
#3039 = DIRECTION('',(0.,0.,1.));
#3040 = PLANE('',#3041);
#3041 = AXIS2_PLACEMENT_3D('',#3042,#3043,#3044);
#3042 = CARTESIAN_POINT('',(3.24,-103.1,1.3));
#3043 = DIRECTION('',(1.,0.,0.));
#3044 = DIRECTION('',(0.,0.,1.));
#3045 = ADVANCED_FACE('',(#3046),#3064,.F.);
#3046 = FACE_BOUND('',#3047,.F.);
#3047 = EDGE_LOOP('',(#3048,#3049,#3050,#3058));
#3048 = ORIENTED_EDGE('',*,*,#2994,.F.);
#3049 = ORIENTED_EDGE('',*,*,#2536,.F.);
#3050 = ORIENTED_EDGE('',*,*,#3051,.T.);
#3051 = EDGE_CURVE('',#2537,#3052,#3054,.T.);
#3052 = VERTEX_POINT('',#3053);
#3053 = CARTESIAN_POINT('',(1.84,-1.5,3.1));
#3054 = LINE('',#3055,#3056);
#3055 = CARTESIAN_POINT('',(1.84,-103.1,3.1));
#3056 = VECTOR('',#3057,1.);
#3057 = DIRECTION('',(0.,1.,0.));
#3058 = ORIENTED_EDGE('',*,*,#3059,.F.);
#3059 = EDGE_CURVE('',#2995,#3052,#3060,.T.);
#3060 = LINE('',#3061,#3062);
#3061 = CARTESIAN_POINT('',(1.84,-1.5,1.3));
#3062 = VECTOR('',#3063,1.);
#3063 = DIRECTION('',(0.,0.,1.));
#3064 = PLANE('',#3065);
#3065 = AXIS2_PLACEMENT_3D('',#3066,#3067,#3068);
#3066 = CARTESIAN_POINT('',(1.84,-103.1,3.1));
#3067 = DIRECTION('',(-1.,-0.,-0.));
#3068 = DIRECTION('',(0.,0.,-1.));
#3069 = ADVANCED_FACE('',(#3070),#3081,.F.);
#3070 = FACE_BOUND('',#3071,.F.);
#3071 = EDGE_LOOP('',(#3072,#3073,#3074,#3075));
#3072 = ORIENTED_EDGE('',*,*,#3051,.F.);
#3073 = ORIENTED_EDGE('',*,*,#2559,.F.);
#3074 = ORIENTED_EDGE('',*,*,#3025,.T.);
#3075 = ORIENTED_EDGE('',*,*,#3076,.F.);
#3076 = EDGE_CURVE('',#3052,#3026,#3077,.T.);
#3077 = LINE('',#3078,#3079);
#3078 = CARTESIAN_POINT('',(1.84,-1.5,3.1));
#3079 = VECTOR('',#3080,1.);
#3080 = DIRECTION('',(1.,0.,0.));
#3081 = PLANE('',#3082);
#3082 = AXIS2_PLACEMENT_3D('',#3083,#3084,#3085);
#3083 = CARTESIAN_POINT('',(3.24,-103.1,3.1));
#3084 = DIRECTION('',(0.,0.,1.));
#3085 = DIRECTION('',(-1.,0.,0.));
#3086 = ADVANCED_FACE('',(#3087),#3112,.T.);
#3087 = FACE_BOUND('',#3088,.T.);
#3088 = EDGE_LOOP('',(#3089,#3097,#3098,#3106));
#3089 = ORIENTED_EDGE('',*,*,#3090,.F.);
#3090 = EDGE_CURVE('',#2577,#3091,#3093,.T.);
#3091 = VERTEX_POINT('',#3092);
#3092 = CARTESIAN_POINT('',(4.38,-1.5,1.3));
#3093 = LINE('',#3094,#3095);
#3094 = CARTESIAN_POINT('',(4.38,-103.1,1.3));
#3095 = VECTOR('',#3096,1.);
#3096 = DIRECTION('',(0.,1.,0.));
#3097 = ORIENTED_EDGE('',*,*,#2576,.T.);
#3098 = ORIENTED_EDGE('',*,*,#3099,.T.);
#3099 = EDGE_CURVE('',#2579,#3100,#3102,.T.);
#3100 = VERTEX_POINT('',#3101);
#3101 = CARTESIAN_POINT('',(5.78,-1.5,1.3));
#3102 = LINE('',#3103,#3104);
#3103 = CARTESIAN_POINT('',(5.78,-103.1,1.3));
#3104 = VECTOR('',#3105,1.);
#3105 = DIRECTION('',(0.,1.,0.));
#3106 = ORIENTED_EDGE('',*,*,#3107,.F.);
#3107 = EDGE_CURVE('',#3091,#3100,#3108,.T.);
#3108 = LINE('',#3109,#3110);
#3109 = CARTESIAN_POINT('',(4.38,-1.5,1.3));
#3110 = VECTOR('',#3111,1.);
#3111 = DIRECTION('',(1.,0.,0.));
#3112 = PLANE('',#3113);
#3113 = AXIS2_PLACEMENT_3D('',#3114,#3115,#3116);
#3114 = CARTESIAN_POINT('',(5.084806784296,-0.771227859051,1.3));
#3115 = DIRECTION('',(2.223760898825E-18,5.742701858695E-17,1.));
#3116 = DIRECTION('',(0.,1.,-5.742701858695E-17));
#3117 = ADVANCED_FACE('',(#3118),#3136,.F.);
#3118 = FACE_BOUND('',#3119,.F.);
#3119 = EDGE_LOOP('',(#3120,#3128,#3129,#3130));
#3120 = ORIENTED_EDGE('',*,*,#3121,.F.);
#3121 = EDGE_CURVE('',#2606,#3122,#3124,.T.);
#3122 = VERTEX_POINT('',#3123);
#3123 = CARTESIAN_POINT('',(5.78,-1.5,3.1));
#3124 = LINE('',#3125,#3126);
#3125 = CARTESIAN_POINT('',(5.78,-103.1,3.1));
#3126 = VECTOR('',#3127,1.);
#3127 = DIRECTION('',(0.,1.,0.));
#3128 = ORIENTED_EDGE('',*,*,#2605,.F.);
#3129 = ORIENTED_EDGE('',*,*,#3099,.T.);
#3130 = ORIENTED_EDGE('',*,*,#3131,.T.);
#3131 = EDGE_CURVE('',#3100,#3122,#3132,.T.);
#3132 = LINE('',#3133,#3134);
#3133 = CARTESIAN_POINT('',(5.78,-1.5,1.3));
#3134 = VECTOR('',#3135,1.);
#3135 = DIRECTION('',(0.,0.,1.));
#3136 = PLANE('',#3137);
#3137 = AXIS2_PLACEMENT_3D('',#3138,#3139,#3140);
#3138 = CARTESIAN_POINT('',(5.78,-103.1,1.3));
#3139 = DIRECTION('',(1.,0.,0.));
#3140 = DIRECTION('',(0.,0.,1.));
#3141 = ADVANCED_FACE('',(#3142),#3160,.F.);
#3142 = FACE_BOUND('',#3143,.F.);
#3143 = EDGE_LOOP('',(#3144,#3145,#3146,#3154));
#3144 = ORIENTED_EDGE('',*,*,#3090,.F.);
#3145 = ORIENTED_EDGE('',*,*,#2628,.F.);
#3146 = ORIENTED_EDGE('',*,*,#3147,.T.);
#3147 = EDGE_CURVE('',#2629,#3148,#3150,.T.);
#3148 = VERTEX_POINT('',#3149);
#3149 = CARTESIAN_POINT('',(4.38,-1.5,3.1));
#3150 = LINE('',#3151,#3152);
#3151 = CARTESIAN_POINT('',(4.38,-103.1,3.1));
#3152 = VECTOR('',#3153,1.);
#3153 = DIRECTION('',(0.,1.,0.));
#3154 = ORIENTED_EDGE('',*,*,#3155,.F.);
#3155 = EDGE_CURVE('',#3091,#3148,#3156,.T.);
#3156 = LINE('',#3157,#3158);
#3157 = CARTESIAN_POINT('',(4.38,-1.5,1.3));
#3158 = VECTOR('',#3159,1.);
#3159 = DIRECTION('',(0.,0.,1.));
#3160 = PLANE('',#3161);
#3161 = AXIS2_PLACEMENT_3D('',#3162,#3163,#3164);
#3162 = CARTESIAN_POINT('',(4.38,-103.1,3.1));
#3163 = DIRECTION('',(-1.,-0.,-0.));
#3164 = DIRECTION('',(0.,0.,-1.));
#3165 = ADVANCED_FACE('',(#3166),#3177,.F.);
#3166 = FACE_BOUND('',#3167,.F.);
#3167 = EDGE_LOOP('',(#3168,#3169,#3170,#3171));
#3168 = ORIENTED_EDGE('',*,*,#3147,.F.);
#3169 = ORIENTED_EDGE('',*,*,#2651,.F.);
#3170 = ORIENTED_EDGE('',*,*,#3121,.T.);
#3171 = ORIENTED_EDGE('',*,*,#3172,.F.);
#3172 = EDGE_CURVE('',#3148,#3122,#3173,.T.);
#3173 = LINE('',#3174,#3175);
#3174 = CARTESIAN_POINT('',(4.38,-1.5,3.1));
#3175 = VECTOR('',#3176,1.);
#3176 = DIRECTION('',(1.,0.,0.));
#3177 = PLANE('',#3178);
#3178 = AXIS2_PLACEMENT_3D('',#3179,#3180,#3181);
#3179 = CARTESIAN_POINT('',(5.78,-103.1,3.1));
#3180 = DIRECTION('',(0.,0.,1.));
#3181 = DIRECTION('',(-1.,0.,0.));
#3182 = ADVANCED_FACE('',(#3183),#3208,.T.);
#3183 = FACE_BOUND('',#3184,.T.);
#3184 = EDGE_LOOP('',(#3185,#3193,#3194,#3202));
#3185 = ORIENTED_EDGE('',*,*,#3186,.F.);
#3186 = EDGE_CURVE('',#2669,#3187,#3189,.T.);
#3187 = VERTEX_POINT('',#3188);
#3188 = CARTESIAN_POINT('',(6.92,-1.5,1.3));
#3189 = LINE('',#3190,#3191);
#3190 = CARTESIAN_POINT('',(6.92,-103.1,1.3));
#3191 = VECTOR('',#3192,1.);
#3192 = DIRECTION('',(0.,1.,0.));
#3193 = ORIENTED_EDGE('',*,*,#2668,.T.);
#3194 = ORIENTED_EDGE('',*,*,#3195,.T.);
#3195 = EDGE_CURVE('',#2671,#3196,#3198,.T.);
#3196 = VERTEX_POINT('',#3197);
#3197 = CARTESIAN_POINT('',(8.32,-1.5,1.3));
#3198 = LINE('',#3199,#3200);
#3199 = CARTESIAN_POINT('',(8.32,-103.1,1.3));
#3200 = VECTOR('',#3201,1.);
#3201 = DIRECTION('',(0.,1.,0.));
#3202 = ORIENTED_EDGE('',*,*,#3203,.F.);
#3203 = EDGE_CURVE('',#3187,#3196,#3204,.T.);
#3204 = LINE('',#3205,#3206);
#3205 = CARTESIAN_POINT('',(6.92,-1.5,1.3));
#3206 = VECTOR('',#3207,1.);
#3207 = DIRECTION('',(1.,0.,0.));
#3208 = PLANE('',#3209);
#3209 = AXIS2_PLACEMENT_3D('',#3210,#3211,#3212);
#3210 = CARTESIAN_POINT('',(7.624806784296,-0.771227859051,1.3));
#3211 = DIRECTION('',(2.223760898824E-18,5.742701858695E-17,1.));
#3212 = DIRECTION('',(0.,1.,-5.742701858695E-17));
#3213 = ADVANCED_FACE('',(#3214),#3232,.F.);
#3214 = FACE_BOUND('',#3215,.F.);
#3215 = EDGE_LOOP('',(#3216,#3224,#3225,#3226));
#3216 = ORIENTED_EDGE('',*,*,#3217,.F.);
#3217 = EDGE_CURVE('',#2698,#3218,#3220,.T.);
#3218 = VERTEX_POINT('',#3219);
#3219 = CARTESIAN_POINT('',(8.32,-1.5,3.1));
#3220 = LINE('',#3221,#3222);
#3221 = CARTESIAN_POINT('',(8.32,-103.1,3.1));
#3222 = VECTOR('',#3223,1.);
#3223 = DIRECTION('',(0.,1.,0.));
#3224 = ORIENTED_EDGE('',*,*,#2697,.F.);
#3225 = ORIENTED_EDGE('',*,*,#3195,.T.);
#3226 = ORIENTED_EDGE('',*,*,#3227,.T.);
#3227 = EDGE_CURVE('',#3196,#3218,#3228,.T.);
#3228 = LINE('',#3229,#3230);
#3229 = CARTESIAN_POINT('',(8.32,-1.5,1.3));
#3230 = VECTOR('',#3231,1.);
#3231 = DIRECTION('',(0.,0.,1.));
#3232 = PLANE('',#3233);
#3233 = AXIS2_PLACEMENT_3D('',#3234,#3235,#3236);
#3234 = CARTESIAN_POINT('',(8.32,-103.1,1.3));
#3235 = DIRECTION('',(1.,0.,0.));
#3236 = DIRECTION('',(0.,0.,1.));
#3237 = ADVANCED_FACE('',(#3238),#3256,.F.);
#3238 = FACE_BOUND('',#3239,.F.);
#3239 = EDGE_LOOP('',(#3240,#3241,#3242,#3250));
#3240 = ORIENTED_EDGE('',*,*,#3186,.F.);
#3241 = ORIENTED_EDGE('',*,*,#2720,.F.);
#3242 = ORIENTED_EDGE('',*,*,#3243,.T.);
#3243 = EDGE_CURVE('',#2721,#3244,#3246,.T.);
#3244 = VERTEX_POINT('',#3245);
#3245 = CARTESIAN_POINT('',(6.92,-1.5,3.1));
#3246 = LINE('',#3247,#3248);
#3247 = CARTESIAN_POINT('',(6.92,-103.1,3.1));
#3248 = VECTOR('',#3249,1.);
#3249 = DIRECTION('',(0.,1.,0.));
#3250 = ORIENTED_EDGE('',*,*,#3251,.F.);
#3251 = EDGE_CURVE('',#3187,#3244,#3252,.T.);
#3252 = LINE('',#3253,#3254);
#3253 = CARTESIAN_POINT('',(6.92,-1.5,1.3));
#3254 = VECTOR('',#3255,1.);
#3255 = DIRECTION('',(0.,0.,1.));
#3256 = PLANE('',#3257);
#3257 = AXIS2_PLACEMENT_3D('',#3258,#3259,#3260);
#3258 = CARTESIAN_POINT('',(6.92,-103.1,3.1));
#3259 = DIRECTION('',(-1.,-0.,-0.));
#3260 = DIRECTION('',(0.,0.,-1.));
#3261 = ADVANCED_FACE('',(#3262),#3273,.F.);
#3262 = FACE_BOUND('',#3263,.F.);
#3263 = EDGE_LOOP('',(#3264,#3265,#3266,#3267));
#3264 = ORIENTED_EDGE('',*,*,#3243,.F.);
#3265 = ORIENTED_EDGE('',*,*,#2743,.F.);
#3266 = ORIENTED_EDGE('',*,*,#3217,.T.);
#3267 = ORIENTED_EDGE('',*,*,#3268,.F.);
#3268 = EDGE_CURVE('',#3244,#3218,#3269,.T.);
#3269 = LINE('',#3270,#3271);
#3270 = CARTESIAN_POINT('',(6.92,-1.5,3.1));
#3271 = VECTOR('',#3272,1.);
#3272 = DIRECTION('',(1.,0.,0.));
#3273 = PLANE('',#3274);
#3274 = AXIS2_PLACEMENT_3D('',#3275,#3276,#3277);
#3275 = CARTESIAN_POINT('',(8.32,-103.1,3.1));
#3276 = DIRECTION('',(0.,0.,1.));
#3277 = DIRECTION('',(-1.,0.,0.));
#3278 = ADVANCED_FACE('',(#3279),#3366,.F.);
#3279 = FACE_BOUND('',#3280,.F.);
#3280 = EDGE_LOOP('',(#3281,#3282,#3290,#3299,#3307,#3316,#3324,#3333,
    #3341,#3350,#3358,#3365));
#3281 = ORIENTED_EDGE('',*,*,#2788,.F.);
#3282 = ORIENTED_EDGE('',*,*,#3283,.T.);
#3283 = EDGE_CURVE('',#2789,#3284,#3286,.T.);
#3284 = VERTEX_POINT('',#3285);
#3285 = CARTESIAN_POINT('',(6.18,0.,1.3));
#3286 = LINE('',#3287,#3288);
#3287 = CARTESIAN_POINT('',(6.18,0.,8.5));
#3288 = VECTOR('',#3289,1.);
#3289 = DIRECTION('',(-0.,-0.,-1.));
#3290 = ORIENTED_EDGE('',*,*,#3291,.T.);
#3291 = EDGE_CURVE('',#3284,#3292,#3294,.T.);
#3292 = VERTEX_POINT('',#3293);
#3293 = CARTESIAN_POINT('',(5.78,0.848528137424,1.3));
#3294 = CIRCLE('',#3295,1.1);
#3295 = AXIS2_PLACEMENT_3D('',#3296,#3297,#3298);
#3296 = CARTESIAN_POINT('',(5.08,0.,1.3));
#3297 = DIRECTION('',(0.,0.,1.));
#3298 = DIRECTION('',(1.,0.,-0.));
#3299 = ORIENTED_EDGE('',*,*,#3300,.T.);
#3300 = EDGE_CURVE('',#3292,#3301,#3303,.T.);
#3301 = VERTEX_POINT('',#3302);
#3302 = CARTESIAN_POINT('',(5.78,0.848528137423,3.1));
#3303 = LINE('',#3304,#3305);
#3304 = CARTESIAN_POINT('',(5.78,0.848528137424,8.5));
#3305 = VECTOR('',#3306,1.);
#3306 = DIRECTION('',(0.,0.,1.));
#3307 = ORIENTED_EDGE('',*,*,#3308,.T.);
#3308 = EDGE_CURVE('',#3301,#3309,#3311,.T.);
#3309 = VERTEX_POINT('',#3310);
#3310 = CARTESIAN_POINT('',(4.38,0.848528137422,3.1));
#3311 = CIRCLE('',#3312,1.1);
#3312 = AXIS2_PLACEMENT_3D('',#3313,#3314,#3315);
#3313 = CARTESIAN_POINT('',(5.08,0.,3.1));
#3314 = DIRECTION('',(0.,0.,1.));
#3315 = DIRECTION('',(1.,0.,-0.));
#3316 = ORIENTED_EDGE('',*,*,#3317,.F.);
#3317 = EDGE_CURVE('',#3318,#3309,#3320,.T.);
#3318 = VERTEX_POINT('',#3319);
#3319 = CARTESIAN_POINT('',(4.38,0.848528137424,1.3));
#3320 = LINE('',#3321,#3322);
#3321 = CARTESIAN_POINT('',(4.38,0.848528137424,8.5));
#3322 = VECTOR('',#3323,1.);
#3323 = DIRECTION('',(0.,0.,1.));
#3324 = ORIENTED_EDGE('',*,*,#3325,.T.);
#3325 = EDGE_CURVE('',#3318,#3326,#3328,.T.);
#3326 = VERTEX_POINT('',#3327);
#3327 = CARTESIAN_POINT('',(4.38,-0.848528137424,1.3));
#3328 = CIRCLE('',#3329,1.1);
#3329 = AXIS2_PLACEMENT_3D('',#3330,#3331,#3332);
#3330 = CARTESIAN_POINT('',(5.08,0.,1.3));
#3331 = DIRECTION('',(0.,0.,1.));
#3332 = DIRECTION('',(1.,0.,-0.));
#3333 = ORIENTED_EDGE('',*,*,#3334,.T.);
#3334 = EDGE_CURVE('',#3326,#3335,#3337,.T.);
#3335 = VERTEX_POINT('',#3336);
#3336 = CARTESIAN_POINT('',(4.38,-0.848528137422,3.1));
#3337 = LINE('',#3338,#3339);
#3338 = CARTESIAN_POINT('',(4.38,-0.848528137424,8.5));
#3339 = VECTOR('',#3340,1.);
#3340 = DIRECTION('',(0.,0.,1.));
#3341 = ORIENTED_EDGE('',*,*,#3342,.T.);
#3342 = EDGE_CURVE('',#3335,#3343,#3345,.T.);
#3343 = VERTEX_POINT('',#3344);
#3344 = CARTESIAN_POINT('',(5.78,-0.848528137423,3.1));
#3345 = CIRCLE('',#3346,1.1);
#3346 = AXIS2_PLACEMENT_3D('',#3347,#3348,#3349);
#3347 = CARTESIAN_POINT('',(5.08,0.,3.1));
#3348 = DIRECTION('',(0.,0.,1.));
#3349 = DIRECTION('',(1.,0.,-0.));
#3350 = ORIENTED_EDGE('',*,*,#3351,.F.);
#3351 = EDGE_CURVE('',#3352,#3343,#3354,.T.);
#3352 = VERTEX_POINT('',#3353);
#3353 = CARTESIAN_POINT('',(5.78,-0.848528137424,1.3));
#3354 = LINE('',#3355,#3356);
#3355 = CARTESIAN_POINT('',(5.78,-0.848528137424,8.5));
#3356 = VECTOR('',#3357,1.);
#3357 = DIRECTION('',(0.,0.,1.));
#3358 = ORIENTED_EDGE('',*,*,#3359,.T.);
#3359 = EDGE_CURVE('',#3352,#3284,#3360,.T.);
#3360 = CIRCLE('',#3361,1.1);
#3361 = AXIS2_PLACEMENT_3D('',#3362,#3363,#3364);
#3362 = CARTESIAN_POINT('',(5.08,0.,1.3));
#3363 = DIRECTION('',(0.,0.,1.));
#3364 = DIRECTION('',(1.,0.,-0.));
#3365 = ORIENTED_EDGE('',*,*,#3283,.F.);
#3366 = CYLINDRICAL_SURFACE('',#3367,1.1);
#3367 = AXIS2_PLACEMENT_3D('',#3368,#3369,#3370);
#3368 = CARTESIAN_POINT('',(5.08,0.,8.5));
#3369 = DIRECTION('',(0.,0.,1.));
#3370 = DIRECTION('',(1.,0.,-0.));
#3371 = ADVANCED_FACE('',(#3372),#3459,.F.);
#3372 = FACE_BOUND('',#3373,.F.);
#3373 = EDGE_LOOP('',(#3374,#3375,#3383,#3392,#3400,#3409,#3417,#3426,
    #3434,#3443,#3451,#3458));
#3374 = ORIENTED_EDGE('',*,*,#2799,.F.);
#3375 = ORIENTED_EDGE('',*,*,#3376,.T.);
#3376 = EDGE_CURVE('',#2800,#3377,#3379,.T.);
#3377 = VERTEX_POINT('',#3378);
#3378 = CARTESIAN_POINT('',(8.72,0.,1.3));
#3379 = LINE('',#3380,#3381);
#3380 = CARTESIAN_POINT('',(8.72,0.,8.5));
#3381 = VECTOR('',#3382,1.);
#3382 = DIRECTION('',(-0.,-0.,-1.));
#3383 = ORIENTED_EDGE('',*,*,#3384,.T.);
#3384 = EDGE_CURVE('',#3377,#3385,#3387,.T.);
#3385 = VERTEX_POINT('',#3386);
#3386 = CARTESIAN_POINT('',(8.32,0.848528137424,1.3));
#3387 = CIRCLE('',#3388,1.1);
#3388 = AXIS2_PLACEMENT_3D('',#3389,#3390,#3391);
#3389 = CARTESIAN_POINT('',(7.62,0.,1.3));
#3390 = DIRECTION('',(0.,0.,1.));
#3391 = DIRECTION('',(1.,0.,-0.));
#3392 = ORIENTED_EDGE('',*,*,#3393,.T.);
#3393 = EDGE_CURVE('',#3385,#3394,#3396,.T.);
#3394 = VERTEX_POINT('',#3395);
#3395 = CARTESIAN_POINT('',(8.32,0.848528137423,3.1));
#3396 = LINE('',#3397,#3398);
#3397 = CARTESIAN_POINT('',(8.32,0.848528137424,8.5));
#3398 = VECTOR('',#3399,1.);
#3399 = DIRECTION('',(0.,0.,1.));
#3400 = ORIENTED_EDGE('',*,*,#3401,.T.);
#3401 = EDGE_CURVE('',#3394,#3402,#3404,.T.);
#3402 = VERTEX_POINT('',#3403);
#3403 = CARTESIAN_POINT('',(6.92,0.848528137423,3.1));
#3404 = CIRCLE('',#3405,1.1);
#3405 = AXIS2_PLACEMENT_3D('',#3406,#3407,#3408);
#3406 = CARTESIAN_POINT('',(7.62,0.,3.1));
#3407 = DIRECTION('',(0.,0.,1.));
#3408 = DIRECTION('',(1.,0.,-0.));
#3409 = ORIENTED_EDGE('',*,*,#3410,.F.);
#3410 = EDGE_CURVE('',#3411,#3402,#3413,.T.);
#3411 = VERTEX_POINT('',#3412);
#3412 = CARTESIAN_POINT('',(6.92,0.848528137424,1.3));
#3413 = LINE('',#3414,#3415);
#3414 = CARTESIAN_POINT('',(6.92,0.848528137424,8.5));
#3415 = VECTOR('',#3416,1.);
#3416 = DIRECTION('',(0.,0.,1.));
#3417 = ORIENTED_EDGE('',*,*,#3418,.T.);
#3418 = EDGE_CURVE('',#3411,#3419,#3421,.T.);
#3419 = VERTEX_POINT('',#3420);
#3420 = CARTESIAN_POINT('',(6.92,-0.848528137424,1.3));
#3421 = CIRCLE('',#3422,1.1);
#3422 = AXIS2_PLACEMENT_3D('',#3423,#3424,#3425);
#3423 = CARTESIAN_POINT('',(7.62,0.,1.3));
#3424 = DIRECTION('',(0.,0.,1.));
#3425 = DIRECTION('',(1.,0.,-0.));
#3426 = ORIENTED_EDGE('',*,*,#3427,.T.);
#3427 = EDGE_CURVE('',#3419,#3428,#3430,.T.);
#3428 = VERTEX_POINT('',#3429);
#3429 = CARTESIAN_POINT('',(6.92,-0.848528137423,3.1));
#3430 = LINE('',#3431,#3432);
#3431 = CARTESIAN_POINT('',(6.92,-0.848528137424,8.5));
#3432 = VECTOR('',#3433,1.);
#3433 = DIRECTION('',(0.,0.,1.));
#3434 = ORIENTED_EDGE('',*,*,#3435,.T.);
#3435 = EDGE_CURVE('',#3428,#3436,#3438,.T.);
#3436 = VERTEX_POINT('',#3437);
#3437 = CARTESIAN_POINT('',(8.32,-0.848528137423,3.1));
#3438 = CIRCLE('',#3439,1.1);
#3439 = AXIS2_PLACEMENT_3D('',#3440,#3441,#3442);
#3440 = CARTESIAN_POINT('',(7.62,0.,3.1));
#3441 = DIRECTION('',(0.,0.,1.));
#3442 = DIRECTION('',(1.,0.,-0.));
#3443 = ORIENTED_EDGE('',*,*,#3444,.F.);
#3444 = EDGE_CURVE('',#3445,#3436,#3447,.T.);
#3445 = VERTEX_POINT('',#3446);
#3446 = CARTESIAN_POINT('',(8.32,-0.848528137424,1.3));
#3447 = LINE('',#3448,#3449);
#3448 = CARTESIAN_POINT('',(8.32,-0.848528137424,8.5));
#3449 = VECTOR('',#3450,1.);
#3450 = DIRECTION('',(0.,0.,1.));
#3451 = ORIENTED_EDGE('',*,*,#3452,.T.);
#3452 = EDGE_CURVE('',#3445,#3377,#3453,.T.);
#3453 = CIRCLE('',#3454,1.1);
#3454 = AXIS2_PLACEMENT_3D('',#3455,#3456,#3457);
#3455 = CARTESIAN_POINT('',(7.62,0.,1.3));
#3456 = DIRECTION('',(0.,0.,1.));
#3457 = DIRECTION('',(1.,0.,-0.));
#3458 = ORIENTED_EDGE('',*,*,#3376,.F.);
#3459 = CYLINDRICAL_SURFACE('',#3460,1.1);
#3460 = AXIS2_PLACEMENT_3D('',#3461,#3462,#3463);
#3461 = CARTESIAN_POINT('',(7.62,0.,8.5));
#3462 = DIRECTION('',(0.,0.,1.));
#3463 = DIRECTION('',(1.,0.,-0.));
#3464 = ADVANCED_FACE('',(#3465),#3552,.F.);
#3465 = FACE_BOUND('',#3466,.F.);
#3466 = EDGE_LOOP('',(#3467,#3468,#3476,#3485,#3493,#3502,#3510,#3519,
    #3527,#3536,#3544,#3551));
#3467 = ORIENTED_EDGE('',*,*,#2810,.F.);
#3468 = ORIENTED_EDGE('',*,*,#3469,.T.);
#3469 = EDGE_CURVE('',#2811,#3470,#3472,.T.);
#3470 = VERTEX_POINT('',#3471);
#3471 = CARTESIAN_POINT('',(1.1,0.,1.3));
#3472 = LINE('',#3473,#3474);
#3473 = CARTESIAN_POINT('',(1.1,0.,8.5));
#3474 = VECTOR('',#3475,1.);
#3475 = DIRECTION('',(-0.,-0.,-1.));
#3476 = ORIENTED_EDGE('',*,*,#3477,.T.);
#3477 = EDGE_CURVE('',#3470,#3478,#3480,.T.);
#3478 = VERTEX_POINT('',#3479);
#3479 = CARTESIAN_POINT('',(0.7,0.848528137424,1.3));
#3480 = CIRCLE('',#3481,1.1);
#3481 = AXIS2_PLACEMENT_3D('',#3482,#3483,#3484);
#3482 = CARTESIAN_POINT('',(0.,0.,1.3));
#3483 = DIRECTION('',(0.,0.,1.));
#3484 = DIRECTION('',(1.,0.,-0.));
#3485 = ORIENTED_EDGE('',*,*,#3486,.T.);
#3486 = EDGE_CURVE('',#3478,#3487,#3489,.T.);
#3487 = VERTEX_POINT('',#3488);
#3488 = CARTESIAN_POINT('',(0.7,0.848528137423,3.1));
#3489 = LINE('',#3490,#3491);
#3490 = CARTESIAN_POINT('',(0.7,0.848528137424,8.5));
#3491 = VECTOR('',#3492,1.);
#3492 = DIRECTION('',(0.,0.,1.));
#3493 = ORIENTED_EDGE('',*,*,#3494,.T.);
#3494 = EDGE_CURVE('',#3487,#3495,#3497,.T.);
#3495 = VERTEX_POINT('',#3496);
#3496 = CARTESIAN_POINT('',(-0.7,0.848528137423,3.1));
#3497 = CIRCLE('',#3498,1.1);
#3498 = AXIS2_PLACEMENT_3D('',#3499,#3500,#3501);
#3499 = CARTESIAN_POINT('',(0.,0.,3.1));
#3500 = DIRECTION('',(0.,0.,1.));
#3501 = DIRECTION('',(1.,0.,-0.));
#3502 = ORIENTED_EDGE('',*,*,#3503,.F.);
#3503 = EDGE_CURVE('',#3504,#3495,#3506,.T.);
#3504 = VERTEX_POINT('',#3505);
#3505 = CARTESIAN_POINT('',(-0.7,0.848528137424,1.3));
#3506 = LINE('',#3507,#3508);
#3507 = CARTESIAN_POINT('',(-0.7,0.848528137424,8.5));
#3508 = VECTOR('',#3509,1.);
#3509 = DIRECTION('',(0.,0.,1.));
#3510 = ORIENTED_EDGE('',*,*,#3511,.T.);
#3511 = EDGE_CURVE('',#3504,#3512,#3514,.T.);
#3512 = VERTEX_POINT('',#3513);
#3513 = CARTESIAN_POINT('',(-0.7,-0.848528137424,1.3));
#3514 = CIRCLE('',#3515,1.1);
#3515 = AXIS2_PLACEMENT_3D('',#3516,#3517,#3518);
#3516 = CARTESIAN_POINT('',(0.,0.,1.3));
#3517 = DIRECTION('',(0.,0.,1.));
#3518 = DIRECTION('',(1.,0.,-0.));
#3519 = ORIENTED_EDGE('',*,*,#3520,.T.);
#3520 = EDGE_CURVE('',#3512,#3521,#3523,.T.);
#3521 = VERTEX_POINT('',#3522);
#3522 = CARTESIAN_POINT('',(-0.7,-0.848528137423,3.1));
#3523 = LINE('',#3524,#3525);
#3524 = CARTESIAN_POINT('',(-0.7,-0.848528137424,8.5));
#3525 = VECTOR('',#3526,1.);
#3526 = DIRECTION('',(0.,0.,1.));
#3527 = ORIENTED_EDGE('',*,*,#3528,.T.);
#3528 = EDGE_CURVE('',#3521,#3529,#3531,.T.);
#3529 = VERTEX_POINT('',#3530);
#3530 = CARTESIAN_POINT('',(0.7,-0.848528137423,3.1));
#3531 = CIRCLE('',#3532,1.1);
#3532 = AXIS2_PLACEMENT_3D('',#3533,#3534,#3535);
#3533 = CARTESIAN_POINT('',(0.,0.,3.1));
#3534 = DIRECTION('',(0.,0.,1.));
#3535 = DIRECTION('',(1.,0.,-0.));
#3536 = ORIENTED_EDGE('',*,*,#3537,.F.);
#3537 = EDGE_CURVE('',#3538,#3529,#3540,.T.);
#3538 = VERTEX_POINT('',#3539);
#3539 = CARTESIAN_POINT('',(0.7,-0.848528137424,1.3));
#3540 = LINE('',#3541,#3542);
#3541 = CARTESIAN_POINT('',(0.7,-0.848528137424,8.5));
#3542 = VECTOR('',#3543,1.);
#3543 = DIRECTION('',(0.,0.,1.));
#3544 = ORIENTED_EDGE('',*,*,#3545,.T.);
#3545 = EDGE_CURVE('',#3538,#3470,#3546,.T.);
#3546 = CIRCLE('',#3547,1.1);
#3547 = AXIS2_PLACEMENT_3D('',#3548,#3549,#3550);
#3548 = CARTESIAN_POINT('',(0.,0.,1.3));
#3549 = DIRECTION('',(0.,0.,1.));
#3550 = DIRECTION('',(1.,0.,-0.));
#3551 = ORIENTED_EDGE('',*,*,#3469,.F.);
#3552 = CYLINDRICAL_SURFACE('',#3553,1.1);
#3553 = AXIS2_PLACEMENT_3D('',#3554,#3555,#3556);
#3554 = CARTESIAN_POINT('',(0.,0.,8.5));
#3555 = DIRECTION('',(0.,0.,1.));
#3556 = DIRECTION('',(1.,0.,-0.));
#3557 = ADVANCED_FACE('',(#3558),#3645,.F.);
#3558 = FACE_BOUND('',#3559,.F.);
#3559 = EDGE_LOOP('',(#3560,#3561,#3569,#3578,#3586,#3595,#3603,#3612,
    #3620,#3629,#3637,#3644));
#3560 = ORIENTED_EDGE('',*,*,#2821,.F.);
#3561 = ORIENTED_EDGE('',*,*,#3562,.T.);
#3562 = EDGE_CURVE('',#2822,#3563,#3565,.T.);
#3563 = VERTEX_POINT('',#3564);
#3564 = CARTESIAN_POINT('',(3.64,0.,1.3));
#3565 = LINE('',#3566,#3567);
#3566 = CARTESIAN_POINT('',(3.64,0.,8.5));
#3567 = VECTOR('',#3568,1.);
#3568 = DIRECTION('',(-0.,-0.,-1.));
#3569 = ORIENTED_EDGE('',*,*,#3570,.T.);
#3570 = EDGE_CURVE('',#3563,#3571,#3573,.T.);
#3571 = VERTEX_POINT('',#3572);
#3572 = CARTESIAN_POINT('',(3.24,0.848528137424,1.3));
#3573 = CIRCLE('',#3574,1.1);
#3574 = AXIS2_PLACEMENT_3D('',#3575,#3576,#3577);
#3575 = CARTESIAN_POINT('',(2.54,0.,1.3));
#3576 = DIRECTION('',(0.,0.,1.));
#3577 = DIRECTION('',(1.,0.,-0.));
#3578 = ORIENTED_EDGE('',*,*,#3579,.T.);
#3579 = EDGE_CURVE('',#3571,#3580,#3582,.T.);
#3580 = VERTEX_POINT('',#3581);
#3581 = CARTESIAN_POINT('',(3.24,0.848528137423,3.1));
#3582 = LINE('',#3583,#3584);
#3583 = CARTESIAN_POINT('',(3.24,0.848528137424,8.5));
#3584 = VECTOR('',#3585,1.);
#3585 = DIRECTION('',(0.,0.,1.));
#3586 = ORIENTED_EDGE('',*,*,#3587,.T.);
#3587 = EDGE_CURVE('',#3580,#3588,#3590,.T.);
#3588 = VERTEX_POINT('',#3589);
#3589 = CARTESIAN_POINT('',(1.84,0.848528137423,3.1));
#3590 = CIRCLE('',#3591,1.1);
#3591 = AXIS2_PLACEMENT_3D('',#3592,#3593,#3594);
#3592 = CARTESIAN_POINT('',(2.54,0.,3.1));
#3593 = DIRECTION('',(0.,0.,1.));
#3594 = DIRECTION('',(1.,0.,-0.));
#3595 = ORIENTED_EDGE('',*,*,#3596,.F.);
#3596 = EDGE_CURVE('',#3597,#3588,#3599,.T.);
#3597 = VERTEX_POINT('',#3598);
#3598 = CARTESIAN_POINT('',(1.84,0.848528137424,1.3));
#3599 = LINE('',#3600,#3601);
#3600 = CARTESIAN_POINT('',(1.84,0.848528137424,8.5));
#3601 = VECTOR('',#3602,1.);
#3602 = DIRECTION('',(0.,0.,1.));
#3603 = ORIENTED_EDGE('',*,*,#3604,.T.);
#3604 = EDGE_CURVE('',#3597,#3605,#3607,.T.);
#3605 = VERTEX_POINT('',#3606);
#3606 = CARTESIAN_POINT('',(1.84,-0.848528137424,1.3));
#3607 = CIRCLE('',#3608,1.1);
#3608 = AXIS2_PLACEMENT_3D('',#3609,#3610,#3611);
#3609 = CARTESIAN_POINT('',(2.54,0.,1.3));
#3610 = DIRECTION('',(0.,0.,1.));
#3611 = DIRECTION('',(1.,0.,-0.));
#3612 = ORIENTED_EDGE('',*,*,#3613,.T.);
#3613 = EDGE_CURVE('',#3605,#3614,#3616,.T.);
#3614 = VERTEX_POINT('',#3615);
#3615 = CARTESIAN_POINT('',(1.84,-0.848528137423,3.1));
#3616 = LINE('',#3617,#3618);
#3617 = CARTESIAN_POINT('',(1.84,-0.848528137424,8.5));
#3618 = VECTOR('',#3619,1.);
#3619 = DIRECTION('',(0.,0.,1.));
#3620 = ORIENTED_EDGE('',*,*,#3621,.T.);
#3621 = EDGE_CURVE('',#3614,#3622,#3624,.T.);
#3622 = VERTEX_POINT('',#3623);
#3623 = CARTESIAN_POINT('',(3.24,-0.848528137423,3.1));
#3624 = CIRCLE('',#3625,1.1);
#3625 = AXIS2_PLACEMENT_3D('',#3626,#3627,#3628);
#3626 = CARTESIAN_POINT('',(2.54,0.,3.1));
#3627 = DIRECTION('',(0.,0.,1.));
#3628 = DIRECTION('',(1.,0.,-0.));
#3629 = ORIENTED_EDGE('',*,*,#3630,.F.);
#3630 = EDGE_CURVE('',#3631,#3622,#3633,.T.);
#3631 = VERTEX_POINT('',#3632);
#3632 = CARTESIAN_POINT('',(3.24,-0.848528137424,1.3));
#3633 = LINE('',#3634,#3635);
#3634 = CARTESIAN_POINT('',(3.24,-0.848528137424,8.5));
#3635 = VECTOR('',#3636,1.);
#3636 = DIRECTION('',(0.,0.,1.));
#3637 = ORIENTED_EDGE('',*,*,#3638,.T.);
#3638 = EDGE_CURVE('',#3631,#3563,#3639,.T.);
#3639 = CIRCLE('',#3640,1.1);
#3640 = AXIS2_PLACEMENT_3D('',#3641,#3642,#3643);
#3641 = CARTESIAN_POINT('',(2.54,0.,1.3));
#3642 = DIRECTION('',(0.,0.,1.));
#3643 = DIRECTION('',(1.,0.,-0.));
#3644 = ORIENTED_EDGE('',*,*,#3562,.F.);
#3645 = CYLINDRICAL_SURFACE('',#3646,1.1);
#3646 = AXIS2_PLACEMENT_3D('',#3647,#3648,#3649);
#3647 = CARTESIAN_POINT('',(2.54,0.,8.5));
#3648 = DIRECTION('',(0.,0.,1.));
#3649 = DIRECTION('',(1.,0.,-0.));
#3650 = ADVANCED_FACE('',(#3651,#3657),#3691,.F.);
#3651 = FACE_BOUND('',#3652,.F.);
#3652 = EDGE_LOOP('',(#3653,#3654,#3655,#3656));
#3653 = ORIENTED_EDGE('',*,*,#2963,.T.);
#3654 = ORIENTED_EDGE('',*,*,#2980,.T.);
#3655 = ORIENTED_EDGE('',*,*,#2939,.F.);
#3656 = ORIENTED_EDGE('',*,*,#2915,.F.);
#3657 = FACE_BOUND('',#3658,.F.);
#3658 = EDGE_LOOP('',(#3659,#3669,#3677,#3685));
#3659 = ORIENTED_EDGE('',*,*,#3660,.T.);
#3660 = EDGE_CURVE('',#3661,#3663,#3665,.T.);
#3661 = VERTEX_POINT('',#3662);
#3662 = CARTESIAN_POINT('',(-0.5,-1.5,2.9));
#3663 = VERTEX_POINT('',#3664);
#3664 = CARTESIAN_POINT('',(-0.5,-1.5,1.5));
#3665 = LINE('',#3666,#3667);
#3666 = CARTESIAN_POINT('',(-0.5,-1.5,2.9));
#3667 = VECTOR('',#3668,1.);
#3668 = DIRECTION('',(0.,0.,-1.));
#3669 = ORIENTED_EDGE('',*,*,#3670,.T.);
#3670 = EDGE_CURVE('',#3663,#3671,#3673,.T.);
#3671 = VERTEX_POINT('',#3672);
#3672 = CARTESIAN_POINT('',(0.5,-1.5,1.5));
#3673 = LINE('',#3674,#3675);
#3674 = CARTESIAN_POINT('',(-0.5,-1.5,1.5));
#3675 = VECTOR('',#3676,1.);
#3676 = DIRECTION('',(1.,0.,0.));
#3677 = ORIENTED_EDGE('',*,*,#3678,.T.);
#3678 = EDGE_CURVE('',#3671,#3679,#3681,.T.);
#3679 = VERTEX_POINT('',#3680);
#3680 = CARTESIAN_POINT('',(0.5,-1.5,2.9));
#3681 = LINE('',#3682,#3683);
#3682 = CARTESIAN_POINT('',(0.5,-1.5,1.5));
#3683 = VECTOR('',#3684,1.);
#3684 = DIRECTION('',(0.,0.,1.));
#3685 = ORIENTED_EDGE('',*,*,#3686,.T.);
#3686 = EDGE_CURVE('',#3679,#3661,#3687,.T.);
#3687 = LINE('',#3688,#3689);
#3688 = CARTESIAN_POINT('',(0.5,-1.5,2.9));
#3689 = VECTOR('',#3690,1.);
#3690 = DIRECTION('',(-1.,0.,0.));
#3691 = PLANE('',#3692);
#3692 = AXIS2_PLACEMENT_3D('',#3693,#3694,#3695);
#3693 = CARTESIAN_POINT('',(-0.7,-1.5,1.3));
#3694 = DIRECTION('',(0.,1.,0.));
#3695 = DIRECTION('',(1.,0.,0.));
#3696 = ADVANCED_FACE('',(#3697,#3703),#3737,.F.);
#3697 = FACE_BOUND('',#3698,.F.);
#3698 = EDGE_LOOP('',(#3699,#3700,#3701,#3702));
#3699 = ORIENTED_EDGE('',*,*,#3059,.T.);
#3700 = ORIENTED_EDGE('',*,*,#3076,.T.);
#3701 = ORIENTED_EDGE('',*,*,#3035,.F.);
#3702 = ORIENTED_EDGE('',*,*,#3011,.F.);
#3703 = FACE_BOUND('',#3704,.F.);
#3704 = EDGE_LOOP('',(#3705,#3715,#3723,#3731));
#3705 = ORIENTED_EDGE('',*,*,#3706,.T.);
#3706 = EDGE_CURVE('',#3707,#3709,#3711,.T.);
#3707 = VERTEX_POINT('',#3708);
#3708 = CARTESIAN_POINT('',(2.04,-1.5,2.9));
#3709 = VERTEX_POINT('',#3710);
#3710 = CARTESIAN_POINT('',(2.04,-1.5,1.5));
#3711 = LINE('',#3712,#3713);
#3712 = CARTESIAN_POINT('',(2.04,-1.5,2.9));
#3713 = VECTOR('',#3714,1.);
#3714 = DIRECTION('',(0.,0.,-1.));
#3715 = ORIENTED_EDGE('',*,*,#3716,.T.);
#3716 = EDGE_CURVE('',#3709,#3717,#3719,.T.);
#3717 = VERTEX_POINT('',#3718);
#3718 = CARTESIAN_POINT('',(3.04,-1.5,1.5));
#3719 = LINE('',#3720,#3721);
#3720 = CARTESIAN_POINT('',(2.04,-1.5,1.5));
#3721 = VECTOR('',#3722,1.);
#3722 = DIRECTION('',(1.,0.,0.));
#3723 = ORIENTED_EDGE('',*,*,#3724,.T.);
#3724 = EDGE_CURVE('',#3717,#3725,#3727,.T.);
#3725 = VERTEX_POINT('',#3726);
#3726 = CARTESIAN_POINT('',(3.04,-1.5,2.9));
#3727 = LINE('',#3728,#3729);
#3728 = CARTESIAN_POINT('',(3.04,-1.5,1.5));
#3729 = VECTOR('',#3730,1.);
#3730 = DIRECTION('',(0.,0.,1.));
#3731 = ORIENTED_EDGE('',*,*,#3732,.T.);
#3732 = EDGE_CURVE('',#3725,#3707,#3733,.T.);
#3733 = LINE('',#3734,#3735);
#3734 = CARTESIAN_POINT('',(3.04,-1.5,2.9));
#3735 = VECTOR('',#3736,1.);
#3736 = DIRECTION('',(-1.,0.,0.));
#3737 = PLANE('',#3738);
#3738 = AXIS2_PLACEMENT_3D('',#3739,#3740,#3741);
#3739 = CARTESIAN_POINT('',(1.84,-1.5,1.3));
#3740 = DIRECTION('',(0.,1.,0.));
#3741 = DIRECTION('',(1.,0.,0.));
#3742 = ADVANCED_FACE('',(#3743,#3749),#3783,.F.);
#3743 = FACE_BOUND('',#3744,.F.);
#3744 = EDGE_LOOP('',(#3745,#3746,#3747,#3748));
#3745 = ORIENTED_EDGE('',*,*,#3155,.T.);
#3746 = ORIENTED_EDGE('',*,*,#3172,.T.);
#3747 = ORIENTED_EDGE('',*,*,#3131,.F.);
#3748 = ORIENTED_EDGE('',*,*,#3107,.F.);
#3749 = FACE_BOUND('',#3750,.F.);
#3750 = EDGE_LOOP('',(#3751,#3761,#3769,#3777));
#3751 = ORIENTED_EDGE('',*,*,#3752,.T.);
#3752 = EDGE_CURVE('',#3753,#3755,#3757,.T.);
#3753 = VERTEX_POINT('',#3754);
#3754 = CARTESIAN_POINT('',(4.58,-1.5,2.9));
#3755 = VERTEX_POINT('',#3756);
#3756 = CARTESIAN_POINT('',(4.58,-1.5,1.5));
#3757 = LINE('',#3758,#3759);
#3758 = CARTESIAN_POINT('',(4.58,-1.5,2.9));
#3759 = VECTOR('',#3760,1.);
#3760 = DIRECTION('',(0.,0.,-1.));
#3761 = ORIENTED_EDGE('',*,*,#3762,.T.);
#3762 = EDGE_CURVE('',#3755,#3763,#3765,.T.);
#3763 = VERTEX_POINT('',#3764);
#3764 = CARTESIAN_POINT('',(5.58,-1.5,1.5));
#3765 = LINE('',#3766,#3767);
#3766 = CARTESIAN_POINT('',(4.58,-1.5,1.5));
#3767 = VECTOR('',#3768,1.);
#3768 = DIRECTION('',(1.,0.,0.));
#3769 = ORIENTED_EDGE('',*,*,#3770,.T.);
#3770 = EDGE_CURVE('',#3763,#3771,#3773,.T.);
#3771 = VERTEX_POINT('',#3772);
#3772 = CARTESIAN_POINT('',(5.58,-1.5,2.9));
#3773 = LINE('',#3774,#3775);
#3774 = CARTESIAN_POINT('',(5.58,-1.5,1.5));
#3775 = VECTOR('',#3776,1.);
#3776 = DIRECTION('',(0.,0.,1.));
#3777 = ORIENTED_EDGE('',*,*,#3778,.T.);
#3778 = EDGE_CURVE('',#3771,#3753,#3779,.T.);
#3779 = LINE('',#3780,#3781);
#3780 = CARTESIAN_POINT('',(5.58,-1.5,2.9));
#3781 = VECTOR('',#3782,1.);
#3782 = DIRECTION('',(-1.,0.,0.));
#3783 = PLANE('',#3784);
#3784 = AXIS2_PLACEMENT_3D('',#3785,#3786,#3787);
#3785 = CARTESIAN_POINT('',(4.38,-1.5,1.3));
#3786 = DIRECTION('',(0.,1.,0.));
#3787 = DIRECTION('',(1.,0.,0.));
#3788 = ADVANCED_FACE('',(#3789,#3795),#3829,.F.);
#3789 = FACE_BOUND('',#3790,.F.);
#3790 = EDGE_LOOP('',(#3791,#3792,#3793,#3794));
#3791 = ORIENTED_EDGE('',*,*,#3251,.T.);
#3792 = ORIENTED_EDGE('',*,*,#3268,.T.);
#3793 = ORIENTED_EDGE('',*,*,#3227,.F.);
#3794 = ORIENTED_EDGE('',*,*,#3203,.F.);
#3795 = FACE_BOUND('',#3796,.F.);
#3796 = EDGE_LOOP('',(#3797,#3807,#3815,#3823));
#3797 = ORIENTED_EDGE('',*,*,#3798,.T.);
#3798 = EDGE_CURVE('',#3799,#3801,#3803,.T.);
#3799 = VERTEX_POINT('',#3800);
#3800 = CARTESIAN_POINT('',(7.12,-1.5,2.9));
#3801 = VERTEX_POINT('',#3802);
#3802 = CARTESIAN_POINT('',(7.12,-1.5,1.5));
#3803 = LINE('',#3804,#3805);
#3804 = CARTESIAN_POINT('',(7.12,-1.5,2.9));
#3805 = VECTOR('',#3806,1.);
#3806 = DIRECTION('',(0.,0.,-1.));
#3807 = ORIENTED_EDGE('',*,*,#3808,.T.);
#3808 = EDGE_CURVE('',#3801,#3809,#3811,.T.);
#3809 = VERTEX_POINT('',#3810);
#3810 = CARTESIAN_POINT('',(8.12,-1.5,1.5));
#3811 = LINE('',#3812,#3813);
#3812 = CARTESIAN_POINT('',(7.12,-1.5,1.5));
#3813 = VECTOR('',#3814,1.);
#3814 = DIRECTION('',(1.,0.,0.));
#3815 = ORIENTED_EDGE('',*,*,#3816,.T.);
#3816 = EDGE_CURVE('',#3809,#3817,#3819,.T.);
#3817 = VERTEX_POINT('',#3818);
#3818 = CARTESIAN_POINT('',(8.12,-1.5,2.9));
#3819 = LINE('',#3820,#3821);
#3820 = CARTESIAN_POINT('',(8.12,-1.5,1.5));
#3821 = VECTOR('',#3822,1.);
#3822 = DIRECTION('',(0.,0.,1.));
#3823 = ORIENTED_EDGE('',*,*,#3824,.T.);
#3824 = EDGE_CURVE('',#3817,#3799,#3825,.T.);
#3825 = LINE('',#3826,#3827);
#3826 = CARTESIAN_POINT('',(8.12,-1.5,2.9));
#3827 = VECTOR('',#3828,1.);
#3828 = DIRECTION('',(-1.,0.,0.));
#3829 = PLANE('',#3830);
#3830 = AXIS2_PLACEMENT_3D('',#3831,#3832,#3833);
#3831 = CARTESIAN_POINT('',(6.92,-1.5,1.3));
#3832 = DIRECTION('',(0.,1.,0.));
#3833 = DIRECTION('',(1.,0.,0.));
#3834 = ADVANCED_FACE('',(#3835),#3845,.T.);
#3835 = FACE_BOUND('',#3836,.T.);
#3836 = EDGE_LOOP('',(#3837,#3843,#3844));
#3837 = ORIENTED_EDGE('',*,*,#3838,.F.);
#3838 = EDGE_CURVE('',#3352,#3292,#3839,.T.);
#3839 = LINE('',#3840,#3841);
#3840 = CARTESIAN_POINT('',(5.78,-1.5,1.3));
#3841 = VECTOR('',#3842,1.);
#3842 = DIRECTION('',(0.,1.,0.));
#3843 = ORIENTED_EDGE('',*,*,#3359,.T.);
#3844 = ORIENTED_EDGE('',*,*,#3291,.T.);
#3845 = PLANE('',#3846);
#3846 = AXIS2_PLACEMENT_3D('',#3847,#3848,#3849);
#3847 = CARTESIAN_POINT('',(5.084806784296,-0.771227859051,1.3));
#3848 = DIRECTION('',(2.223760898825E-18,5.742701858695E-17,1.));
#3849 = DIRECTION('',(0.,1.,-5.742701858695E-17));
#3850 = ADVANCED_FACE('',(#3851),#3878,.F.);
#3851 = FACE_BOUND('',#3852,.F.);
#3852 = EDGE_LOOP('',(#3853,#3854,#3855,#3863,#3871,#3877));
#3853 = ORIENTED_EDGE('',*,*,#3838,.F.);
#3854 = ORIENTED_EDGE('',*,*,#3351,.T.);
#3855 = ORIENTED_EDGE('',*,*,#3856,.T.);
#3856 = EDGE_CURVE('',#3343,#3857,#3859,.T.);
#3857 = VERTEX_POINT('',#3858);
#3858 = CARTESIAN_POINT('',(5.78,-0.714142842854,3.1));
#3859 = LINE('',#3860,#3861);
#3860 = CARTESIAN_POINT('',(5.78,-1.5,3.1));
#3861 = VECTOR('',#3862,1.);
#3862 = DIRECTION('',(0.,1.,0.));
#3863 = ORIENTED_EDGE('',*,*,#3864,.T.);
#3864 = EDGE_CURVE('',#3857,#3865,#3867,.T.);
#3865 = VERTEX_POINT('',#3866);
#3866 = CARTESIAN_POINT('',(5.78,0.714142842854,3.1));
#3867 = LINE('',#3868,#3869);
#3868 = CARTESIAN_POINT('',(5.78,-1.5,3.1));
#3869 = VECTOR('',#3870,1.);
#3870 = DIRECTION('',(0.,1.,0.));
#3871 = ORIENTED_EDGE('',*,*,#3872,.T.);
#3872 = EDGE_CURVE('',#3865,#3301,#3873,.T.);
#3873 = LINE('',#3874,#3875);
#3874 = CARTESIAN_POINT('',(5.78,-1.5,3.1));
#3875 = VECTOR('',#3876,1.);
#3876 = DIRECTION('',(0.,1.,0.));
#3877 = ORIENTED_EDGE('',*,*,#3300,.F.);
#3878 = PLANE('',#3879);
#3879 = AXIS2_PLACEMENT_3D('',#3880,#3881,#3882);
#3880 = CARTESIAN_POINT('',(5.78,-1.5,1.3));
#3881 = DIRECTION('',(-1.,0.,0.));
#3882 = DIRECTION('',(0.,1.,0.));
#3883 = ADVANCED_FACE('',(#3884),#3903,.T.);
#3884 = FACE_BOUND('',#3885,.T.);
#3885 = EDGE_LOOP('',(#3886,#3895,#3901,#3902));
#3886 = ORIENTED_EDGE('',*,*,#3887,.F.);
#3887 = EDGE_CURVE('',#3888,#3857,#3890,.T.);
#3888 = VERTEX_POINT('',#3889);
#3889 = CARTESIAN_POINT('',(4.38,-0.714142842854,3.1));
#3890 = CIRCLE('',#3891,1.);
#3891 = AXIS2_PLACEMENT_3D('',#3892,#3893,#3894);
#3892 = CARTESIAN_POINT('',(5.08,0.,3.1));
#3893 = DIRECTION('',(0.,0.,1.));
#3894 = DIRECTION('',(1.,0.,-0.));
#3895 = ORIENTED_EDGE('',*,*,#3896,.T.);
#3896 = EDGE_CURVE('',#3888,#3335,#3897,.T.);
#3897 = LINE('',#3898,#3899);
#3898 = CARTESIAN_POINT('',(4.38,1.5,3.1));
#3899 = VECTOR('',#3900,1.);
#3900 = DIRECTION('',(0.,-1.,0.));
#3901 = ORIENTED_EDGE('',*,*,#3342,.T.);
#3902 = ORIENTED_EDGE('',*,*,#3856,.T.);
#3903 = PLANE('',#3904);
#3904 = AXIS2_PLACEMENT_3D('',#3905,#3906,#3907);
#3905 = CARTESIAN_POINT('',(5.08,0.,3.1));
#3906 = DIRECTION('',(0.,0.,1.));
#3907 = DIRECTION('',(1.,0.,-0.));
#3908 = ADVANCED_FACE('',(#3909),#3934,.F.);
#3909 = FACE_BOUND('',#3910,.F.);
#3910 = EDGE_LOOP('',(#3911,#3912,#3920,#3926,#3927,#3928));
#3911 = ORIENTED_EDGE('',*,*,#3317,.T.);
#3912 = ORIENTED_EDGE('',*,*,#3913,.T.);
#3913 = EDGE_CURVE('',#3309,#3914,#3916,.T.);
#3914 = VERTEX_POINT('',#3915);
#3915 = CARTESIAN_POINT('',(4.38,0.714142842854,3.1));
#3916 = LINE('',#3917,#3918);
#3917 = CARTESIAN_POINT('',(4.38,1.5,3.1));
#3918 = VECTOR('',#3919,1.);
#3919 = DIRECTION('',(0.,-1.,0.));
#3920 = ORIENTED_EDGE('',*,*,#3921,.T.);
#3921 = EDGE_CURVE('',#3914,#3888,#3922,.T.);
#3922 = LINE('',#3923,#3924);
#3923 = CARTESIAN_POINT('',(4.38,1.5,3.1));
#3924 = VECTOR('',#3925,1.);
#3925 = DIRECTION('',(0.,-1.,0.));
#3926 = ORIENTED_EDGE('',*,*,#3896,.T.);
#3927 = ORIENTED_EDGE('',*,*,#3334,.F.);
#3928 = ORIENTED_EDGE('',*,*,#3929,.F.);
#3929 = EDGE_CURVE('',#3318,#3326,#3930,.T.);
#3930 = LINE('',#3931,#3932);
#3931 = CARTESIAN_POINT('',(4.38,1.5,1.3));
#3932 = VECTOR('',#3933,1.);
#3933 = DIRECTION('',(0.,-1.,0.));
#3934 = PLANE('',#3935);
#3935 = AXIS2_PLACEMENT_3D('',#3936,#3937,#3938);
#3936 = CARTESIAN_POINT('',(4.38,1.5,1.3));
#3937 = DIRECTION('',(1.,0.,0.));
#3938 = DIRECTION('',(0.,-1.,0.));
#3939 = ADVANCED_FACE('',(#3940),#3944,.T.);
#3940 = FACE_BOUND('',#3941,.T.);
#3941 = EDGE_LOOP('',(#3942,#3943));
#3942 = ORIENTED_EDGE('',*,*,#3325,.T.);
#3943 = ORIENTED_EDGE('',*,*,#3929,.F.);
#3944 = PLANE('',#3945);
#3945 = AXIS2_PLACEMENT_3D('',#3946,#3947,#3948);
#3946 = CARTESIAN_POINT('',(5.084806784296,-0.771227859051,1.3));
#3947 = DIRECTION('',(2.223760898825E-18,5.742701858695E-17,1.));
#3948 = DIRECTION('',(0.,1.,-5.742701858695E-17));
#3949 = ADVANCED_FACE('',(#3950),#3962,.T.);
#3950 = FACE_BOUND('',#3951,.T.);
#3951 = EDGE_LOOP('',(#3952,#3953,#3954,#3961));
#3952 = ORIENTED_EDGE('',*,*,#3308,.T.);
#3953 = ORIENTED_EDGE('',*,*,#3913,.T.);
#3954 = ORIENTED_EDGE('',*,*,#3955,.F.);
#3955 = EDGE_CURVE('',#3865,#3914,#3956,.T.);
#3956 = CIRCLE('',#3957,1.);
#3957 = AXIS2_PLACEMENT_3D('',#3958,#3959,#3960);
#3958 = CARTESIAN_POINT('',(5.08,0.,3.1));
#3959 = DIRECTION('',(0.,0.,1.));
#3960 = DIRECTION('',(1.,0.,-0.));
#3961 = ORIENTED_EDGE('',*,*,#3872,.T.);
#3962 = PLANE('',#3963);
#3963 = AXIS2_PLACEMENT_3D('',#3964,#3965,#3966);
#3964 = CARTESIAN_POINT('',(5.08,0.,3.1));
#3965 = DIRECTION('',(0.,0.,1.));
#3966 = DIRECTION('',(1.,0.,-0.));
#3967 = ADVANCED_FACE('',(#3968),#3978,.T.);
#3968 = FACE_BOUND('',#3969,.T.);
#3969 = EDGE_LOOP('',(#3970,#3976,#3977));
#3970 = ORIENTED_EDGE('',*,*,#3971,.F.);
#3971 = EDGE_CURVE('',#3445,#3385,#3972,.T.);
#3972 = LINE('',#3973,#3974);
#3973 = CARTESIAN_POINT('',(8.32,-1.5,1.3));
#3974 = VECTOR('',#3975,1.);
#3975 = DIRECTION('',(0.,1.,0.));
#3976 = ORIENTED_EDGE('',*,*,#3452,.T.);
#3977 = ORIENTED_EDGE('',*,*,#3384,.T.);
#3978 = PLANE('',#3979);
#3979 = AXIS2_PLACEMENT_3D('',#3980,#3981,#3982);
#3980 = CARTESIAN_POINT('',(7.624806784296,-0.771227859051,1.3));
#3981 = DIRECTION('',(2.223760898824E-18,5.742701858695E-17,1.));
#3982 = DIRECTION('',(0.,1.,-5.742701858695E-17));
#3983 = ADVANCED_FACE('',(#3984),#4011,.F.);
#3984 = FACE_BOUND('',#3985,.F.);
#3985 = EDGE_LOOP('',(#3986,#3987,#3988,#3996,#4004,#4010));
#3986 = ORIENTED_EDGE('',*,*,#3971,.F.);
#3987 = ORIENTED_EDGE('',*,*,#3444,.T.);
#3988 = ORIENTED_EDGE('',*,*,#3989,.T.);
#3989 = EDGE_CURVE('',#3436,#3990,#3992,.T.);
#3990 = VERTEX_POINT('',#3991);
#3991 = CARTESIAN_POINT('',(8.32,-0.714142842854,3.1));
#3992 = LINE('',#3993,#3994);
#3993 = CARTESIAN_POINT('',(8.32,-1.5,3.1));
#3994 = VECTOR('',#3995,1.);
#3995 = DIRECTION('',(0.,1.,0.));
#3996 = ORIENTED_EDGE('',*,*,#3997,.T.);
#3997 = EDGE_CURVE('',#3990,#3998,#4000,.T.);
#3998 = VERTEX_POINT('',#3999);
#3999 = CARTESIAN_POINT('',(8.32,0.714142842854,3.1));
#4000 = LINE('',#4001,#4002);
#4001 = CARTESIAN_POINT('',(8.32,-1.5,3.1));
#4002 = VECTOR('',#4003,1.);
#4003 = DIRECTION('',(0.,1.,0.));
#4004 = ORIENTED_EDGE('',*,*,#4005,.T.);
#4005 = EDGE_CURVE('',#3998,#3394,#4006,.T.);
#4006 = LINE('',#4007,#4008);
#4007 = CARTESIAN_POINT('',(8.32,-1.5,3.1));
#4008 = VECTOR('',#4009,1.);
#4009 = DIRECTION('',(0.,1.,0.));
#4010 = ORIENTED_EDGE('',*,*,#3393,.F.);
#4011 = PLANE('',#4012);
#4012 = AXIS2_PLACEMENT_3D('',#4013,#4014,#4015);
#4013 = CARTESIAN_POINT('',(8.32,-1.5,1.3));
#4014 = DIRECTION('',(-1.,0.,0.));
#4015 = DIRECTION('',(0.,1.,0.));
#4016 = ADVANCED_FACE('',(#4017),#4036,.T.);
#4017 = FACE_BOUND('',#4018,.T.);
#4018 = EDGE_LOOP('',(#4019,#4028,#4034,#4035));
#4019 = ORIENTED_EDGE('',*,*,#4020,.F.);
#4020 = EDGE_CURVE('',#4021,#3990,#4023,.T.);
#4021 = VERTEX_POINT('',#4022);
#4022 = CARTESIAN_POINT('',(6.92,-0.714142842854,3.1));
#4023 = CIRCLE('',#4024,1.);
#4024 = AXIS2_PLACEMENT_3D('',#4025,#4026,#4027);
#4025 = CARTESIAN_POINT('',(7.62,0.,3.1));
#4026 = DIRECTION('',(0.,0.,1.));
#4027 = DIRECTION('',(1.,0.,-0.));
#4028 = ORIENTED_EDGE('',*,*,#4029,.T.);
#4029 = EDGE_CURVE('',#4021,#3428,#4030,.T.);
#4030 = LINE('',#4031,#4032);
#4031 = CARTESIAN_POINT('',(6.92,1.5,3.1));
#4032 = VECTOR('',#4033,1.);
#4033 = DIRECTION('',(0.,-1.,0.));
#4034 = ORIENTED_EDGE('',*,*,#3435,.T.);
#4035 = ORIENTED_EDGE('',*,*,#3989,.T.);
#4036 = PLANE('',#4037);
#4037 = AXIS2_PLACEMENT_3D('',#4038,#4039,#4040);
#4038 = CARTESIAN_POINT('',(7.62,0.,3.1));
#4039 = DIRECTION('',(0.,0.,1.));
#4040 = DIRECTION('',(1.,0.,-0.));
#4041 = ADVANCED_FACE('',(#4042),#4067,.F.);
#4042 = FACE_BOUND('',#4043,.F.);
#4043 = EDGE_LOOP('',(#4044,#4045,#4053,#4059,#4060,#4061));
#4044 = ORIENTED_EDGE('',*,*,#3410,.T.);
#4045 = ORIENTED_EDGE('',*,*,#4046,.T.);
#4046 = EDGE_CURVE('',#3402,#4047,#4049,.T.);
#4047 = VERTEX_POINT('',#4048);
#4048 = CARTESIAN_POINT('',(6.92,0.714142842854,3.1));
#4049 = LINE('',#4050,#4051);
#4050 = CARTESIAN_POINT('',(6.92,1.5,3.1));
#4051 = VECTOR('',#4052,1.);
#4052 = DIRECTION('',(0.,-1.,0.));
#4053 = ORIENTED_EDGE('',*,*,#4054,.T.);
#4054 = EDGE_CURVE('',#4047,#4021,#4055,.T.);
#4055 = LINE('',#4056,#4057);
#4056 = CARTESIAN_POINT('',(6.92,1.5,3.1));
#4057 = VECTOR('',#4058,1.);
#4058 = DIRECTION('',(0.,-1.,0.));
#4059 = ORIENTED_EDGE('',*,*,#4029,.T.);
#4060 = ORIENTED_EDGE('',*,*,#3427,.F.);
#4061 = ORIENTED_EDGE('',*,*,#4062,.F.);
#4062 = EDGE_CURVE('',#3411,#3419,#4063,.T.);
#4063 = LINE('',#4064,#4065);
#4064 = CARTESIAN_POINT('',(6.92,1.5,1.3));
#4065 = VECTOR('',#4066,1.);
#4066 = DIRECTION('',(0.,-1.,0.));
#4067 = PLANE('',#4068);
#4068 = AXIS2_PLACEMENT_3D('',#4069,#4070,#4071);
#4069 = CARTESIAN_POINT('',(6.92,1.5,1.3));
#4070 = DIRECTION('',(1.,0.,0.));
#4071 = DIRECTION('',(0.,-1.,0.));
#4072 = ADVANCED_FACE('',(#4073),#4077,.T.);
#4073 = FACE_BOUND('',#4074,.T.);
#4074 = EDGE_LOOP('',(#4075,#4076));
#4075 = ORIENTED_EDGE('',*,*,#3418,.T.);
#4076 = ORIENTED_EDGE('',*,*,#4062,.F.);
#4077 = PLANE('',#4078);
#4078 = AXIS2_PLACEMENT_3D('',#4079,#4080,#4081);
#4079 = CARTESIAN_POINT('',(7.624806784296,-0.771227859051,1.3));
#4080 = DIRECTION('',(2.223760898824E-18,5.742701858695E-17,1.));
#4081 = DIRECTION('',(0.,1.,-5.742701858695E-17));
#4082 = ADVANCED_FACE('',(#4083),#4095,.T.);
#4083 = FACE_BOUND('',#4084,.T.);
#4084 = EDGE_LOOP('',(#4085,#4086,#4087,#4094));
#4085 = ORIENTED_EDGE('',*,*,#3401,.T.);
#4086 = ORIENTED_EDGE('',*,*,#4046,.T.);
#4087 = ORIENTED_EDGE('',*,*,#4088,.F.);
#4088 = EDGE_CURVE('',#3998,#4047,#4089,.T.);
#4089 = CIRCLE('',#4090,1.);
#4090 = AXIS2_PLACEMENT_3D('',#4091,#4092,#4093);
#4091 = CARTESIAN_POINT('',(7.62,0.,3.1));
#4092 = DIRECTION('',(0.,0.,1.));
#4093 = DIRECTION('',(1.,0.,-0.));
#4094 = ORIENTED_EDGE('',*,*,#4005,.T.);
#4095 = PLANE('',#4096);
#4096 = AXIS2_PLACEMENT_3D('',#4097,#4098,#4099);
#4097 = CARTESIAN_POINT('',(7.62,0.,3.1));
#4098 = DIRECTION('',(0.,0.,1.));
#4099 = DIRECTION('',(1.,0.,-0.));
#4100 = ADVANCED_FACE('',(#4101),#4111,.T.);
#4101 = FACE_BOUND('',#4102,.T.);
#4102 = EDGE_LOOP('',(#4103,#4109,#4110));
#4103 = ORIENTED_EDGE('',*,*,#4104,.F.);
#4104 = EDGE_CURVE('',#3538,#3478,#4105,.T.);
#4105 = LINE('',#4106,#4107);
#4106 = CARTESIAN_POINT('',(0.7,-1.5,1.3));
#4107 = VECTOR('',#4108,1.);
#4108 = DIRECTION('',(0.,1.,0.));
#4109 = ORIENTED_EDGE('',*,*,#3545,.T.);
#4110 = ORIENTED_EDGE('',*,*,#3477,.T.);
#4111 = PLANE('',#4112);
#4112 = AXIS2_PLACEMENT_3D('',#4113,#4114,#4115);
#4113 = CARTESIAN_POINT('',(4.806784296126E-03,-0.771227859051,1.3));
#4114 = DIRECTION('',(2.223760898824E-18,5.742701858695E-17,1.));
#4115 = DIRECTION('',(0.,1.,-5.742701858695E-17));
#4116 = ADVANCED_FACE('',(#4117),#4144,.F.);
#4117 = FACE_BOUND('',#4118,.F.);
#4118 = EDGE_LOOP('',(#4119,#4120,#4121,#4129,#4137,#4143));
#4119 = ORIENTED_EDGE('',*,*,#4104,.F.);
#4120 = ORIENTED_EDGE('',*,*,#3537,.T.);
#4121 = ORIENTED_EDGE('',*,*,#4122,.T.);
#4122 = EDGE_CURVE('',#3529,#4123,#4125,.T.);
#4123 = VERTEX_POINT('',#4124);
#4124 = CARTESIAN_POINT('',(0.7,-0.714142842854,3.1));
#4125 = LINE('',#4126,#4127);
#4126 = CARTESIAN_POINT('',(0.7,-1.5,3.1));
#4127 = VECTOR('',#4128,1.);
#4128 = DIRECTION('',(0.,1.,0.));
#4129 = ORIENTED_EDGE('',*,*,#4130,.T.);
#4130 = EDGE_CURVE('',#4123,#4131,#4133,.T.);
#4131 = VERTEX_POINT('',#4132);
#4132 = CARTESIAN_POINT('',(0.7,0.714142842854,3.1));
#4133 = LINE('',#4134,#4135);
#4134 = CARTESIAN_POINT('',(0.7,-1.5,3.1));
#4135 = VECTOR('',#4136,1.);
#4136 = DIRECTION('',(0.,1.,0.));
#4137 = ORIENTED_EDGE('',*,*,#4138,.T.);
#4138 = EDGE_CURVE('',#4131,#3487,#4139,.T.);
#4139 = LINE('',#4140,#4141);
#4140 = CARTESIAN_POINT('',(0.7,-1.5,3.1));
#4141 = VECTOR('',#4142,1.);
#4142 = DIRECTION('',(0.,1.,0.));
#4143 = ORIENTED_EDGE('',*,*,#3486,.F.);
#4144 = PLANE('',#4145);
#4145 = AXIS2_PLACEMENT_3D('',#4146,#4147,#4148);
#4146 = CARTESIAN_POINT('',(0.7,-1.5,1.3));
#4147 = DIRECTION('',(-1.,0.,0.));
#4148 = DIRECTION('',(0.,1.,0.));
#4149 = ADVANCED_FACE('',(#4150),#4169,.T.);
#4150 = FACE_BOUND('',#4151,.T.);
#4151 = EDGE_LOOP('',(#4152,#4161,#4167,#4168));
#4152 = ORIENTED_EDGE('',*,*,#4153,.F.);
#4153 = EDGE_CURVE('',#4154,#4123,#4156,.T.);
#4154 = VERTEX_POINT('',#4155);
#4155 = CARTESIAN_POINT('',(-0.7,-0.714142842854,3.1));
#4156 = CIRCLE('',#4157,1.);
#4157 = AXIS2_PLACEMENT_3D('',#4158,#4159,#4160);
#4158 = CARTESIAN_POINT('',(0.,0.,3.1));
#4159 = DIRECTION('',(0.,0.,1.));
#4160 = DIRECTION('',(1.,0.,-0.));
#4161 = ORIENTED_EDGE('',*,*,#4162,.T.);
#4162 = EDGE_CURVE('',#4154,#3521,#4163,.T.);
#4163 = LINE('',#4164,#4165);
#4164 = CARTESIAN_POINT('',(-0.7,1.5,3.1));
#4165 = VECTOR('',#4166,1.);
#4166 = DIRECTION('',(0.,-1.,0.));
#4167 = ORIENTED_EDGE('',*,*,#3528,.T.);
#4168 = ORIENTED_EDGE('',*,*,#4122,.T.);
#4169 = PLANE('',#4170);
#4170 = AXIS2_PLACEMENT_3D('',#4171,#4172,#4173);
#4171 = CARTESIAN_POINT('',(0.,0.,3.1));
#4172 = DIRECTION('',(0.,0.,1.));
#4173 = DIRECTION('',(1.,0.,-0.));
#4174 = ADVANCED_FACE('',(#4175),#4200,.F.);
#4175 = FACE_BOUND('',#4176,.F.);
#4176 = EDGE_LOOP('',(#4177,#4178,#4186,#4192,#4193,#4194));
#4177 = ORIENTED_EDGE('',*,*,#3503,.T.);
#4178 = ORIENTED_EDGE('',*,*,#4179,.T.);
#4179 = EDGE_CURVE('',#3495,#4180,#4182,.T.);
#4180 = VERTEX_POINT('',#4181);
#4181 = CARTESIAN_POINT('',(-0.7,0.714142842854,3.1));
#4182 = LINE('',#4183,#4184);
#4183 = CARTESIAN_POINT('',(-0.7,1.5,3.1));
#4184 = VECTOR('',#4185,1.);
#4185 = DIRECTION('',(0.,-1.,0.));
#4186 = ORIENTED_EDGE('',*,*,#4187,.T.);
#4187 = EDGE_CURVE('',#4180,#4154,#4188,.T.);
#4188 = LINE('',#4189,#4190);
#4189 = CARTESIAN_POINT('',(-0.7,1.5,3.1));
#4190 = VECTOR('',#4191,1.);
#4191 = DIRECTION('',(0.,-1.,0.));
#4192 = ORIENTED_EDGE('',*,*,#4162,.T.);
#4193 = ORIENTED_EDGE('',*,*,#3520,.F.);
#4194 = ORIENTED_EDGE('',*,*,#4195,.F.);
#4195 = EDGE_CURVE('',#3504,#3512,#4196,.T.);
#4196 = LINE('',#4197,#4198);
#4197 = CARTESIAN_POINT('',(-0.7,1.5,1.3));
#4198 = VECTOR('',#4199,1.);
#4199 = DIRECTION('',(0.,-1.,0.));
#4200 = PLANE('',#4201);
#4201 = AXIS2_PLACEMENT_3D('',#4202,#4203,#4204);
#4202 = CARTESIAN_POINT('',(-0.7,1.5,1.3));
#4203 = DIRECTION('',(1.,0.,0.));
#4204 = DIRECTION('',(0.,-1.,0.));
#4205 = ADVANCED_FACE('',(#4206),#4210,.T.);
#4206 = FACE_BOUND('',#4207,.T.);
#4207 = EDGE_LOOP('',(#4208,#4209));
#4208 = ORIENTED_EDGE('',*,*,#3511,.T.);
#4209 = ORIENTED_EDGE('',*,*,#4195,.F.);
#4210 = PLANE('',#4211);
#4211 = AXIS2_PLACEMENT_3D('',#4212,#4213,#4214);
#4212 = CARTESIAN_POINT('',(4.806784296126E-03,-0.771227859051,1.3));
#4213 = DIRECTION('',(2.223760898824E-18,5.742701858695E-17,1.));
#4214 = DIRECTION('',(0.,1.,-5.742701858695E-17));
#4215 = ADVANCED_FACE('',(#4216),#4228,.T.);
#4216 = FACE_BOUND('',#4217,.T.);
#4217 = EDGE_LOOP('',(#4218,#4219,#4220,#4227));
#4218 = ORIENTED_EDGE('',*,*,#3494,.T.);
#4219 = ORIENTED_EDGE('',*,*,#4179,.T.);
#4220 = ORIENTED_EDGE('',*,*,#4221,.F.);
#4221 = EDGE_CURVE('',#4131,#4180,#4222,.T.);
#4222 = CIRCLE('',#4223,1.);
#4223 = AXIS2_PLACEMENT_3D('',#4224,#4225,#4226);
#4224 = CARTESIAN_POINT('',(0.,0.,3.1));
#4225 = DIRECTION('',(0.,0.,1.));
#4226 = DIRECTION('',(1.,0.,-0.));
#4227 = ORIENTED_EDGE('',*,*,#4138,.T.);
#4228 = PLANE('',#4229);
#4229 = AXIS2_PLACEMENT_3D('',#4230,#4231,#4232);
#4230 = CARTESIAN_POINT('',(0.,0.,3.1));
#4231 = DIRECTION('',(0.,0.,1.));
#4232 = DIRECTION('',(1.,0.,-0.));
#4233 = ADVANCED_FACE('',(#4234),#4244,.T.);
#4234 = FACE_BOUND('',#4235,.T.);
#4235 = EDGE_LOOP('',(#4236,#4242,#4243));
#4236 = ORIENTED_EDGE('',*,*,#4237,.F.);
#4237 = EDGE_CURVE('',#3631,#3571,#4238,.T.);
#4238 = LINE('',#4239,#4240);
#4239 = CARTESIAN_POINT('',(3.24,-1.5,1.3));
#4240 = VECTOR('',#4241,1.);
#4241 = DIRECTION('',(0.,1.,0.));
#4242 = ORIENTED_EDGE('',*,*,#3638,.T.);
#4243 = ORIENTED_EDGE('',*,*,#3570,.T.);
#4244 = PLANE('',#4245);
#4245 = AXIS2_PLACEMENT_3D('',#4246,#4247,#4248);
#4246 = CARTESIAN_POINT('',(2.544806784296,-0.771227859051,1.3));
#4247 = DIRECTION('',(2.223760898824E-18,5.742701858695E-17,1.));
#4248 = DIRECTION('',(0.,1.,-5.742701858695E-17));
#4249 = ADVANCED_FACE('',(#4250),#4277,.F.);
#4250 = FACE_BOUND('',#4251,.F.);
#4251 = EDGE_LOOP('',(#4252,#4253,#4254,#4262,#4270,#4276));
#4252 = ORIENTED_EDGE('',*,*,#4237,.F.);
#4253 = ORIENTED_EDGE('',*,*,#3630,.T.);
#4254 = ORIENTED_EDGE('',*,*,#4255,.T.);
#4255 = EDGE_CURVE('',#3622,#4256,#4258,.T.);
#4256 = VERTEX_POINT('',#4257);
#4257 = CARTESIAN_POINT('',(3.24,-0.714142842854,3.1));
#4258 = LINE('',#4259,#4260);
#4259 = CARTESIAN_POINT('',(3.24,-1.5,3.1));
#4260 = VECTOR('',#4261,1.);
#4261 = DIRECTION('',(0.,1.,0.));
#4262 = ORIENTED_EDGE('',*,*,#4263,.T.);
#4263 = EDGE_CURVE('',#4256,#4264,#4266,.T.);
#4264 = VERTEX_POINT('',#4265);
#4265 = CARTESIAN_POINT('',(3.24,0.714142842854,3.1));
#4266 = LINE('',#4267,#4268);
#4267 = CARTESIAN_POINT('',(3.24,-1.5,3.1));
#4268 = VECTOR('',#4269,1.);
#4269 = DIRECTION('',(0.,1.,0.));
#4270 = ORIENTED_EDGE('',*,*,#4271,.T.);
#4271 = EDGE_CURVE('',#4264,#3580,#4272,.T.);
#4272 = LINE('',#4273,#4274);
#4273 = CARTESIAN_POINT('',(3.24,-1.5,3.1));
#4274 = VECTOR('',#4275,1.);
#4275 = DIRECTION('',(0.,1.,0.));
#4276 = ORIENTED_EDGE('',*,*,#3579,.F.);
#4277 = PLANE('',#4278);
#4278 = AXIS2_PLACEMENT_3D('',#4279,#4280,#4281);
#4279 = CARTESIAN_POINT('',(3.24,-1.5,1.3));
#4280 = DIRECTION('',(-1.,0.,0.));
#4281 = DIRECTION('',(0.,1.,0.));
#4282 = ADVANCED_FACE('',(#4283),#4302,.T.);
#4283 = FACE_BOUND('',#4284,.T.);
#4284 = EDGE_LOOP('',(#4285,#4294,#4300,#4301));
#4285 = ORIENTED_EDGE('',*,*,#4286,.F.);
#4286 = EDGE_CURVE('',#4287,#4256,#4289,.T.);
#4287 = VERTEX_POINT('',#4288);
#4288 = CARTESIAN_POINT('',(1.84,-0.714142842854,3.1));
#4289 = CIRCLE('',#4290,1.);
#4290 = AXIS2_PLACEMENT_3D('',#4291,#4292,#4293);
#4291 = CARTESIAN_POINT('',(2.54,0.,3.1));
#4292 = DIRECTION('',(0.,0.,1.));
#4293 = DIRECTION('',(1.,0.,-0.));
#4294 = ORIENTED_EDGE('',*,*,#4295,.T.);
#4295 = EDGE_CURVE('',#4287,#3614,#4296,.T.);
#4296 = LINE('',#4297,#4298);
#4297 = CARTESIAN_POINT('',(1.84,1.5,3.1));
#4298 = VECTOR('',#4299,1.);
#4299 = DIRECTION('',(0.,-1.,0.));
#4300 = ORIENTED_EDGE('',*,*,#3621,.T.);
#4301 = ORIENTED_EDGE('',*,*,#4255,.T.);
#4302 = PLANE('',#4303);
#4303 = AXIS2_PLACEMENT_3D('',#4304,#4305,#4306);
#4304 = CARTESIAN_POINT('',(2.54,0.,3.1));
#4305 = DIRECTION('',(0.,0.,1.));
#4306 = DIRECTION('',(1.,0.,-0.));
#4307 = ADVANCED_FACE('',(#4308),#4333,.F.);
#4308 = FACE_BOUND('',#4309,.F.);
#4309 = EDGE_LOOP('',(#4310,#4311,#4319,#4325,#4326,#4327));
#4310 = ORIENTED_EDGE('',*,*,#3596,.T.);
#4311 = ORIENTED_EDGE('',*,*,#4312,.T.);
#4312 = EDGE_CURVE('',#3588,#4313,#4315,.T.);
#4313 = VERTEX_POINT('',#4314);
#4314 = CARTESIAN_POINT('',(1.84,0.714142842854,3.1));
#4315 = LINE('',#4316,#4317);
#4316 = CARTESIAN_POINT('',(1.84,1.5,3.1));
#4317 = VECTOR('',#4318,1.);
#4318 = DIRECTION('',(0.,-1.,0.));
#4319 = ORIENTED_EDGE('',*,*,#4320,.T.);
#4320 = EDGE_CURVE('',#4313,#4287,#4321,.T.);
#4321 = LINE('',#4322,#4323);
#4322 = CARTESIAN_POINT('',(1.84,1.5,3.1));
#4323 = VECTOR('',#4324,1.);
#4324 = DIRECTION('',(0.,-1.,0.));
#4325 = ORIENTED_EDGE('',*,*,#4295,.T.);
#4326 = ORIENTED_EDGE('',*,*,#3613,.F.);
#4327 = ORIENTED_EDGE('',*,*,#4328,.F.);
#4328 = EDGE_CURVE('',#3597,#3605,#4329,.T.);
#4329 = LINE('',#4330,#4331);
#4330 = CARTESIAN_POINT('',(1.84,1.5,1.3));
#4331 = VECTOR('',#4332,1.);
#4332 = DIRECTION('',(0.,-1.,0.));
#4333 = PLANE('',#4334);
#4334 = AXIS2_PLACEMENT_3D('',#4335,#4336,#4337);
#4335 = CARTESIAN_POINT('',(1.84,1.5,1.3));
#4336 = DIRECTION('',(1.,0.,0.));
#4337 = DIRECTION('',(0.,-1.,0.));
#4338 = ADVANCED_FACE('',(#4339),#4343,.T.);
#4339 = FACE_BOUND('',#4340,.T.);
#4340 = EDGE_LOOP('',(#4341,#4342));
#4341 = ORIENTED_EDGE('',*,*,#3604,.T.);
#4342 = ORIENTED_EDGE('',*,*,#4328,.F.);
#4343 = PLANE('',#4344);
#4344 = AXIS2_PLACEMENT_3D('',#4345,#4346,#4347);
#4345 = CARTESIAN_POINT('',(2.544806784296,-0.771227859051,1.3));
#4346 = DIRECTION('',(2.223760898824E-18,5.742701858695E-17,1.));
#4347 = DIRECTION('',(0.,1.,-5.742701858695E-17));
#4348 = ADVANCED_FACE('',(#4349),#4361,.T.);
#4349 = FACE_BOUND('',#4350,.T.);
#4350 = EDGE_LOOP('',(#4351,#4352,#4353,#4360));
#4351 = ORIENTED_EDGE('',*,*,#3587,.T.);
#4352 = ORIENTED_EDGE('',*,*,#4312,.T.);
#4353 = ORIENTED_EDGE('',*,*,#4354,.F.);
#4354 = EDGE_CURVE('',#4264,#4313,#4355,.T.);
#4355 = CIRCLE('',#4356,1.);
#4356 = AXIS2_PLACEMENT_3D('',#4357,#4358,#4359);
#4357 = CARTESIAN_POINT('',(2.54,0.,3.1));
#4358 = DIRECTION('',(0.,0.,1.));
#4359 = DIRECTION('',(1.,0.,-0.));
#4360 = ORIENTED_EDGE('',*,*,#4271,.T.);
#4361 = PLANE('',#4362);
#4362 = AXIS2_PLACEMENT_3D('',#4363,#4364,#4365);
#4363 = CARTESIAN_POINT('',(2.54,0.,3.1));
#4364 = DIRECTION('',(0.,0.,1.));
#4365 = DIRECTION('',(1.,0.,-0.));
#4366 = ADVANCED_FACE('',(#4367),#4392,.T.);
#4367 = FACE_BOUND('',#4368,.T.);
#4368 = EDGE_LOOP('',(#4369,#4377,#4378,#4386));
#4369 = ORIENTED_EDGE('',*,*,#4370,.T.);
#4370 = EDGE_CURVE('',#4371,#3661,#4373,.T.);
#4371 = VERTEX_POINT('',#4372);
#4372 = CARTESIAN_POINT('',(-0.5,1.5,2.9));
#4373 = LINE('',#4374,#4375);
#4374 = CARTESIAN_POINT('',(-0.5,1.5,2.9));
#4375 = VECTOR('',#4376,1.);
#4376 = DIRECTION('',(0.,-1.,0.));
#4377 = ORIENTED_EDGE('',*,*,#3660,.T.);
#4378 = ORIENTED_EDGE('',*,*,#4379,.F.);
#4379 = EDGE_CURVE('',#4380,#3663,#4382,.T.);
#4380 = VERTEX_POINT('',#4381);
#4381 = CARTESIAN_POINT('',(-0.5,1.5,1.5));
#4382 = LINE('',#4383,#4384);
#4383 = CARTESIAN_POINT('',(-0.5,1.5,1.5));
#4384 = VECTOR('',#4385,1.);
#4385 = DIRECTION('',(0.,-1.,0.));
#4386 = ORIENTED_EDGE('',*,*,#4387,.F.);
#4387 = EDGE_CURVE('',#4371,#4380,#4388,.T.);
#4388 = LINE('',#4389,#4390);
#4389 = CARTESIAN_POINT('',(-0.5,1.5,2.9));
#4390 = VECTOR('',#4391,1.);
#4391 = DIRECTION('',(0.,0.,-1.));
#4392 = PLANE('',#4393);
#4393 = AXIS2_PLACEMENT_3D('',#4394,#4395,#4396);
#4394 = CARTESIAN_POINT('',(-0.5,1.5,2.9));
#4395 = DIRECTION('',(1.,0.,0.));
#4396 = DIRECTION('',(0.,0.,-1.));
#4397 = ADVANCED_FACE('',(#4398),#4416,.T.);
#4398 = FACE_BOUND('',#4399,.T.);
#4399 = EDGE_LOOP('',(#4400,#4408,#4409,#4410));
#4400 = ORIENTED_EDGE('',*,*,#4401,.T.);
#4401 = EDGE_CURVE('',#4402,#3679,#4404,.T.);
#4402 = VERTEX_POINT('',#4403);
#4403 = CARTESIAN_POINT('',(0.5,1.5,2.9));
#4404 = LINE('',#4405,#4406);
#4405 = CARTESIAN_POINT('',(0.5,1.5,2.9));
#4406 = VECTOR('',#4407,1.);
#4407 = DIRECTION('',(0.,-1.,0.));
#4408 = ORIENTED_EDGE('',*,*,#3686,.T.);
#4409 = ORIENTED_EDGE('',*,*,#4370,.F.);
#4410 = ORIENTED_EDGE('',*,*,#4411,.F.);
#4411 = EDGE_CURVE('',#4402,#4371,#4412,.T.);
#4412 = LINE('',#4413,#4414);
#4413 = CARTESIAN_POINT('',(0.5,1.5,2.9));
#4414 = VECTOR('',#4415,1.);
#4415 = DIRECTION('',(-1.,0.,0.));
#4416 = PLANE('',#4417);
#4417 = AXIS2_PLACEMENT_3D('',#4418,#4419,#4420);
#4418 = CARTESIAN_POINT('',(0.5,1.5,2.9));
#4419 = DIRECTION('',(-0.,-0.,-1.));
#4420 = DIRECTION('',(-1.,0.,0.));
#4421 = ADVANCED_FACE('',(#4422),#4440,.T.);
#4422 = FACE_BOUND('',#4423,.T.);
#4423 = EDGE_LOOP('',(#4424,#4432,#4433,#4434));
#4424 = ORIENTED_EDGE('',*,*,#4425,.T.);
#4425 = EDGE_CURVE('',#4426,#3671,#4428,.T.);
#4426 = VERTEX_POINT('',#4427);
#4427 = CARTESIAN_POINT('',(0.5,1.5,1.5));
#4428 = LINE('',#4429,#4430);
#4429 = CARTESIAN_POINT('',(0.5,1.5,1.5));
#4430 = VECTOR('',#4431,1.);
#4431 = DIRECTION('',(0.,-1.,0.));
#4432 = ORIENTED_EDGE('',*,*,#3678,.T.);
#4433 = ORIENTED_EDGE('',*,*,#4401,.F.);
#4434 = ORIENTED_EDGE('',*,*,#4435,.F.);
#4435 = EDGE_CURVE('',#4426,#4402,#4436,.T.);
#4436 = LINE('',#4437,#4438);
#4437 = CARTESIAN_POINT('',(0.5,1.5,1.5));
#4438 = VECTOR('',#4439,1.);
#4439 = DIRECTION('',(0.,0.,1.));
#4440 = PLANE('',#4441);
#4441 = AXIS2_PLACEMENT_3D('',#4442,#4443,#4444);
#4442 = CARTESIAN_POINT('',(0.5,1.5,1.5));
#4443 = DIRECTION('',(-1.,0.,0.));
#4444 = DIRECTION('',(0.,0.,1.));
#4445 = ADVANCED_FACE('',(#4446),#4457,.T.);
#4446 = FACE_BOUND('',#4447,.T.);
#4447 = EDGE_LOOP('',(#4448,#4449,#4450,#4451));
#4448 = ORIENTED_EDGE('',*,*,#4379,.T.);
#4449 = ORIENTED_EDGE('',*,*,#3670,.T.);
#4450 = ORIENTED_EDGE('',*,*,#4425,.F.);
#4451 = ORIENTED_EDGE('',*,*,#4452,.F.);
#4452 = EDGE_CURVE('',#4380,#4426,#4453,.T.);
#4453 = LINE('',#4454,#4455);
#4454 = CARTESIAN_POINT('',(-0.5,1.5,1.5));
#4455 = VECTOR('',#4456,1.);
#4456 = DIRECTION('',(1.,0.,0.));
#4457 = PLANE('',#4458);
#4458 = AXIS2_PLACEMENT_3D('',#4459,#4460,#4461);
#4459 = CARTESIAN_POINT('',(-0.5,1.5,1.5));
#4460 = DIRECTION('',(0.,0.,1.));
#4461 = DIRECTION('',(1.,0.,-0.));
#4462 = ADVANCED_FACE('',(#4463),#4488,.T.);
#4463 = FACE_BOUND('',#4464,.T.);
#4464 = EDGE_LOOP('',(#4465,#4473,#4474,#4482));
#4465 = ORIENTED_EDGE('',*,*,#4466,.T.);
#4466 = EDGE_CURVE('',#4467,#3707,#4469,.T.);
#4467 = VERTEX_POINT('',#4468);
#4468 = CARTESIAN_POINT('',(2.04,1.5,2.9));
#4469 = LINE('',#4470,#4471);
#4470 = CARTESIAN_POINT('',(2.04,1.5,2.9));
#4471 = VECTOR('',#4472,1.);
#4472 = DIRECTION('',(0.,-1.,0.));
#4473 = ORIENTED_EDGE('',*,*,#3706,.T.);
#4474 = ORIENTED_EDGE('',*,*,#4475,.F.);
#4475 = EDGE_CURVE('',#4476,#3709,#4478,.T.);
#4476 = VERTEX_POINT('',#4477);
#4477 = CARTESIAN_POINT('',(2.04,1.5,1.5));
#4478 = LINE('',#4479,#4480);
#4479 = CARTESIAN_POINT('',(2.04,1.5,1.5));
#4480 = VECTOR('',#4481,1.);
#4481 = DIRECTION('',(0.,-1.,0.));
#4482 = ORIENTED_EDGE('',*,*,#4483,.F.);
#4483 = EDGE_CURVE('',#4467,#4476,#4484,.T.);
#4484 = LINE('',#4485,#4486);
#4485 = CARTESIAN_POINT('',(2.04,1.5,2.9));
#4486 = VECTOR('',#4487,1.);
#4487 = DIRECTION('',(0.,0.,-1.));
#4488 = PLANE('',#4489);
#4489 = AXIS2_PLACEMENT_3D('',#4490,#4491,#4492);
#4490 = CARTESIAN_POINT('',(2.04,1.5,2.9));
#4491 = DIRECTION('',(1.,0.,0.));
#4492 = DIRECTION('',(0.,0.,-1.));
#4493 = ADVANCED_FACE('',(#4494),#4512,.T.);
#4494 = FACE_BOUND('',#4495,.T.);
#4495 = EDGE_LOOP('',(#4496,#4504,#4505,#4506));
#4496 = ORIENTED_EDGE('',*,*,#4497,.T.);
#4497 = EDGE_CURVE('',#4498,#3725,#4500,.T.);
#4498 = VERTEX_POINT('',#4499);
#4499 = CARTESIAN_POINT('',(3.04,1.5,2.9));
#4500 = LINE('',#4501,#4502);
#4501 = CARTESIAN_POINT('',(3.04,1.5,2.9));
#4502 = VECTOR('',#4503,1.);
#4503 = DIRECTION('',(0.,-1.,0.));
#4504 = ORIENTED_EDGE('',*,*,#3732,.T.);
#4505 = ORIENTED_EDGE('',*,*,#4466,.F.);
#4506 = ORIENTED_EDGE('',*,*,#4507,.F.);
#4507 = EDGE_CURVE('',#4498,#4467,#4508,.T.);
#4508 = LINE('',#4509,#4510);
#4509 = CARTESIAN_POINT('',(3.04,1.5,2.9));
#4510 = VECTOR('',#4511,1.);
#4511 = DIRECTION('',(-1.,0.,0.));
#4512 = PLANE('',#4513);
#4513 = AXIS2_PLACEMENT_3D('',#4514,#4515,#4516);
#4514 = CARTESIAN_POINT('',(3.04,1.5,2.9));
#4515 = DIRECTION('',(-0.,-0.,-1.));
#4516 = DIRECTION('',(-1.,0.,0.));
#4517 = ADVANCED_FACE('',(#4518),#4536,.T.);
#4518 = FACE_BOUND('',#4519,.T.);
#4519 = EDGE_LOOP('',(#4520,#4528,#4529,#4530));
#4520 = ORIENTED_EDGE('',*,*,#4521,.T.);
#4521 = EDGE_CURVE('',#4522,#3717,#4524,.T.);
#4522 = VERTEX_POINT('',#4523);
#4523 = CARTESIAN_POINT('',(3.04,1.5,1.5));
#4524 = LINE('',#4525,#4526);
#4525 = CARTESIAN_POINT('',(3.04,1.5,1.5));
#4526 = VECTOR('',#4527,1.);
#4527 = DIRECTION('',(0.,-1.,0.));
#4528 = ORIENTED_EDGE('',*,*,#3724,.T.);
#4529 = ORIENTED_EDGE('',*,*,#4497,.F.);
#4530 = ORIENTED_EDGE('',*,*,#4531,.F.);
#4531 = EDGE_CURVE('',#4522,#4498,#4532,.T.);
#4532 = LINE('',#4533,#4534);
#4533 = CARTESIAN_POINT('',(3.04,1.5,1.5));
#4534 = VECTOR('',#4535,1.);
#4535 = DIRECTION('',(0.,0.,1.));
#4536 = PLANE('',#4537);
#4537 = AXIS2_PLACEMENT_3D('',#4538,#4539,#4540);
#4538 = CARTESIAN_POINT('',(3.04,1.5,1.5));
#4539 = DIRECTION('',(-1.,0.,0.));
#4540 = DIRECTION('',(0.,0.,1.));
#4541 = ADVANCED_FACE('',(#4542),#4553,.T.);
#4542 = FACE_BOUND('',#4543,.T.);
#4543 = EDGE_LOOP('',(#4544,#4545,#4546,#4547));
#4544 = ORIENTED_EDGE('',*,*,#4475,.T.);
#4545 = ORIENTED_EDGE('',*,*,#3716,.T.);
#4546 = ORIENTED_EDGE('',*,*,#4521,.F.);
#4547 = ORIENTED_EDGE('',*,*,#4548,.F.);
#4548 = EDGE_CURVE('',#4476,#4522,#4549,.T.);
#4549 = LINE('',#4550,#4551);
#4550 = CARTESIAN_POINT('',(2.04,1.5,1.5));
#4551 = VECTOR('',#4552,1.);
#4552 = DIRECTION('',(1.,0.,0.));
#4553 = PLANE('',#4554);
#4554 = AXIS2_PLACEMENT_3D('',#4555,#4556,#4557);
#4555 = CARTESIAN_POINT('',(2.04,1.5,1.5));
#4556 = DIRECTION('',(0.,0.,1.));
#4557 = DIRECTION('',(1.,0.,-0.));
#4558 = ADVANCED_FACE('',(#4559),#4584,.T.);
#4559 = FACE_BOUND('',#4560,.T.);
#4560 = EDGE_LOOP('',(#4561,#4569,#4570,#4578));
#4561 = ORIENTED_EDGE('',*,*,#4562,.T.);
#4562 = EDGE_CURVE('',#4563,#3753,#4565,.T.);
#4563 = VERTEX_POINT('',#4564);
#4564 = CARTESIAN_POINT('',(4.58,1.5,2.9));
#4565 = LINE('',#4566,#4567);
#4566 = CARTESIAN_POINT('',(4.58,1.5,2.9));
#4567 = VECTOR('',#4568,1.);
#4568 = DIRECTION('',(0.,-1.,0.));
#4569 = ORIENTED_EDGE('',*,*,#3752,.T.);
#4570 = ORIENTED_EDGE('',*,*,#4571,.F.);
#4571 = EDGE_CURVE('',#4572,#3755,#4574,.T.);
#4572 = VERTEX_POINT('',#4573);
#4573 = CARTESIAN_POINT('',(4.58,1.5,1.5));
#4574 = LINE('',#4575,#4576);
#4575 = CARTESIAN_POINT('',(4.58,1.5,1.5));
#4576 = VECTOR('',#4577,1.);
#4577 = DIRECTION('',(0.,-1.,0.));
#4578 = ORIENTED_EDGE('',*,*,#4579,.F.);
#4579 = EDGE_CURVE('',#4563,#4572,#4580,.T.);
#4580 = LINE('',#4581,#4582);
#4581 = CARTESIAN_POINT('',(4.58,1.5,2.9));
#4582 = VECTOR('',#4583,1.);
#4583 = DIRECTION('',(0.,0.,-1.));
#4584 = PLANE('',#4585);
#4585 = AXIS2_PLACEMENT_3D('',#4586,#4587,#4588);
#4586 = CARTESIAN_POINT('',(4.58,1.5,2.9));
#4587 = DIRECTION('',(1.,0.,0.));
#4588 = DIRECTION('',(0.,0.,-1.));
#4589 = ADVANCED_FACE('',(#4590),#4608,.T.);
#4590 = FACE_BOUND('',#4591,.T.);
#4591 = EDGE_LOOP('',(#4592,#4600,#4601,#4602));
#4592 = ORIENTED_EDGE('',*,*,#4593,.T.);
#4593 = EDGE_CURVE('',#4594,#3771,#4596,.T.);
#4594 = VERTEX_POINT('',#4595);
#4595 = CARTESIAN_POINT('',(5.58,1.5,2.9));
#4596 = LINE('',#4597,#4598);
#4597 = CARTESIAN_POINT('',(5.58,1.5,2.9));
#4598 = VECTOR('',#4599,1.);
#4599 = DIRECTION('',(0.,-1.,0.));
#4600 = ORIENTED_EDGE('',*,*,#3778,.T.);
#4601 = ORIENTED_EDGE('',*,*,#4562,.F.);
#4602 = ORIENTED_EDGE('',*,*,#4603,.F.);
#4603 = EDGE_CURVE('',#4594,#4563,#4604,.T.);
#4604 = LINE('',#4605,#4606);
#4605 = CARTESIAN_POINT('',(5.58,1.5,2.9));
#4606 = VECTOR('',#4607,1.);
#4607 = DIRECTION('',(-1.,0.,0.));
#4608 = PLANE('',#4609);
#4609 = AXIS2_PLACEMENT_3D('',#4610,#4611,#4612);
#4610 = CARTESIAN_POINT('',(5.58,1.5,2.9));
#4611 = DIRECTION('',(-0.,-0.,-1.));
#4612 = DIRECTION('',(-1.,0.,0.));
#4613 = ADVANCED_FACE('',(#4614),#4632,.T.);
#4614 = FACE_BOUND('',#4615,.T.);
#4615 = EDGE_LOOP('',(#4616,#4624,#4625,#4626));
#4616 = ORIENTED_EDGE('',*,*,#4617,.T.);
#4617 = EDGE_CURVE('',#4618,#3763,#4620,.T.);
#4618 = VERTEX_POINT('',#4619);
#4619 = CARTESIAN_POINT('',(5.58,1.5,1.5));
#4620 = LINE('',#4621,#4622);
#4621 = CARTESIAN_POINT('',(5.58,1.5,1.5));
#4622 = VECTOR('',#4623,1.);
#4623 = DIRECTION('',(0.,-1.,0.));
#4624 = ORIENTED_EDGE('',*,*,#3770,.T.);
#4625 = ORIENTED_EDGE('',*,*,#4593,.F.);
#4626 = ORIENTED_EDGE('',*,*,#4627,.F.);
#4627 = EDGE_CURVE('',#4618,#4594,#4628,.T.);
#4628 = LINE('',#4629,#4630);
#4629 = CARTESIAN_POINT('',(5.58,1.5,1.5));
#4630 = VECTOR('',#4631,1.);
#4631 = DIRECTION('',(0.,0.,1.));
#4632 = PLANE('',#4633);
#4633 = AXIS2_PLACEMENT_3D('',#4634,#4635,#4636);
#4634 = CARTESIAN_POINT('',(5.58,1.5,1.5));
#4635 = DIRECTION('',(-1.,0.,0.));
#4636 = DIRECTION('',(0.,0.,1.));
#4637 = ADVANCED_FACE('',(#4638),#4649,.T.);
#4638 = FACE_BOUND('',#4639,.T.);
#4639 = EDGE_LOOP('',(#4640,#4641,#4642,#4643));
#4640 = ORIENTED_EDGE('',*,*,#4571,.T.);
#4641 = ORIENTED_EDGE('',*,*,#3762,.T.);
#4642 = ORIENTED_EDGE('',*,*,#4617,.F.);
#4643 = ORIENTED_EDGE('',*,*,#4644,.F.);
#4644 = EDGE_CURVE('',#4572,#4618,#4645,.T.);
#4645 = LINE('',#4646,#4647);
#4646 = CARTESIAN_POINT('',(4.58,1.5,1.5));
#4647 = VECTOR('',#4648,1.);
#4648 = DIRECTION('',(1.,0.,0.));
#4649 = PLANE('',#4650);
#4650 = AXIS2_PLACEMENT_3D('',#4651,#4652,#4653);
#4651 = CARTESIAN_POINT('',(4.58,1.5,1.5));
#4652 = DIRECTION('',(0.,0.,1.));
#4653 = DIRECTION('',(1.,0.,-0.));
#4654 = ADVANCED_FACE('',(#4655),#4680,.T.);
#4655 = FACE_BOUND('',#4656,.T.);
#4656 = EDGE_LOOP('',(#4657,#4665,#4666,#4674));
#4657 = ORIENTED_EDGE('',*,*,#4658,.T.);
#4658 = EDGE_CURVE('',#4659,#3799,#4661,.T.);
#4659 = VERTEX_POINT('',#4660);
#4660 = CARTESIAN_POINT('',(7.12,1.5,2.9));
#4661 = LINE('',#4662,#4663);
#4662 = CARTESIAN_POINT('',(7.12,1.5,2.9));
#4663 = VECTOR('',#4664,1.);
#4664 = DIRECTION('',(0.,-1.,0.));
#4665 = ORIENTED_EDGE('',*,*,#3798,.T.);
#4666 = ORIENTED_EDGE('',*,*,#4667,.F.);
#4667 = EDGE_CURVE('',#4668,#3801,#4670,.T.);
#4668 = VERTEX_POINT('',#4669);
#4669 = CARTESIAN_POINT('',(7.12,1.5,1.5));
#4670 = LINE('',#4671,#4672);
#4671 = CARTESIAN_POINT('',(7.12,1.5,1.5));
#4672 = VECTOR('',#4673,1.);
#4673 = DIRECTION('',(0.,-1.,0.));
#4674 = ORIENTED_EDGE('',*,*,#4675,.F.);
#4675 = EDGE_CURVE('',#4659,#4668,#4676,.T.);
#4676 = LINE('',#4677,#4678);
#4677 = CARTESIAN_POINT('',(7.12,1.5,2.9));
#4678 = VECTOR('',#4679,1.);
#4679 = DIRECTION('',(0.,0.,-1.));
#4680 = PLANE('',#4681);
#4681 = AXIS2_PLACEMENT_3D('',#4682,#4683,#4684);
#4682 = CARTESIAN_POINT('',(7.12,1.5,2.9));
#4683 = DIRECTION('',(1.,0.,0.));
#4684 = DIRECTION('',(0.,0.,-1.));
#4685 = ADVANCED_FACE('',(#4686),#4704,.T.);
#4686 = FACE_BOUND('',#4687,.T.);
#4687 = EDGE_LOOP('',(#4688,#4696,#4697,#4698));
#4688 = ORIENTED_EDGE('',*,*,#4689,.T.);
#4689 = EDGE_CURVE('',#4690,#3817,#4692,.T.);
#4690 = VERTEX_POINT('',#4691);
#4691 = CARTESIAN_POINT('',(8.12,1.5,2.9));
#4692 = LINE('',#4693,#4694);
#4693 = CARTESIAN_POINT('',(8.12,1.5,2.9));
#4694 = VECTOR('',#4695,1.);
#4695 = DIRECTION('',(0.,-1.,0.));
#4696 = ORIENTED_EDGE('',*,*,#3824,.T.);
#4697 = ORIENTED_EDGE('',*,*,#4658,.F.);
#4698 = ORIENTED_EDGE('',*,*,#4699,.F.);
#4699 = EDGE_CURVE('',#4690,#4659,#4700,.T.);
#4700 = LINE('',#4701,#4702);
#4701 = CARTESIAN_POINT('',(8.12,1.5,2.9));
#4702 = VECTOR('',#4703,1.);
#4703 = DIRECTION('',(-1.,0.,0.));
#4704 = PLANE('',#4705);
#4705 = AXIS2_PLACEMENT_3D('',#4706,#4707,#4708);
#4706 = CARTESIAN_POINT('',(8.12,1.5,2.9));
#4707 = DIRECTION('',(-0.,-0.,-1.));
#4708 = DIRECTION('',(-1.,0.,0.));
#4709 = ADVANCED_FACE('',(#4710),#4728,.T.);
#4710 = FACE_BOUND('',#4711,.T.);
#4711 = EDGE_LOOP('',(#4712,#4720,#4721,#4722));
#4712 = ORIENTED_EDGE('',*,*,#4713,.T.);
#4713 = EDGE_CURVE('',#4714,#3809,#4716,.T.);
#4714 = VERTEX_POINT('',#4715);
#4715 = CARTESIAN_POINT('',(8.12,1.5,1.5));
#4716 = LINE('',#4717,#4718);
#4717 = CARTESIAN_POINT('',(8.12,1.5,1.5));
#4718 = VECTOR('',#4719,1.);
#4719 = DIRECTION('',(0.,-1.,0.));
#4720 = ORIENTED_EDGE('',*,*,#3816,.T.);
#4721 = ORIENTED_EDGE('',*,*,#4689,.F.);
#4722 = ORIENTED_EDGE('',*,*,#4723,.F.);
#4723 = EDGE_CURVE('',#4714,#4690,#4724,.T.);
#4724 = LINE('',#4725,#4726);
#4725 = CARTESIAN_POINT('',(8.12,1.5,1.5));
#4726 = VECTOR('',#4727,1.);
#4727 = DIRECTION('',(0.,0.,1.));
#4728 = PLANE('',#4729);
#4729 = AXIS2_PLACEMENT_3D('',#4730,#4731,#4732);
#4730 = CARTESIAN_POINT('',(8.12,1.5,1.5));
#4731 = DIRECTION('',(-1.,0.,0.));
#4732 = DIRECTION('',(0.,0.,1.));
#4733 = ADVANCED_FACE('',(#4734),#4745,.T.);
#4734 = FACE_BOUND('',#4735,.T.);
#4735 = EDGE_LOOP('',(#4736,#4737,#4738,#4739));
#4736 = ORIENTED_EDGE('',*,*,#4667,.T.);
#4737 = ORIENTED_EDGE('',*,*,#3808,.T.);
#4738 = ORIENTED_EDGE('',*,*,#4713,.F.);
#4739 = ORIENTED_EDGE('',*,*,#4740,.F.);
#4740 = EDGE_CURVE('',#4668,#4714,#4741,.T.);
#4741 = LINE('',#4742,#4743);
#4742 = CARTESIAN_POINT('',(7.12,1.5,1.5));
#4743 = VECTOR('',#4744,1.);
#4744 = DIRECTION('',(1.,0.,0.));
#4745 = PLANE('',#4746);
#4746 = AXIS2_PLACEMENT_3D('',#4747,#4748,#4749);
#4747 = CARTESIAN_POINT('',(7.12,1.5,1.5));
#4748 = DIRECTION('',(0.,0.,1.));
#4749 = DIRECTION('',(1.,0.,-0.));
#4750 = ADVANCED_FACE('',(#4751),#4770,.F.);
#4751 = FACE_BOUND('',#4752,.F.);
#4752 = EDGE_LOOP('',(#4753,#4762,#4769));
#4753 = ORIENTED_EDGE('',*,*,#4754,.T.);
#4754 = EDGE_CURVE('',#3857,#4755,#4757,.T.);
#4755 = VERTEX_POINT('',#4756);
#4756 = CARTESIAN_POINT('',(6.08,0.,3.1));
#4757 = CIRCLE('',#4758,1.);
#4758 = AXIS2_PLACEMENT_3D('',#4759,#4760,#4761);
#4759 = CARTESIAN_POINT('',(5.08,0.,3.1));
#4760 = DIRECTION('',(0.,0.,1.));
#4761 = DIRECTION('',(1.,0.,-0.));
#4762 = ORIENTED_EDGE('',*,*,#4763,.T.);
#4763 = EDGE_CURVE('',#4755,#3865,#4764,.T.);
#4764 = CIRCLE('',#4765,1.);
#4765 = AXIS2_PLACEMENT_3D('',#4766,#4767,#4768);
#4766 = CARTESIAN_POINT('',(5.08,0.,3.1));
#4767 = DIRECTION('',(0.,0.,1.));
#4768 = DIRECTION('',(1.,0.,-0.));
#4769 = ORIENTED_EDGE('',*,*,#3864,.F.);
#4770 = PLANE('',#4771);
#4771 = AXIS2_PLACEMENT_3D('',#4772,#4773,#4774);
#4772 = CARTESIAN_POINT('',(5.08,1.910944170279E-18,3.1));
#4773 = DIRECTION('',(0.,0.,1.));
#4774 = DIRECTION('',(1.,0.,-0.));
#4775 = ADVANCED_FACE('',(#4776),#4873,.T.);
#4776 = FACE_BOUND('',#4777,.T.);
#4777 = EDGE_LOOP('',(#4778,#4789,#4797,#4806,#4814,#4823,#4831,#4840,
    #4848,#4855,#4861,#4862,#4863,#4870,#4871,#4872));
#4778 = ORIENTED_EDGE('',*,*,#4779,.F.);
#4779 = EDGE_CURVE('',#4780,#4782,#4784,.T.);
#4780 = VERTEX_POINT('',#4781);
#4781 = CARTESIAN_POINT('',(5.43,-0.93674969976,8.3));
#4782 = VERTEX_POINT('',#4783);
#4783 = CARTESIAN_POINT('',(6.08,0.,8.3));
#4784 = CIRCLE('',#4785,1.);
#4785 = AXIS2_PLACEMENT_3D('',#4786,#4787,#4788);
#4786 = CARTESIAN_POINT('',(5.08,0.,8.3));
#4787 = DIRECTION('',(0.,0.,1.));
#4788 = DIRECTION('',(1.,0.,-0.));
#4789 = ORIENTED_EDGE('',*,*,#4790,.T.);
#4790 = EDGE_CURVE('',#4780,#4791,#4793,.T.);
#4791 = VERTEX_POINT('',#4792);
#4792 = CARTESIAN_POINT('',(5.43,-0.93674969976,7.6));
#4793 = LINE('',#4794,#4795);
#4794 = CARTESIAN_POINT('',(5.43,-0.93674969976,3.1));
#4795 = VECTOR('',#4796,1.);
#4796 = DIRECTION('',(-0.,-0.,-1.));
#4797 = ORIENTED_EDGE('',*,*,#4798,.T.);
#4798 = EDGE_CURVE('',#4791,#4799,#4801,.T.);
#4799 = VERTEX_POINT('',#4800);
#4800 = CARTESIAN_POINT('',(4.73,-0.93674969976,7.6));
#4801 = CIRCLE('',#4802,1.);
#4802 = AXIS2_PLACEMENT_3D('',#4803,#4804,#4805);
#4803 = CARTESIAN_POINT('',(5.08,0.,7.6));
#4804 = DIRECTION('',(0.,0.,-1.));
#4805 = DIRECTION('',(1.,0.,0.));
#4806 = ORIENTED_EDGE('',*,*,#4807,.F.);
#4807 = EDGE_CURVE('',#4808,#4799,#4810,.T.);
#4808 = VERTEX_POINT('',#4809);
#4809 = CARTESIAN_POINT('',(4.73,-0.93674969976,8.3));
#4810 = LINE('',#4811,#4812);
#4811 = CARTESIAN_POINT('',(4.73,-0.93674969976,3.1));
#4812 = VECTOR('',#4813,1.);
#4813 = DIRECTION('',(-0.,-0.,-1.));
#4814 = ORIENTED_EDGE('',*,*,#4815,.F.);
#4815 = EDGE_CURVE('',#4816,#4808,#4818,.T.);
#4816 = VERTEX_POINT('',#4817);
#4817 = CARTESIAN_POINT('',(4.73,0.93674969976,8.3));
#4818 = CIRCLE('',#4819,1.);
#4819 = AXIS2_PLACEMENT_3D('',#4820,#4821,#4822);
#4820 = CARTESIAN_POINT('',(5.08,0.,8.3));
#4821 = DIRECTION('',(0.,0.,1.));
#4822 = DIRECTION('',(1.,0.,-0.));
#4823 = ORIENTED_EDGE('',*,*,#4824,.T.);
#4824 = EDGE_CURVE('',#4816,#4825,#4827,.T.);
#4825 = VERTEX_POINT('',#4826);
#4826 = CARTESIAN_POINT('',(4.73,0.93674969976,7.6));
#4827 = LINE('',#4828,#4829);
#4828 = CARTESIAN_POINT('',(4.73,0.93674969976,3.1));
#4829 = VECTOR('',#4830,1.);
#4830 = DIRECTION('',(-0.,-0.,-1.));
#4831 = ORIENTED_EDGE('',*,*,#4832,.T.);
#4832 = EDGE_CURVE('',#4825,#4833,#4835,.T.);
#4833 = VERTEX_POINT('',#4834);
#4834 = CARTESIAN_POINT('',(5.43,0.93674969976,7.6));
#4835 = CIRCLE('',#4836,1.);
#4836 = AXIS2_PLACEMENT_3D('',#4837,#4838,#4839);
#4837 = CARTESIAN_POINT('',(5.08,0.,7.6));
#4838 = DIRECTION('',(0.,0.,-1.));
#4839 = DIRECTION('',(1.,0.,0.));
#4840 = ORIENTED_EDGE('',*,*,#4841,.F.);
#4841 = EDGE_CURVE('',#4842,#4833,#4844,.T.);
#4842 = VERTEX_POINT('',#4843);
#4843 = CARTESIAN_POINT('',(5.43,0.93674969976,8.3));
#4844 = LINE('',#4845,#4846);
#4845 = CARTESIAN_POINT('',(5.43,0.93674969976,3.1));
#4846 = VECTOR('',#4847,1.);
#4847 = DIRECTION('',(-0.,-0.,-1.));
#4848 = ORIENTED_EDGE('',*,*,#4849,.F.);
#4849 = EDGE_CURVE('',#4782,#4842,#4850,.T.);
#4850 = CIRCLE('',#4851,1.);
#4851 = AXIS2_PLACEMENT_3D('',#4852,#4853,#4854);
#4852 = CARTESIAN_POINT('',(5.08,0.,8.3));
#4853 = DIRECTION('',(0.,0.,1.));
#4854 = DIRECTION('',(1.,0.,-0.));
#4855 = ORIENTED_EDGE('',*,*,#4856,.F.);
#4856 = EDGE_CURVE('',#4755,#4782,#4857,.T.);
#4857 = LINE('',#4858,#4859);
#4858 = CARTESIAN_POINT('',(6.08,0.,3.1));
#4859 = VECTOR('',#4860,1.);
#4860 = DIRECTION('',(0.,0.,1.));
#4861 = ORIENTED_EDGE('',*,*,#4763,.T.);
#4862 = ORIENTED_EDGE('',*,*,#3955,.T.);
#4863 = ORIENTED_EDGE('',*,*,#4864,.T.);
#4864 = EDGE_CURVE('',#3914,#3888,#4865,.T.);
#4865 = CIRCLE('',#4866,1.);
#4866 = AXIS2_PLACEMENT_3D('',#4867,#4868,#4869);
#4867 = CARTESIAN_POINT('',(5.08,0.,3.1));
#4868 = DIRECTION('',(0.,0.,1.));
#4869 = DIRECTION('',(1.,0.,-0.));
#4870 = ORIENTED_EDGE('',*,*,#3887,.T.);
#4871 = ORIENTED_EDGE('',*,*,#4754,.T.);
#4872 = ORIENTED_EDGE('',*,*,#4856,.T.);
#4873 = CYLINDRICAL_SURFACE('',#4874,1.);
#4874 = AXIS2_PLACEMENT_3D('',#4875,#4876,#4877);
#4875 = CARTESIAN_POINT('',(5.08,0.,3.1));
#4876 = DIRECTION('',(-0.,-0.,-1.));
#4877 = DIRECTION('',(1.,0.,0.));
#4878 = ADVANCED_FACE('',(#4879),#4883,.F.);
#4879 = FACE_BOUND('',#4880,.F.);
#4880 = EDGE_LOOP('',(#4881,#4882));
#4881 = ORIENTED_EDGE('',*,*,#3921,.F.);
#4882 = ORIENTED_EDGE('',*,*,#4864,.T.);
#4883 = PLANE('',#4884);
#4884 = AXIS2_PLACEMENT_3D('',#4885,#4886,#4887);
#4885 = CARTESIAN_POINT('',(5.08,1.910944170279E-18,3.1));
#4886 = DIRECTION('',(0.,0.,1.));
#4887 = DIRECTION('',(1.,0.,-0.));
#4888 = ADVANCED_FACE('',(#4889),#4908,.F.);
#4889 = FACE_BOUND('',#4890,.F.);
#4890 = EDGE_LOOP('',(#4891,#4900,#4907));
#4891 = ORIENTED_EDGE('',*,*,#4892,.T.);
#4892 = EDGE_CURVE('',#3990,#4893,#4895,.T.);
#4893 = VERTEX_POINT('',#4894);
#4894 = CARTESIAN_POINT('',(8.62,0.,3.1));
#4895 = CIRCLE('',#4896,1.);
#4896 = AXIS2_PLACEMENT_3D('',#4897,#4898,#4899);
#4897 = CARTESIAN_POINT('',(7.62,0.,3.1));
#4898 = DIRECTION('',(0.,0.,1.));
#4899 = DIRECTION('',(1.,0.,-0.));
#4900 = ORIENTED_EDGE('',*,*,#4901,.T.);
#4901 = EDGE_CURVE('',#4893,#3998,#4902,.T.);
#4902 = CIRCLE('',#4903,1.);
#4903 = AXIS2_PLACEMENT_3D('',#4904,#4905,#4906);
#4904 = CARTESIAN_POINT('',(7.62,0.,3.1));
#4905 = DIRECTION('',(0.,0.,1.));
#4906 = DIRECTION('',(1.,0.,-0.));
#4907 = ORIENTED_EDGE('',*,*,#3997,.F.);
#4908 = PLANE('',#4909);
#4909 = AXIS2_PLACEMENT_3D('',#4910,#4911,#4912);
#4910 = CARTESIAN_POINT('',(7.62,1.910944170279E-18,3.1));
#4911 = DIRECTION('',(0.,0.,1.));
#4912 = DIRECTION('',(1.,0.,-0.));
#4913 = ADVANCED_FACE('',(#4914),#5011,.T.);
#4914 = FACE_BOUND('',#4915,.T.);
#4915 = EDGE_LOOP('',(#4916,#4927,#4935,#4944,#4952,#4961,#4969,#4978,
    #4986,#4993,#4999,#5000,#5001,#5008,#5009,#5010));
#4916 = ORIENTED_EDGE('',*,*,#4917,.F.);
#4917 = EDGE_CURVE('',#4918,#4920,#4922,.T.);
#4918 = VERTEX_POINT('',#4919);
#4919 = CARTESIAN_POINT('',(7.97,-0.93674969976,8.3));
#4920 = VERTEX_POINT('',#4921);
#4921 = CARTESIAN_POINT('',(8.62,0.,8.3));
#4922 = CIRCLE('',#4923,1.);
#4923 = AXIS2_PLACEMENT_3D('',#4924,#4925,#4926);
#4924 = CARTESIAN_POINT('',(7.62,0.,8.3));
#4925 = DIRECTION('',(0.,0.,1.));
#4926 = DIRECTION('',(1.,0.,-0.));
#4927 = ORIENTED_EDGE('',*,*,#4928,.T.);
#4928 = EDGE_CURVE('',#4918,#4929,#4931,.T.);
#4929 = VERTEX_POINT('',#4930);
#4930 = CARTESIAN_POINT('',(7.97,-0.93674969976,7.6));
#4931 = LINE('',#4932,#4933);
#4932 = CARTESIAN_POINT('',(7.97,-0.93674969976,3.1));
#4933 = VECTOR('',#4934,1.);
#4934 = DIRECTION('',(-0.,-0.,-1.));
#4935 = ORIENTED_EDGE('',*,*,#4936,.T.);
#4936 = EDGE_CURVE('',#4929,#4937,#4939,.T.);
#4937 = VERTEX_POINT('',#4938);
#4938 = CARTESIAN_POINT('',(7.27,-0.93674969976,7.6));
#4939 = CIRCLE('',#4940,1.);
#4940 = AXIS2_PLACEMENT_3D('',#4941,#4942,#4943);
#4941 = CARTESIAN_POINT('',(7.62,0.,7.6));
#4942 = DIRECTION('',(0.,0.,-1.));
#4943 = DIRECTION('',(1.,0.,0.));
#4944 = ORIENTED_EDGE('',*,*,#4945,.F.);
#4945 = EDGE_CURVE('',#4946,#4937,#4948,.T.);
#4946 = VERTEX_POINT('',#4947);
#4947 = CARTESIAN_POINT('',(7.27,-0.93674969976,8.3));
#4948 = LINE('',#4949,#4950);
#4949 = CARTESIAN_POINT('',(7.27,-0.93674969976,3.1));
#4950 = VECTOR('',#4951,1.);
#4951 = DIRECTION('',(-0.,-0.,-1.));
#4952 = ORIENTED_EDGE('',*,*,#4953,.F.);
#4953 = EDGE_CURVE('',#4954,#4946,#4956,.T.);
#4954 = VERTEX_POINT('',#4955);
#4955 = CARTESIAN_POINT('',(7.27,0.93674969976,8.3));
#4956 = CIRCLE('',#4957,1.);
#4957 = AXIS2_PLACEMENT_3D('',#4958,#4959,#4960);
#4958 = CARTESIAN_POINT('',(7.62,0.,8.3));
#4959 = DIRECTION('',(0.,0.,1.));
#4960 = DIRECTION('',(1.,0.,-0.));
#4961 = ORIENTED_EDGE('',*,*,#4962,.T.);
#4962 = EDGE_CURVE('',#4954,#4963,#4965,.T.);
#4963 = VERTEX_POINT('',#4964);
#4964 = CARTESIAN_POINT('',(7.27,0.93674969976,7.6));
#4965 = LINE('',#4966,#4967);
#4966 = CARTESIAN_POINT('',(7.27,0.93674969976,3.1));
#4967 = VECTOR('',#4968,1.);
#4968 = DIRECTION('',(-0.,-0.,-1.));
#4969 = ORIENTED_EDGE('',*,*,#4970,.T.);
#4970 = EDGE_CURVE('',#4963,#4971,#4973,.T.);
#4971 = VERTEX_POINT('',#4972);
#4972 = CARTESIAN_POINT('',(7.97,0.93674969976,7.6));
#4973 = CIRCLE('',#4974,1.);
#4974 = AXIS2_PLACEMENT_3D('',#4975,#4976,#4977);
#4975 = CARTESIAN_POINT('',(7.62,0.,7.6));
#4976 = DIRECTION('',(0.,0.,-1.));
#4977 = DIRECTION('',(1.,0.,0.));
#4978 = ORIENTED_EDGE('',*,*,#4979,.F.);
#4979 = EDGE_CURVE('',#4980,#4971,#4982,.T.);
#4980 = VERTEX_POINT('',#4981);
#4981 = CARTESIAN_POINT('',(7.97,0.93674969976,8.3));
#4982 = LINE('',#4983,#4984);
#4983 = CARTESIAN_POINT('',(7.97,0.93674969976,3.1));
#4984 = VECTOR('',#4985,1.);
#4985 = DIRECTION('',(-0.,-0.,-1.));
#4986 = ORIENTED_EDGE('',*,*,#4987,.F.);
#4987 = EDGE_CURVE('',#4920,#4980,#4988,.T.);
#4988 = CIRCLE('',#4989,1.);
#4989 = AXIS2_PLACEMENT_3D('',#4990,#4991,#4992);
#4990 = CARTESIAN_POINT('',(7.62,0.,8.3));
#4991 = DIRECTION('',(0.,0.,1.));
#4992 = DIRECTION('',(1.,0.,-0.));
#4993 = ORIENTED_EDGE('',*,*,#4994,.F.);
#4994 = EDGE_CURVE('',#4893,#4920,#4995,.T.);
#4995 = LINE('',#4996,#4997);
#4996 = CARTESIAN_POINT('',(8.62,0.,3.1));
#4997 = VECTOR('',#4998,1.);
#4998 = DIRECTION('',(0.,0.,1.));
#4999 = ORIENTED_EDGE('',*,*,#4901,.T.);
#5000 = ORIENTED_EDGE('',*,*,#4088,.T.);
#5001 = ORIENTED_EDGE('',*,*,#5002,.T.);
#5002 = EDGE_CURVE('',#4047,#4021,#5003,.T.);
#5003 = CIRCLE('',#5004,1.);
#5004 = AXIS2_PLACEMENT_3D('',#5005,#5006,#5007);
#5005 = CARTESIAN_POINT('',(7.62,0.,3.1));
#5006 = DIRECTION('',(0.,0.,1.));
#5007 = DIRECTION('',(1.,0.,-0.));
#5008 = ORIENTED_EDGE('',*,*,#4020,.T.);
#5009 = ORIENTED_EDGE('',*,*,#4892,.T.);
#5010 = ORIENTED_EDGE('',*,*,#4994,.T.);
#5011 = CYLINDRICAL_SURFACE('',#5012,1.);
#5012 = AXIS2_PLACEMENT_3D('',#5013,#5014,#5015);
#5013 = CARTESIAN_POINT('',(7.62,0.,3.1));
#5014 = DIRECTION('',(-0.,-0.,-1.));
#5015 = DIRECTION('',(1.,0.,0.));
#5016 = ADVANCED_FACE('',(#5017),#5021,.F.);
#5017 = FACE_BOUND('',#5018,.F.);
#5018 = EDGE_LOOP('',(#5019,#5020));
#5019 = ORIENTED_EDGE('',*,*,#4054,.F.);
#5020 = ORIENTED_EDGE('',*,*,#5002,.T.);
#5021 = PLANE('',#5022);
#5022 = AXIS2_PLACEMENT_3D('',#5023,#5024,#5025);
#5023 = CARTESIAN_POINT('',(7.62,1.910944170279E-18,3.1));
#5024 = DIRECTION('',(0.,0.,1.));
#5025 = DIRECTION('',(1.,0.,-0.));
#5026 = ADVANCED_FACE('',(#5027),#5046,.F.);
#5027 = FACE_BOUND('',#5028,.F.);
#5028 = EDGE_LOOP('',(#5029,#5038,#5045));
#5029 = ORIENTED_EDGE('',*,*,#5030,.T.);
#5030 = EDGE_CURVE('',#4123,#5031,#5033,.T.);
#5031 = VERTEX_POINT('',#5032);
#5032 = CARTESIAN_POINT('',(1.,0.,3.1));
#5033 = CIRCLE('',#5034,1.);
#5034 = AXIS2_PLACEMENT_3D('',#5035,#5036,#5037);
#5035 = CARTESIAN_POINT('',(0.,0.,3.1));
#5036 = DIRECTION('',(0.,0.,1.));
#5037 = DIRECTION('',(1.,0.,-0.));
#5038 = ORIENTED_EDGE('',*,*,#5039,.T.);
#5039 = EDGE_CURVE('',#5031,#4131,#5040,.T.);
#5040 = CIRCLE('',#5041,1.);
#5041 = AXIS2_PLACEMENT_3D('',#5042,#5043,#5044);
#5042 = CARTESIAN_POINT('',(0.,0.,3.1));
#5043 = DIRECTION('',(0.,0.,1.));
#5044 = DIRECTION('',(1.,0.,-0.));
#5045 = ORIENTED_EDGE('',*,*,#4130,.F.);
#5046 = PLANE('',#5047);
#5047 = AXIS2_PLACEMENT_3D('',#5048,#5049,#5050);
#5048 = CARTESIAN_POINT('',(-6.409875621279E-17,1.910944170279E-18,3.1)
  );
#5049 = DIRECTION('',(0.,0.,1.));
#5050 = DIRECTION('',(1.,0.,-0.));
#5051 = ADVANCED_FACE('',(#5052),#5149,.T.);
#5052 = FACE_BOUND('',#5053,.T.);
#5053 = EDGE_LOOP('',(#5054,#5065,#5073,#5082,#5090,#5099,#5107,#5116,
    #5124,#5131,#5137,#5138,#5139,#5146,#5147,#5148));
#5054 = ORIENTED_EDGE('',*,*,#5055,.F.);
#5055 = EDGE_CURVE('',#5056,#5058,#5060,.T.);
#5056 = VERTEX_POINT('',#5057);
#5057 = CARTESIAN_POINT('',(0.35,-0.93674969976,8.3));
#5058 = VERTEX_POINT('',#5059);
#5059 = CARTESIAN_POINT('',(1.,0.,8.3));
#5060 = CIRCLE('',#5061,1.);
#5061 = AXIS2_PLACEMENT_3D('',#5062,#5063,#5064);
#5062 = CARTESIAN_POINT('',(0.,0.,8.3));
#5063 = DIRECTION('',(0.,0.,1.));
#5064 = DIRECTION('',(1.,0.,-0.));
#5065 = ORIENTED_EDGE('',*,*,#5066,.T.);
#5066 = EDGE_CURVE('',#5056,#5067,#5069,.T.);
#5067 = VERTEX_POINT('',#5068);
#5068 = CARTESIAN_POINT('',(0.35,-0.93674969976,7.6));
#5069 = LINE('',#5070,#5071);
#5070 = CARTESIAN_POINT('',(0.35,-0.93674969976,3.1));
#5071 = VECTOR('',#5072,1.);
#5072 = DIRECTION('',(-0.,-0.,-1.));
#5073 = ORIENTED_EDGE('',*,*,#5074,.T.);
#5074 = EDGE_CURVE('',#5067,#5075,#5077,.T.);
#5075 = VERTEX_POINT('',#5076);
#5076 = CARTESIAN_POINT('',(-0.35,-0.93674969976,7.6));
#5077 = CIRCLE('',#5078,1.);
#5078 = AXIS2_PLACEMENT_3D('',#5079,#5080,#5081);
#5079 = CARTESIAN_POINT('',(0.,0.,7.6));
#5080 = DIRECTION('',(0.,0.,-1.));
#5081 = DIRECTION('',(1.,0.,0.));
#5082 = ORIENTED_EDGE('',*,*,#5083,.F.);
#5083 = EDGE_CURVE('',#5084,#5075,#5086,.T.);
#5084 = VERTEX_POINT('',#5085);
#5085 = CARTESIAN_POINT('',(-0.35,-0.93674969976,8.3));
#5086 = LINE('',#5087,#5088);
#5087 = CARTESIAN_POINT('',(-0.35,-0.93674969976,3.1));
#5088 = VECTOR('',#5089,1.);
#5089 = DIRECTION('',(-0.,-0.,-1.));
#5090 = ORIENTED_EDGE('',*,*,#5091,.F.);
#5091 = EDGE_CURVE('',#5092,#5084,#5094,.T.);
#5092 = VERTEX_POINT('',#5093);
#5093 = CARTESIAN_POINT('',(-0.35,0.93674969976,8.3));
#5094 = CIRCLE('',#5095,1.);
#5095 = AXIS2_PLACEMENT_3D('',#5096,#5097,#5098);
#5096 = CARTESIAN_POINT('',(0.,0.,8.3));
#5097 = DIRECTION('',(0.,0.,1.));
#5098 = DIRECTION('',(1.,0.,-0.));
#5099 = ORIENTED_EDGE('',*,*,#5100,.T.);
#5100 = EDGE_CURVE('',#5092,#5101,#5103,.T.);
#5101 = VERTEX_POINT('',#5102);
#5102 = CARTESIAN_POINT('',(-0.35,0.93674969976,7.6));
#5103 = LINE('',#5104,#5105);
#5104 = CARTESIAN_POINT('',(-0.35,0.93674969976,3.1));
#5105 = VECTOR('',#5106,1.);
#5106 = DIRECTION('',(-0.,-0.,-1.));
#5107 = ORIENTED_EDGE('',*,*,#5108,.T.);
#5108 = EDGE_CURVE('',#5101,#5109,#5111,.T.);
#5109 = VERTEX_POINT('',#5110);
#5110 = CARTESIAN_POINT('',(0.35,0.93674969976,7.6));
#5111 = CIRCLE('',#5112,1.);
#5112 = AXIS2_PLACEMENT_3D('',#5113,#5114,#5115);
#5113 = CARTESIAN_POINT('',(0.,0.,7.6));
#5114 = DIRECTION('',(0.,0.,-1.));
#5115 = DIRECTION('',(1.,0.,0.));
#5116 = ORIENTED_EDGE('',*,*,#5117,.F.);
#5117 = EDGE_CURVE('',#5118,#5109,#5120,.T.);
#5118 = VERTEX_POINT('',#5119);
#5119 = CARTESIAN_POINT('',(0.35,0.93674969976,8.3));
#5120 = LINE('',#5121,#5122);
#5121 = CARTESIAN_POINT('',(0.35,0.93674969976,3.1));
#5122 = VECTOR('',#5123,1.);
#5123 = DIRECTION('',(-0.,-0.,-1.));
#5124 = ORIENTED_EDGE('',*,*,#5125,.F.);
#5125 = EDGE_CURVE('',#5058,#5118,#5126,.T.);
#5126 = CIRCLE('',#5127,1.);
#5127 = AXIS2_PLACEMENT_3D('',#5128,#5129,#5130);
#5128 = CARTESIAN_POINT('',(0.,0.,8.3));
#5129 = DIRECTION('',(0.,0.,1.));
#5130 = DIRECTION('',(1.,0.,-0.));
#5131 = ORIENTED_EDGE('',*,*,#5132,.F.);
#5132 = EDGE_CURVE('',#5031,#5058,#5133,.T.);
#5133 = LINE('',#5134,#5135);
#5134 = CARTESIAN_POINT('',(1.,0.,3.1));
#5135 = VECTOR('',#5136,1.);
#5136 = DIRECTION('',(0.,0.,1.));
#5137 = ORIENTED_EDGE('',*,*,#5039,.T.);
#5138 = ORIENTED_EDGE('',*,*,#4221,.T.);
#5139 = ORIENTED_EDGE('',*,*,#5140,.T.);
#5140 = EDGE_CURVE('',#4180,#4154,#5141,.T.);
#5141 = CIRCLE('',#5142,1.);
#5142 = AXIS2_PLACEMENT_3D('',#5143,#5144,#5145);
#5143 = CARTESIAN_POINT('',(0.,0.,3.1));
#5144 = DIRECTION('',(0.,0.,1.));
#5145 = DIRECTION('',(1.,0.,-0.));
#5146 = ORIENTED_EDGE('',*,*,#4153,.T.);
#5147 = ORIENTED_EDGE('',*,*,#5030,.T.);
#5148 = ORIENTED_EDGE('',*,*,#5132,.T.);
#5149 = CYLINDRICAL_SURFACE('',#5150,1.);
#5150 = AXIS2_PLACEMENT_3D('',#5151,#5152,#5153);
#5151 = CARTESIAN_POINT('',(0.,0.,3.1));
#5152 = DIRECTION('',(-0.,-0.,-1.));
#5153 = DIRECTION('',(1.,0.,0.));
#5154 = ADVANCED_FACE('',(#5155),#5159,.F.);
#5155 = FACE_BOUND('',#5156,.F.);
#5156 = EDGE_LOOP('',(#5157,#5158));
#5157 = ORIENTED_EDGE('',*,*,#4187,.F.);
#5158 = ORIENTED_EDGE('',*,*,#5140,.T.);
#5159 = PLANE('',#5160);
#5160 = AXIS2_PLACEMENT_3D('',#5161,#5162,#5163);
#5161 = CARTESIAN_POINT('',(-6.409875621279E-17,1.910944170279E-18,3.1)
  );
#5162 = DIRECTION('',(0.,0.,1.));
#5163 = DIRECTION('',(1.,0.,-0.));
#5164 = ADVANCED_FACE('',(#5165),#5184,.F.);
#5165 = FACE_BOUND('',#5166,.F.);
#5166 = EDGE_LOOP('',(#5167,#5176,#5183));
#5167 = ORIENTED_EDGE('',*,*,#5168,.T.);
#5168 = EDGE_CURVE('',#4256,#5169,#5171,.T.);
#5169 = VERTEX_POINT('',#5170);
#5170 = CARTESIAN_POINT('',(3.54,0.,3.1));
#5171 = CIRCLE('',#5172,1.);
#5172 = AXIS2_PLACEMENT_3D('',#5173,#5174,#5175);
#5173 = CARTESIAN_POINT('',(2.54,0.,3.1));
#5174 = DIRECTION('',(0.,0.,1.));
#5175 = DIRECTION('',(1.,0.,-0.));
#5176 = ORIENTED_EDGE('',*,*,#5177,.T.);
#5177 = EDGE_CURVE('',#5169,#4264,#5178,.T.);
#5178 = CIRCLE('',#5179,1.);
#5179 = AXIS2_PLACEMENT_3D('',#5180,#5181,#5182);
#5180 = CARTESIAN_POINT('',(2.54,0.,3.1));
#5181 = DIRECTION('',(0.,0.,1.));
#5182 = DIRECTION('',(1.,0.,-0.));
#5183 = ORIENTED_EDGE('',*,*,#4263,.F.);
#5184 = PLANE('',#5185);
#5185 = AXIS2_PLACEMENT_3D('',#5186,#5187,#5188);
#5186 = CARTESIAN_POINT('',(2.54,1.910944170279E-18,3.1));
#5187 = DIRECTION('',(0.,0.,1.));
#5188 = DIRECTION('',(1.,0.,-0.));
#5189 = ADVANCED_FACE('',(#5190),#5287,.T.);
#5190 = FACE_BOUND('',#5191,.T.);
#5191 = EDGE_LOOP('',(#5192,#5203,#5211,#5220,#5228,#5237,#5245,#5254,
    #5262,#5269,#5275,#5276,#5277,#5284,#5285,#5286));
#5192 = ORIENTED_EDGE('',*,*,#5193,.F.);
#5193 = EDGE_CURVE('',#5194,#5196,#5198,.T.);
#5194 = VERTEX_POINT('',#5195);
#5195 = CARTESIAN_POINT('',(2.89,-0.93674969976,8.3));
#5196 = VERTEX_POINT('',#5197);
#5197 = CARTESIAN_POINT('',(3.54,0.,8.3));
#5198 = CIRCLE('',#5199,1.);
#5199 = AXIS2_PLACEMENT_3D('',#5200,#5201,#5202);
#5200 = CARTESIAN_POINT('',(2.54,0.,8.3));
#5201 = DIRECTION('',(0.,0.,1.));
#5202 = DIRECTION('',(1.,0.,-0.));
#5203 = ORIENTED_EDGE('',*,*,#5204,.T.);
#5204 = EDGE_CURVE('',#5194,#5205,#5207,.T.);
#5205 = VERTEX_POINT('',#5206);
#5206 = CARTESIAN_POINT('',(2.89,-0.93674969976,7.6));
#5207 = LINE('',#5208,#5209);
#5208 = CARTESIAN_POINT('',(2.89,-0.93674969976,3.1));
#5209 = VECTOR('',#5210,1.);
#5210 = DIRECTION('',(-0.,-0.,-1.));
#5211 = ORIENTED_EDGE('',*,*,#5212,.T.);
#5212 = EDGE_CURVE('',#5205,#5213,#5215,.T.);
#5213 = VERTEX_POINT('',#5214);
#5214 = CARTESIAN_POINT('',(2.19,-0.93674969976,7.6));
#5215 = CIRCLE('',#5216,1.);
#5216 = AXIS2_PLACEMENT_3D('',#5217,#5218,#5219);
#5217 = CARTESIAN_POINT('',(2.54,0.,7.6));
#5218 = DIRECTION('',(0.,0.,-1.));
#5219 = DIRECTION('',(1.,0.,0.));
#5220 = ORIENTED_EDGE('',*,*,#5221,.F.);
#5221 = EDGE_CURVE('',#5222,#5213,#5224,.T.);
#5222 = VERTEX_POINT('',#5223);
#5223 = CARTESIAN_POINT('',(2.19,-0.93674969976,8.3));
#5224 = LINE('',#5225,#5226);
#5225 = CARTESIAN_POINT('',(2.19,-0.93674969976,3.1));
#5226 = VECTOR('',#5227,1.);
#5227 = DIRECTION('',(-0.,-0.,-1.));
#5228 = ORIENTED_EDGE('',*,*,#5229,.F.);
#5229 = EDGE_CURVE('',#5230,#5222,#5232,.T.);
#5230 = VERTEX_POINT('',#5231);
#5231 = CARTESIAN_POINT('',(2.19,0.93674969976,8.3));
#5232 = CIRCLE('',#5233,1.);
#5233 = AXIS2_PLACEMENT_3D('',#5234,#5235,#5236);
#5234 = CARTESIAN_POINT('',(2.54,0.,8.3));
#5235 = DIRECTION('',(0.,0.,1.));
#5236 = DIRECTION('',(1.,0.,-0.));
#5237 = ORIENTED_EDGE('',*,*,#5238,.T.);
#5238 = EDGE_CURVE('',#5230,#5239,#5241,.T.);
#5239 = VERTEX_POINT('',#5240);
#5240 = CARTESIAN_POINT('',(2.19,0.93674969976,7.6));
#5241 = LINE('',#5242,#5243);
#5242 = CARTESIAN_POINT('',(2.19,0.93674969976,3.1));
#5243 = VECTOR('',#5244,1.);
#5244 = DIRECTION('',(-0.,-0.,-1.));
#5245 = ORIENTED_EDGE('',*,*,#5246,.T.);
#5246 = EDGE_CURVE('',#5239,#5247,#5249,.T.);
#5247 = VERTEX_POINT('',#5248);
#5248 = CARTESIAN_POINT('',(2.89,0.93674969976,7.6));
#5249 = CIRCLE('',#5250,1.);
#5250 = AXIS2_PLACEMENT_3D('',#5251,#5252,#5253);
#5251 = CARTESIAN_POINT('',(2.54,0.,7.6));
#5252 = DIRECTION('',(0.,0.,-1.));
#5253 = DIRECTION('',(1.,0.,0.));
#5254 = ORIENTED_EDGE('',*,*,#5255,.F.);
#5255 = EDGE_CURVE('',#5256,#5247,#5258,.T.);
#5256 = VERTEX_POINT('',#5257);
#5257 = CARTESIAN_POINT('',(2.89,0.93674969976,8.3));
#5258 = LINE('',#5259,#5260);
#5259 = CARTESIAN_POINT('',(2.89,0.93674969976,3.1));
#5260 = VECTOR('',#5261,1.);
#5261 = DIRECTION('',(-0.,-0.,-1.));
#5262 = ORIENTED_EDGE('',*,*,#5263,.F.);
#5263 = EDGE_CURVE('',#5196,#5256,#5264,.T.);
#5264 = CIRCLE('',#5265,1.);
#5265 = AXIS2_PLACEMENT_3D('',#5266,#5267,#5268);
#5266 = CARTESIAN_POINT('',(2.54,0.,8.3));
#5267 = DIRECTION('',(0.,0.,1.));
#5268 = DIRECTION('',(1.,0.,-0.));
#5269 = ORIENTED_EDGE('',*,*,#5270,.F.);
#5270 = EDGE_CURVE('',#5169,#5196,#5271,.T.);
#5271 = LINE('',#5272,#5273);
#5272 = CARTESIAN_POINT('',(3.54,0.,3.1));
#5273 = VECTOR('',#5274,1.);
#5274 = DIRECTION('',(0.,0.,1.));
#5275 = ORIENTED_EDGE('',*,*,#5177,.T.);
#5276 = ORIENTED_EDGE('',*,*,#4354,.T.);
#5277 = ORIENTED_EDGE('',*,*,#5278,.T.);
#5278 = EDGE_CURVE('',#4313,#4287,#5279,.T.);
#5279 = CIRCLE('',#5280,1.);
#5280 = AXIS2_PLACEMENT_3D('',#5281,#5282,#5283);
#5281 = CARTESIAN_POINT('',(2.54,0.,3.1));
#5282 = DIRECTION('',(0.,0.,1.));
#5283 = DIRECTION('',(1.,0.,-0.));
#5284 = ORIENTED_EDGE('',*,*,#4286,.T.);
#5285 = ORIENTED_EDGE('',*,*,#5168,.T.);
#5286 = ORIENTED_EDGE('',*,*,#5270,.T.);
#5287 = CYLINDRICAL_SURFACE('',#5288,1.);
#5288 = AXIS2_PLACEMENT_3D('',#5289,#5290,#5291);
#5289 = CARTESIAN_POINT('',(2.54,0.,3.1));
#5290 = DIRECTION('',(-0.,-0.,-1.));
#5291 = DIRECTION('',(1.,0.,0.));
#5292 = ADVANCED_FACE('',(#5293),#5297,.F.);
#5293 = FACE_BOUND('',#5294,.F.);
#5294 = EDGE_LOOP('',(#5295,#5296));
#5295 = ORIENTED_EDGE('',*,*,#4320,.F.);
#5296 = ORIENTED_EDGE('',*,*,#5278,.T.);
#5297 = PLANE('',#5298);
#5298 = AXIS2_PLACEMENT_3D('',#5299,#5300,#5301);
#5299 = CARTESIAN_POINT('',(2.54,1.910944170279E-18,3.1));
#5300 = DIRECTION('',(0.,0.,1.));
#5301 = DIRECTION('',(1.,0.,-0.));
#5302 = ADVANCED_FACE('',(#5303),#5309,.T.);
#5303 = FACE_BOUND('',#5304,.T.);
#5304 = EDGE_LOOP('',(#5305,#5306,#5307,#5308));
#5305 = ORIENTED_EDGE('',*,*,#4411,.T.);
#5306 = ORIENTED_EDGE('',*,*,#4387,.T.);
#5307 = ORIENTED_EDGE('',*,*,#4452,.T.);
#5308 = ORIENTED_EDGE('',*,*,#4435,.T.);
#5309 = PLANE('',#5310);
#5310 = AXIS2_PLACEMENT_3D('',#5311,#5312,#5313);
#5311 = CARTESIAN_POINT('',(0.,1.5,2.2));
#5312 = DIRECTION('',(-0.,-1.,-0.));
#5313 = DIRECTION('',(0.,0.,-1.));
#5314 = ADVANCED_FACE('',(#5315),#5321,.T.);
#5315 = FACE_BOUND('',#5316,.T.);
#5316 = EDGE_LOOP('',(#5317,#5318,#5319,#5320));
#5317 = ORIENTED_EDGE('',*,*,#4507,.T.);
#5318 = ORIENTED_EDGE('',*,*,#4483,.T.);
#5319 = ORIENTED_EDGE('',*,*,#4548,.T.);
#5320 = ORIENTED_EDGE('',*,*,#4531,.T.);
#5321 = PLANE('',#5322);
#5322 = AXIS2_PLACEMENT_3D('',#5323,#5324,#5325);
#5323 = CARTESIAN_POINT('',(2.54,1.5,2.2));
#5324 = DIRECTION('',(-0.,-1.,-0.));
#5325 = DIRECTION('',(0.,0.,-1.));
#5326 = ADVANCED_FACE('',(#5327),#5333,.T.);
#5327 = FACE_BOUND('',#5328,.T.);
#5328 = EDGE_LOOP('',(#5329,#5330,#5331,#5332));
#5329 = ORIENTED_EDGE('',*,*,#4603,.T.);
#5330 = ORIENTED_EDGE('',*,*,#4579,.T.);
#5331 = ORIENTED_EDGE('',*,*,#4644,.T.);
#5332 = ORIENTED_EDGE('',*,*,#4627,.T.);
#5333 = PLANE('',#5334);
#5334 = AXIS2_PLACEMENT_3D('',#5335,#5336,#5337);
#5335 = CARTESIAN_POINT('',(5.08,1.5,2.2));
#5336 = DIRECTION('',(-0.,-1.,-0.));
#5337 = DIRECTION('',(0.,0.,-1.));
#5338 = ADVANCED_FACE('',(#5339),#5345,.T.);
#5339 = FACE_BOUND('',#5340,.T.);
#5340 = EDGE_LOOP('',(#5341,#5342,#5343,#5344));
#5341 = ORIENTED_EDGE('',*,*,#4699,.T.);
#5342 = ORIENTED_EDGE('',*,*,#4675,.T.);
#5343 = ORIENTED_EDGE('',*,*,#4740,.T.);
#5344 = ORIENTED_EDGE('',*,*,#4723,.T.);
#5345 = PLANE('',#5346);
#5346 = AXIS2_PLACEMENT_3D('',#5347,#5348,#5349);
#5347 = CARTESIAN_POINT('',(7.62,1.5,2.2));
#5348 = DIRECTION('',(-0.,-1.,-0.));
#5349 = DIRECTION('',(0.,0.,-1.));
#5350 = ADVANCED_FACE('',(#5351),#5361,.T.);
#5351 = FACE_BOUND('',#5352,.T.);
#5352 = EDGE_LOOP('',(#5353,#5354,#5355));
#5353 = ORIENTED_EDGE('',*,*,#4779,.T.);
#5354 = ORIENTED_EDGE('',*,*,#4849,.T.);
#5355 = ORIENTED_EDGE('',*,*,#5356,.F.);
#5356 = EDGE_CURVE('',#4780,#4842,#5357,.T.);
#5357 = LINE('',#5358,#5359);
#5358 = CARTESIAN_POINT('',(5.43,-1.1,8.3));
#5359 = VECTOR('',#5360,1.);
#5360 = DIRECTION('',(0.,1.,0.));
#5361 = PLANE('',#5362);
#5362 = AXIS2_PLACEMENT_3D('',#5363,#5364,#5365);
#5363 = CARTESIAN_POINT('',(5.08,1.910944170279E-18,8.3));
#5364 = DIRECTION('',(0.,0.,1.));
#5365 = DIRECTION('',(1.,0.,-0.));
#5366 = ADVANCED_FACE('',(#5367),#5378,.F.);
#5367 = FACE_BOUND('',#5368,.F.);
#5368 = EDGE_LOOP('',(#5369,#5370,#5371,#5377));
#5369 = ORIENTED_EDGE('',*,*,#5356,.F.);
#5370 = ORIENTED_EDGE('',*,*,#4790,.T.);
#5371 = ORIENTED_EDGE('',*,*,#5372,.T.);
#5372 = EDGE_CURVE('',#4791,#4833,#5373,.T.);
#5373 = LINE('',#5374,#5375);
#5374 = CARTESIAN_POINT('',(5.43,-1.1,7.6));
#5375 = VECTOR('',#5376,1.);
#5376 = DIRECTION('',(0.,1.,0.));
#5377 = ORIENTED_EDGE('',*,*,#4841,.F.);
#5378 = PLANE('',#5379);
#5379 = AXIS2_PLACEMENT_3D('',#5380,#5381,#5382);
#5380 = CARTESIAN_POINT('',(5.43,-1.1,8.3));
#5381 = DIRECTION('',(1.,0.,0.));
#5382 = DIRECTION('',(-0.,1.,0.));
#5383 = ADVANCED_FACE('',(#5384),#5395,.T.);
#5384 = FACE_BOUND('',#5385,.T.);
#5385 = EDGE_LOOP('',(#5386,#5392,#5393,#5394));
#5386 = ORIENTED_EDGE('',*,*,#5387,.T.);
#5387 = EDGE_CURVE('',#4825,#4799,#5388,.T.);
#5388 = LINE('',#5389,#5390);
#5389 = CARTESIAN_POINT('',(4.73,1.1,7.6));
#5390 = VECTOR('',#5391,1.);
#5391 = DIRECTION('',(0.,-1.,0.));
#5392 = ORIENTED_EDGE('',*,*,#4798,.F.);
#5393 = ORIENTED_EDGE('',*,*,#5372,.T.);
#5394 = ORIENTED_EDGE('',*,*,#4832,.F.);
#5395 = PLANE('',#5396);
#5396 = AXIS2_PLACEMENT_3D('',#5397,#5398,#5399);
#5397 = CARTESIAN_POINT('',(5.08,0.,7.6));
#5398 = DIRECTION('',(0.,0.,1.));
#5399 = DIRECTION('',(1.,0.,-0.));
#5400 = ADVANCED_FACE('',(#5401),#5412,.F.);
#5401 = FACE_BOUND('',#5402,.F.);
#5402 = EDGE_LOOP('',(#5403,#5409,#5410,#5411));
#5403 = ORIENTED_EDGE('',*,*,#5404,.F.);
#5404 = EDGE_CURVE('',#4816,#4808,#5405,.T.);
#5405 = LINE('',#5406,#5407);
#5406 = CARTESIAN_POINT('',(4.73,1.1,8.3));
#5407 = VECTOR('',#5408,1.);
#5408 = DIRECTION('',(0.,-1.,0.));
#5409 = ORIENTED_EDGE('',*,*,#4824,.T.);
#5410 = ORIENTED_EDGE('',*,*,#5387,.T.);
#5411 = ORIENTED_EDGE('',*,*,#4807,.F.);
#5412 = PLANE('',#5413);
#5413 = AXIS2_PLACEMENT_3D('',#5414,#5415,#5416);
#5414 = CARTESIAN_POINT('',(4.73,1.1,8.3));
#5415 = DIRECTION('',(-1.,0.,0.));
#5416 = DIRECTION('',(0.,-1.,0.));
#5417 = ADVANCED_FACE('',(#5418),#5422,.T.);
#5418 = FACE_BOUND('',#5419,.T.);
#5419 = EDGE_LOOP('',(#5420,#5421));
#5420 = ORIENTED_EDGE('',*,*,#5404,.F.);
#5421 = ORIENTED_EDGE('',*,*,#4815,.T.);
#5422 = PLANE('',#5423);
#5423 = AXIS2_PLACEMENT_3D('',#5424,#5425,#5426);
#5424 = CARTESIAN_POINT('',(5.08,1.910944170279E-18,8.3));
#5425 = DIRECTION('',(0.,0.,1.));
#5426 = DIRECTION('',(1.,0.,-0.));
#5427 = ADVANCED_FACE('',(#5428),#5438,.T.);
#5428 = FACE_BOUND('',#5429,.T.);
#5429 = EDGE_LOOP('',(#5430,#5431,#5432));
#5430 = ORIENTED_EDGE('',*,*,#4917,.T.);
#5431 = ORIENTED_EDGE('',*,*,#4987,.T.);
#5432 = ORIENTED_EDGE('',*,*,#5433,.F.);
#5433 = EDGE_CURVE('',#4918,#4980,#5434,.T.);
#5434 = LINE('',#5435,#5436);
#5435 = CARTESIAN_POINT('',(7.97,-1.1,8.3));
#5436 = VECTOR('',#5437,1.);
#5437 = DIRECTION('',(0.,1.,0.));
#5438 = PLANE('',#5439);
#5439 = AXIS2_PLACEMENT_3D('',#5440,#5441,#5442);
#5440 = CARTESIAN_POINT('',(7.62,1.910944170279E-18,8.3));
#5441 = DIRECTION('',(0.,0.,1.));
#5442 = DIRECTION('',(1.,0.,-0.));
#5443 = ADVANCED_FACE('',(#5444),#5455,.F.);
#5444 = FACE_BOUND('',#5445,.F.);
#5445 = EDGE_LOOP('',(#5446,#5447,#5448,#5454));
#5446 = ORIENTED_EDGE('',*,*,#5433,.F.);
#5447 = ORIENTED_EDGE('',*,*,#4928,.T.);
#5448 = ORIENTED_EDGE('',*,*,#5449,.T.);
#5449 = EDGE_CURVE('',#4929,#4971,#5450,.T.);
#5450 = LINE('',#5451,#5452);
#5451 = CARTESIAN_POINT('',(7.97,-1.1,7.6));
#5452 = VECTOR('',#5453,1.);
#5453 = DIRECTION('',(0.,1.,0.));
#5454 = ORIENTED_EDGE('',*,*,#4979,.F.);
#5455 = PLANE('',#5456);
#5456 = AXIS2_PLACEMENT_3D('',#5457,#5458,#5459);
#5457 = CARTESIAN_POINT('',(7.97,-1.1,8.3));
#5458 = DIRECTION('',(1.,0.,0.));
#5459 = DIRECTION('',(-0.,1.,0.));
#5460 = ADVANCED_FACE('',(#5461),#5472,.T.);
#5461 = FACE_BOUND('',#5462,.T.);
#5462 = EDGE_LOOP('',(#5463,#5469,#5470,#5471));
#5463 = ORIENTED_EDGE('',*,*,#5464,.T.);
#5464 = EDGE_CURVE('',#4963,#4937,#5465,.T.);
#5465 = LINE('',#5466,#5467);
#5466 = CARTESIAN_POINT('',(7.27,1.1,7.6));
#5467 = VECTOR('',#5468,1.);
#5468 = DIRECTION('',(0.,-1.,0.));
#5469 = ORIENTED_EDGE('',*,*,#4936,.F.);
#5470 = ORIENTED_EDGE('',*,*,#5449,.T.);
#5471 = ORIENTED_EDGE('',*,*,#4970,.F.);
#5472 = PLANE('',#5473);
#5473 = AXIS2_PLACEMENT_3D('',#5474,#5475,#5476);
#5474 = CARTESIAN_POINT('',(7.62,0.,7.6));
#5475 = DIRECTION('',(0.,0.,1.));
#5476 = DIRECTION('',(1.,0.,-0.));
#5477 = ADVANCED_FACE('',(#5478),#5489,.F.);
#5478 = FACE_BOUND('',#5479,.F.);
#5479 = EDGE_LOOP('',(#5480,#5486,#5487,#5488));
#5480 = ORIENTED_EDGE('',*,*,#5481,.F.);
#5481 = EDGE_CURVE('',#4954,#4946,#5482,.T.);
#5482 = LINE('',#5483,#5484);
#5483 = CARTESIAN_POINT('',(7.27,1.1,8.3));
#5484 = VECTOR('',#5485,1.);
#5485 = DIRECTION('',(0.,-1.,0.));
#5486 = ORIENTED_EDGE('',*,*,#4962,.T.);
#5487 = ORIENTED_EDGE('',*,*,#5464,.T.);
#5488 = ORIENTED_EDGE('',*,*,#4945,.F.);
#5489 = PLANE('',#5490);
#5490 = AXIS2_PLACEMENT_3D('',#5491,#5492,#5493);
#5491 = CARTESIAN_POINT('',(7.27,1.1,8.3));
#5492 = DIRECTION('',(-1.,0.,0.));
#5493 = DIRECTION('',(0.,-1.,0.));
#5494 = ADVANCED_FACE('',(#5495),#5499,.T.);
#5495 = FACE_BOUND('',#5496,.T.);
#5496 = EDGE_LOOP('',(#5497,#5498));
#5497 = ORIENTED_EDGE('',*,*,#5481,.F.);
#5498 = ORIENTED_EDGE('',*,*,#4953,.T.);
#5499 = PLANE('',#5500);
#5500 = AXIS2_PLACEMENT_3D('',#5501,#5502,#5503);
#5501 = CARTESIAN_POINT('',(7.62,1.910944170279E-18,8.3));
#5502 = DIRECTION('',(0.,0.,1.));
#5503 = DIRECTION('',(1.,0.,-0.));
#5504 = ADVANCED_FACE('',(#5505),#5515,.T.);
#5505 = FACE_BOUND('',#5506,.T.);
#5506 = EDGE_LOOP('',(#5507,#5508,#5509));
#5507 = ORIENTED_EDGE('',*,*,#5055,.T.);
#5508 = ORIENTED_EDGE('',*,*,#5125,.T.);
#5509 = ORIENTED_EDGE('',*,*,#5510,.F.);
#5510 = EDGE_CURVE('',#5056,#5118,#5511,.T.);
#5511 = LINE('',#5512,#5513);
#5512 = CARTESIAN_POINT('',(0.35,-1.1,8.3));
#5513 = VECTOR('',#5514,1.);
#5514 = DIRECTION('',(0.,1.,0.));
#5515 = PLANE('',#5516);
#5516 = AXIS2_PLACEMENT_3D('',#5517,#5518,#5519);
#5517 = CARTESIAN_POINT('',(-6.409875621279E-17,1.910944170279E-18,8.3)
  );
#5518 = DIRECTION('',(0.,0.,1.));
#5519 = DIRECTION('',(1.,0.,-0.));
#5520 = ADVANCED_FACE('',(#5521),#5532,.F.);
#5521 = FACE_BOUND('',#5522,.F.);
#5522 = EDGE_LOOP('',(#5523,#5524,#5525,#5531));
#5523 = ORIENTED_EDGE('',*,*,#5510,.F.);
#5524 = ORIENTED_EDGE('',*,*,#5066,.T.);
#5525 = ORIENTED_EDGE('',*,*,#5526,.T.);
#5526 = EDGE_CURVE('',#5067,#5109,#5527,.T.);
#5527 = LINE('',#5528,#5529);
#5528 = CARTESIAN_POINT('',(0.35,-1.1,7.6));
#5529 = VECTOR('',#5530,1.);
#5530 = DIRECTION('',(0.,1.,0.));
#5531 = ORIENTED_EDGE('',*,*,#5117,.F.);
#5532 = PLANE('',#5533);
#5533 = AXIS2_PLACEMENT_3D('',#5534,#5535,#5536);
#5534 = CARTESIAN_POINT('',(0.35,-1.1,8.3));
#5535 = DIRECTION('',(1.,0.,0.));
#5536 = DIRECTION('',(-0.,1.,0.));
#5537 = ADVANCED_FACE('',(#5538),#5549,.T.);
#5538 = FACE_BOUND('',#5539,.T.);
#5539 = EDGE_LOOP('',(#5540,#5546,#5547,#5548));
#5540 = ORIENTED_EDGE('',*,*,#5541,.T.);
#5541 = EDGE_CURVE('',#5101,#5075,#5542,.T.);
#5542 = LINE('',#5543,#5544);
#5543 = CARTESIAN_POINT('',(-0.35,1.1,7.6));
#5544 = VECTOR('',#5545,1.);
#5545 = DIRECTION('',(0.,-1.,0.));
#5546 = ORIENTED_EDGE('',*,*,#5074,.F.);
#5547 = ORIENTED_EDGE('',*,*,#5526,.T.);
#5548 = ORIENTED_EDGE('',*,*,#5108,.F.);
#5549 = PLANE('',#5550);
#5550 = AXIS2_PLACEMENT_3D('',#5551,#5552,#5553);
#5551 = CARTESIAN_POINT('',(0.,0.,7.6));
#5552 = DIRECTION('',(0.,0.,1.));
#5553 = DIRECTION('',(1.,0.,-0.));
#5554 = ADVANCED_FACE('',(#5555),#5566,.F.);
#5555 = FACE_BOUND('',#5556,.F.);
#5556 = EDGE_LOOP('',(#5557,#5563,#5564,#5565));
#5557 = ORIENTED_EDGE('',*,*,#5558,.F.);
#5558 = EDGE_CURVE('',#5092,#5084,#5559,.T.);
#5559 = LINE('',#5560,#5561);
#5560 = CARTESIAN_POINT('',(-0.35,1.1,8.3));
#5561 = VECTOR('',#5562,1.);
#5562 = DIRECTION('',(0.,-1.,0.));
#5563 = ORIENTED_EDGE('',*,*,#5100,.T.);
#5564 = ORIENTED_EDGE('',*,*,#5541,.T.);
#5565 = ORIENTED_EDGE('',*,*,#5083,.F.);
#5566 = PLANE('',#5567);
#5567 = AXIS2_PLACEMENT_3D('',#5568,#5569,#5570);
#5568 = CARTESIAN_POINT('',(-0.35,1.1,8.3));
#5569 = DIRECTION('',(-1.,0.,0.));
#5570 = DIRECTION('',(0.,-1.,0.));
#5571 = ADVANCED_FACE('',(#5572),#5576,.T.);
#5572 = FACE_BOUND('',#5573,.T.);
#5573 = EDGE_LOOP('',(#5574,#5575));
#5574 = ORIENTED_EDGE('',*,*,#5558,.F.);
#5575 = ORIENTED_EDGE('',*,*,#5091,.T.);
#5576 = PLANE('',#5577);
#5577 = AXIS2_PLACEMENT_3D('',#5578,#5579,#5580);
#5578 = CARTESIAN_POINT('',(-6.409875621279E-17,1.910944170279E-18,8.3)
  );
#5579 = DIRECTION('',(0.,0.,1.));
#5580 = DIRECTION('',(1.,0.,-0.));
#5581 = ADVANCED_FACE('',(#5582),#5592,.T.);
#5582 = FACE_BOUND('',#5583,.T.);
#5583 = EDGE_LOOP('',(#5584,#5585,#5586));
#5584 = ORIENTED_EDGE('',*,*,#5193,.T.);
#5585 = ORIENTED_EDGE('',*,*,#5263,.T.);
#5586 = ORIENTED_EDGE('',*,*,#5587,.F.);
#5587 = EDGE_CURVE('',#5194,#5256,#5588,.T.);
#5588 = LINE('',#5589,#5590);
#5589 = CARTESIAN_POINT('',(2.89,-1.1,8.3));
#5590 = VECTOR('',#5591,1.);
#5591 = DIRECTION('',(0.,1.,0.));
#5592 = PLANE('',#5593);
#5593 = AXIS2_PLACEMENT_3D('',#5594,#5595,#5596);
#5594 = CARTESIAN_POINT('',(2.54,1.910944170279E-18,8.3));
#5595 = DIRECTION('',(0.,0.,1.));
#5596 = DIRECTION('',(1.,0.,-0.));
#5597 = ADVANCED_FACE('',(#5598),#5609,.F.);
#5598 = FACE_BOUND('',#5599,.F.);
#5599 = EDGE_LOOP('',(#5600,#5601,#5602,#5608));
#5600 = ORIENTED_EDGE('',*,*,#5587,.F.);
#5601 = ORIENTED_EDGE('',*,*,#5204,.T.);
#5602 = ORIENTED_EDGE('',*,*,#5603,.T.);
#5603 = EDGE_CURVE('',#5205,#5247,#5604,.T.);
#5604 = LINE('',#5605,#5606);
#5605 = CARTESIAN_POINT('',(2.89,-1.1,7.6));
#5606 = VECTOR('',#5607,1.);
#5607 = DIRECTION('',(0.,1.,0.));
#5608 = ORIENTED_EDGE('',*,*,#5255,.F.);
#5609 = PLANE('',#5610);
#5610 = AXIS2_PLACEMENT_3D('',#5611,#5612,#5613);
#5611 = CARTESIAN_POINT('',(2.89,-1.1,8.3));
#5612 = DIRECTION('',(1.,0.,0.));
#5613 = DIRECTION('',(-0.,1.,0.));
#5614 = ADVANCED_FACE('',(#5615),#5626,.T.);
#5615 = FACE_BOUND('',#5616,.T.);
#5616 = EDGE_LOOP('',(#5617,#5623,#5624,#5625));
#5617 = ORIENTED_EDGE('',*,*,#5618,.T.);
#5618 = EDGE_CURVE('',#5239,#5213,#5619,.T.);
#5619 = LINE('',#5620,#5621);
#5620 = CARTESIAN_POINT('',(2.19,1.1,7.6));
#5621 = VECTOR('',#5622,1.);
#5622 = DIRECTION('',(0.,-1.,0.));
#5623 = ORIENTED_EDGE('',*,*,#5212,.F.);
#5624 = ORIENTED_EDGE('',*,*,#5603,.T.);
#5625 = ORIENTED_EDGE('',*,*,#5246,.F.);
#5626 = PLANE('',#5627);
#5627 = AXIS2_PLACEMENT_3D('',#5628,#5629,#5630);
#5628 = CARTESIAN_POINT('',(2.54,0.,7.6));
#5629 = DIRECTION('',(0.,0.,1.));
#5630 = DIRECTION('',(1.,0.,-0.));
#5631 = ADVANCED_FACE('',(#5632),#5643,.F.);
#5632 = FACE_BOUND('',#5633,.F.);
#5633 = EDGE_LOOP('',(#5634,#5640,#5641,#5642));
#5634 = ORIENTED_EDGE('',*,*,#5635,.F.);
#5635 = EDGE_CURVE('',#5230,#5222,#5636,.T.);
#5636 = LINE('',#5637,#5638);
#5637 = CARTESIAN_POINT('',(2.19,1.1,8.3));
#5638 = VECTOR('',#5639,1.);
#5639 = DIRECTION('',(0.,-1.,0.));
#5640 = ORIENTED_EDGE('',*,*,#5238,.T.);
#5641 = ORIENTED_EDGE('',*,*,#5618,.T.);
#5642 = ORIENTED_EDGE('',*,*,#5221,.F.);
#5643 = PLANE('',#5644);
#5644 = AXIS2_PLACEMENT_3D('',#5645,#5646,#5647);
#5645 = CARTESIAN_POINT('',(2.19,1.1,8.3));
#5646 = DIRECTION('',(-1.,0.,0.));
#5647 = DIRECTION('',(0.,-1.,0.));
#5648 = ADVANCED_FACE('',(#5649),#5653,.T.);
#5649 = FACE_BOUND('',#5650,.T.);
#5650 = EDGE_LOOP('',(#5651,#5652));
#5651 = ORIENTED_EDGE('',*,*,#5635,.F.);
#5652 = ORIENTED_EDGE('',*,*,#5229,.T.);
#5653 = PLANE('',#5654);
#5654 = AXIS2_PLACEMENT_3D('',#5655,#5656,#5657);
#5655 = CARTESIAN_POINT('',(2.54,1.910944170279E-18,8.3));
#5656 = DIRECTION('',(0.,0.,1.));
#5657 = DIRECTION('',(1.,0.,-0.));
#5658 = ( GEOMETRIC_REPRESENTATION_CONTEXT(3) 
GLOBAL_UNCERTAINTY_ASSIGNED_CONTEXT((#5662)) 
GLOBAL_UNIT_ASSIGNED_CONTEXT((#5659,#5660,#5661)) REPRESENTATION_CONTEXT
('Context #1','3D Context with UNIT and UNCERTAINTY') );
#5659 = ( LENGTH_UNIT() NAMED_UNIT(*) SI_UNIT(.MILLI.,.METRE.) );
#5660 = ( NAMED_UNIT(*) PLANE_ANGLE_UNIT() SI_UNIT($,.RADIAN.) );
#5661 = ( NAMED_UNIT(*) SI_UNIT($,.STERADIAN.) SOLID_ANGLE_UNIT() );
#5662 = UNCERTAINTY_MEASURE_WITH_UNIT(LENGTH_MEASURE(1.E-07),#5659,
  'distance_accuracy_value','confusion accuracy');
#5663 = CONTEXT_DEPENDENT_SHAPE_REPRESENTATION(#5664,#5666);
#5664 = ( REPRESENTATION_RELATIONSHIP('','',#1528,#10) 
REPRESENTATION_RELATIONSHIP_WITH_TRANSFORMATION(#5665) 
SHAPE_REPRESENTATION_RELATIONSHIP() );
#5665 = ITEM_DEFINED_TRANSFORMATION('','',#11,#19);
#5666 = PRODUCT_DEFINITION_SHAPE('Placement','Placement of an item',
  #5667);
#5667 = NEXT_ASSEMBLY_USAGE_OCCURRENCE('2','J1','',#5,#1523,$);
#5668 = PRODUCT_RELATED_PRODUCT_CATEGORY('part',$,(#1525));
#5669 = CONTEXT_DEPENDENT_SHAPE_REPRESENTATION(#5670,#5672);
#5670 = ( REPRESENTATION_RELATIONSHIP('','',#1528,#10) 
REPRESENTATION_RELATIONSHIP_WITH_TRANSFORMATION(#5671) 
SHAPE_REPRESENTATION_RELATIONSHIP() );
#5671 = ITEM_DEFINED_TRANSFORMATION('','',#11,#23);
#5672 = PRODUCT_DEFINITION_SHAPE('Placement','Placement of an item',
  #5673);
#5673 = NEXT_ASSEMBLY_USAGE_OCCURRENCE('3','J6','',#5,#1523,$);
#5674 = CONTEXT_DEPENDENT_SHAPE_REPRESENTATION(#5675,#5677);
#5675 = ( REPRESENTATION_RELATIONSHIP('','',#1528,#10) 
REPRESENTATION_RELATIONSHIP_WITH_TRANSFORMATION(#5676) 
SHAPE_REPRESENTATION_RELATIONSHIP() );
#5676 = ITEM_DEFINED_TRANSFORMATION('','',#11,#27);
#5677 = PRODUCT_DEFINITION_SHAPE('Placement','Placement of an item',
  #5678);
#5678 = NEXT_ASSEMBLY_USAGE_OCCURRENCE('4','J4','',#5,#1523,$);
#5679 = CONTEXT_DEPENDENT_SHAPE_REPRESENTATION(#5680,#5682);
#5680 = ( REPRESENTATION_RELATIONSHIP('','',#1528,#10) 
REPRESENTATION_RELATIONSHIP_WITH_TRANSFORMATION(#5681) 
SHAPE_REPRESENTATION_RELATIONSHIP() );
#5681 = ITEM_DEFINED_TRANSFORMATION('','',#11,#31);
#5682 = PRODUCT_DEFINITION_SHAPE('Placement','Placement of an item',
  #5683);
#5683 = NEXT_ASSEMBLY_USAGE_OCCURRENCE('5','J3','',#5,#1523,$);
#5684 = SHAPE_DEFINITION_REPRESENTATION(#5685,#5691);
#5685 = PRODUCT_DEFINITION_SHAPE('','',#5686);
#5686 = PRODUCT_DEFINITION('design','',#5687,#5690);
#5687 = PRODUCT_DEFINITION_FORMATION('','',#5688);
#5688 = PRODUCT('LED_0805_2012Metric','LED_0805_2012Metric','',(#5689));
#5689 = PRODUCT_CONTEXT('',#2,'mechanical');
#5690 = PRODUCT_DEFINITION_CONTEXT('part definition',#2,'design');
#5691 = ADVANCED_BREP_SHAPE_REPRESENTATION('',(#11,#5692),#7215);
#5692 = MANIFOLD_SOLID_BREP('',#5693);
#5693 = CLOSED_SHELL('',(#5694,#5734,#5781,#5860,#5884,#5924,#5955,#5972
    ,#6005,#6029,#6096,#6217,#6284,#6308,#6339,#6372,#6428,#6452,#6476,
    #6500,#6533,#6545,#6608,#6633,#6650,#6674,#6692,#6710,#6728,#6745,
    #6762,#6793,#6818,#6843,#6867,#6884,#6915,#6939,#6956,#6984,#7009,
    #7033,#7058,#7105,#7122,#7134,#7156,#7168,#7186,#7204));
#5694 = ADVANCED_FACE('',(#5695),#5729,.F.);
#5695 = FACE_BOUND('',#5696,.F.);
#5696 = EDGE_LOOP('',(#5697,#5707,#5715,#5723));
#5697 = ORIENTED_EDGE('',*,*,#5698,.T.);
#5698 = EDGE_CURVE('',#5699,#5701,#5703,.T.);
#5699 = VERTEX_POINT('',#5700);
#5700 = CARTESIAN_POINT('',(-0.65,-0.625,0.465));
#5701 = VERTEX_POINT('',#5702);
#5702 = CARTESIAN_POINT('',(-0.585,-0.625,1.1));
#5703 = LINE('',#5704,#5705);
#5704 = CARTESIAN_POINT('',(-0.65,-0.625,0.465));
#5705 = VECTOR('',#5706,1.);
#5706 = DIRECTION('',(0.101830105936,0.,0.994801804142));
#5707 = ORIENTED_EDGE('',*,*,#5708,.T.);
#5708 = EDGE_CURVE('',#5701,#5709,#5711,.T.);
#5709 = VERTEX_POINT('',#5710);
#5710 = CARTESIAN_POINT('',(0.585,-0.625,1.1));
#5711 = LINE('',#5712,#5713);
#5712 = CARTESIAN_POINT('',(-0.585,-0.625,1.1));
#5713 = VECTOR('',#5714,1.);
#5714 = DIRECTION('',(1.,0.,0.));
#5715 = ORIENTED_EDGE('',*,*,#5716,.T.);
#5716 = EDGE_CURVE('',#5709,#5717,#5719,.T.);
#5717 = VERTEX_POINT('',#5718);
#5718 = CARTESIAN_POINT('',(0.65,-0.625,0.465));
#5719 = LINE('',#5720,#5721);
#5720 = CARTESIAN_POINT('',(0.585,-0.625,1.1));
#5721 = VECTOR('',#5722,1.);
#5722 = DIRECTION('',(0.101830105936,0.,-0.994801804142));
#5723 = ORIENTED_EDGE('',*,*,#5724,.T.);
#5724 = EDGE_CURVE('',#5717,#5699,#5725,.T.);
#5725 = LINE('',#5726,#5727);
#5726 = CARTESIAN_POINT('',(0.65,-0.625,0.465));
#5727 = VECTOR('',#5728,1.);
#5728 = DIRECTION('',(-1.,0.,-4.270088556251E-17));
#5729 = PLANE('',#5730);
#5730 = AXIS2_PLACEMENT_3D('',#5731,#5732,#5733);
#5731 = CARTESIAN_POINT('',(1.481626402817E-17,-0.625,0.771483451357));
#5732 = DIRECTION('',(-5.57234551408E-33,1.,3.18580557984E-32));
#5733 = DIRECTION('',(0.,-3.18580557984E-32,1.));
#5734 = ADVANCED_FACE('',(#5735),#5776,.T.);
#5735 = FACE_BOUND('',#5736,.T.);
#5736 = EDGE_LOOP('',(#5737,#5747,#5755,#5761,#5762,#5770));
#5737 = ORIENTED_EDGE('',*,*,#5738,.T.);
#5738 = EDGE_CURVE('',#5739,#5741,#5743,.T.);
#5739 = VERTEX_POINT('',#5740);
#5740 = CARTESIAN_POINT('',(-0.65,0.625,0.465));
#5741 = VERTEX_POINT('',#5742);
#5742 = CARTESIAN_POINT('',(-0.65,0.46875,0.465));
#5743 = LINE('',#5744,#5745);
#5744 = CARTESIAN_POINT('',(-0.65,0.625,0.465));
#5745 = VECTOR('',#5746,1.);
#5746 = DIRECTION('',(0.,-1.,0.));
#5747 = ORIENTED_EDGE('',*,*,#5748,.F.);
#5748 = EDGE_CURVE('',#5749,#5741,#5751,.T.);
#5749 = VERTEX_POINT('',#5750);
#5750 = CARTESIAN_POINT('',(-0.65,-0.46875,0.465));
#5751 = LINE('',#5752,#5753);
#5752 = CARTESIAN_POINT('',(-0.65,-0.625,0.465));
#5753 = VECTOR('',#5754,1.);
#5754 = DIRECTION('',(0.,1.,0.));
#5755 = ORIENTED_EDGE('',*,*,#5756,.T.);
#5756 = EDGE_CURVE('',#5749,#5699,#5757,.T.);
#5757 = LINE('',#5758,#5759);
#5758 = CARTESIAN_POINT('',(-0.65,0.625,0.465));
#5759 = VECTOR('',#5760,1.);
#5760 = DIRECTION('',(0.,-1.,0.));
#5761 = ORIENTED_EDGE('',*,*,#5698,.T.);
#5762 = ORIENTED_EDGE('',*,*,#5763,.F.);
#5763 = EDGE_CURVE('',#5764,#5701,#5766,.T.);
#5764 = VERTEX_POINT('',#5765);
#5765 = CARTESIAN_POINT('',(-0.585,0.625,1.1));
#5766 = LINE('',#5767,#5768);
#5767 = CARTESIAN_POINT('',(-0.585,0.625,1.1));
#5768 = VECTOR('',#5769,1.);
#5769 = DIRECTION('',(0.,-1.,0.));
#5770 = ORIENTED_EDGE('',*,*,#5771,.F.);
#5771 = EDGE_CURVE('',#5739,#5764,#5772,.T.);
#5772 = LINE('',#5773,#5774);
#5773 = CARTESIAN_POINT('',(-0.65,0.625,0.465));
#5774 = VECTOR('',#5775,1.);
#5775 = DIRECTION('',(0.101830105936,0.,0.994801804142));
#5776 = PLANE('',#5777);
#5777 = AXIS2_PLACEMENT_3D('',#5778,#5779,#5780);
#5778 = CARTESIAN_POINT('',(-0.65,0.625,0.465));
#5779 = DIRECTION('',(-0.994801804142,0.,0.101830105936));
#5780 = DIRECTION('',(0.101830105936,0.,0.994801804142));
#5781 = ADVANCED_FACE('',(#5782),#5855,.F.);
#5782 = FACE_BOUND('',#5783,.F.);
#5783 = EDGE_LOOP('',(#5784,#5794,#5802,#5810,#5816,#5817,#5825,#5833,
    #5841,#5849));
#5784 = ORIENTED_EDGE('',*,*,#5785,.F.);
#5785 = EDGE_CURVE('',#5786,#5788,#5790,.T.);
#5786 = VERTEX_POINT('',#5787);
#5787 = CARTESIAN_POINT('',(-0.965,-0.625,3.5E-02));
#5788 = VERTEX_POINT('',#5789);
#5789 = CARTESIAN_POINT('',(-0.9125,-0.625,3.5E-02));
#5790 = LINE('',#5791,#5792);
#5791 = CARTESIAN_POINT('',(-0.965,-0.625,3.5E-02));
#5792 = VECTOR('',#5793,1.);
#5793 = DIRECTION('',(1.,0.,0.));
#5794 = ORIENTED_EDGE('',*,*,#5795,.T.);
#5795 = EDGE_CURVE('',#5786,#5796,#5798,.T.);
#5796 = VERTEX_POINT('',#5797);
#5797 = CARTESIAN_POINT('',(-0.965,-0.625,0.465));
#5798 = LINE('',#5799,#5800);
#5799 = CARTESIAN_POINT('',(-0.965,-0.625,3.5E-02));
#5800 = VECTOR('',#5801,1.);
#5801 = DIRECTION('',(0.,0.,1.));
#5802 = ORIENTED_EDGE('',*,*,#5803,.T.);
#5803 = EDGE_CURVE('',#5796,#5804,#5806,.T.);
#5804 = VERTEX_POINT('',#5805);
#5805 = CARTESIAN_POINT('',(-0.9125,-0.625,0.465));
#5806 = LINE('',#5807,#5808);
#5807 = CARTESIAN_POINT('',(-0.965,-0.625,0.465));
#5808 = VECTOR('',#5809,1.);
#5809 = DIRECTION('',(1.,0.,0.));
#5810 = ORIENTED_EDGE('',*,*,#5811,.T.);
#5811 = EDGE_CURVE('',#5804,#5699,#5812,.T.);
#5812 = LINE('',#5813,#5814);
#5813 = CARTESIAN_POINT('',(-0.965,-0.625,0.465));
#5814 = VECTOR('',#5815,1.);
#5815 = DIRECTION('',(1.,0.,0.));
#5816 = ORIENTED_EDGE('',*,*,#5724,.F.);
#5817 = ORIENTED_EDGE('',*,*,#5818,.T.);
#5818 = EDGE_CURVE('',#5717,#5819,#5821,.T.);
#5819 = VERTEX_POINT('',#5820);
#5820 = CARTESIAN_POINT('',(0.9125,-0.625,0.465));
#5821 = LINE('',#5822,#5823);
#5822 = CARTESIAN_POINT('',(-0.965,-0.625,0.465));
#5823 = VECTOR('',#5824,1.);
#5824 = DIRECTION('',(1.,0.,0.));
#5825 = ORIENTED_EDGE('',*,*,#5826,.T.);
#5826 = EDGE_CURVE('',#5819,#5827,#5829,.T.);
#5827 = VERTEX_POINT('',#5828);
#5828 = CARTESIAN_POINT('',(0.965,-0.625,0.465));
#5829 = LINE('',#5830,#5831);
#5830 = CARTESIAN_POINT('',(-0.965,-0.625,0.465));
#5831 = VECTOR('',#5832,1.);
#5832 = DIRECTION('',(1.,0.,0.));
#5833 = ORIENTED_EDGE('',*,*,#5834,.F.);
#5834 = EDGE_CURVE('',#5835,#5827,#5837,.T.);
#5835 = VERTEX_POINT('',#5836);
#5836 = CARTESIAN_POINT('',(0.965,-0.625,3.5E-02));
#5837 = LINE('',#5838,#5839);
#5838 = CARTESIAN_POINT('',(0.965,-0.625,3.5E-02));
#5839 = VECTOR('',#5840,1.);
#5840 = DIRECTION('',(0.,0.,1.));
#5841 = ORIENTED_EDGE('',*,*,#5842,.F.);
#5842 = EDGE_CURVE('',#5843,#5835,#5845,.T.);
#5843 = VERTEX_POINT('',#5844);
#5844 = CARTESIAN_POINT('',(0.9125,-0.625,3.5E-02));
#5845 = LINE('',#5846,#5847);
#5846 = CARTESIAN_POINT('',(-0.965,-0.625,3.5E-02));
#5847 = VECTOR('',#5848,1.);
#5848 = DIRECTION('',(1.,0.,0.));
#5849 = ORIENTED_EDGE('',*,*,#5850,.F.);
#5850 = EDGE_CURVE('',#5788,#5843,#5851,.T.);
#5851 = LINE('',#5852,#5853);
#5852 = CARTESIAN_POINT('',(-0.965,-0.625,3.5E-02));
#5853 = VECTOR('',#5854,1.);
#5854 = DIRECTION('',(1.,0.,0.));
#5855 = PLANE('',#5856);
#5856 = AXIS2_PLACEMENT_3D('',#5857,#5858,#5859);
#5857 = CARTESIAN_POINT('',(-0.965,-0.625,3.5E-02));
#5858 = DIRECTION('',(0.,1.,0.));
#5859 = DIRECTION('',(0.,-0.,1.));
#5860 = ADVANCED_FACE('',(#5861),#5879,.T.);
#5861 = FACE_BOUND('',#5862,.T.);
#5862 = EDGE_LOOP('',(#5863,#5864,#5865,#5873));
#5863 = ORIENTED_EDGE('',*,*,#5763,.T.);
#5864 = ORIENTED_EDGE('',*,*,#5708,.T.);
#5865 = ORIENTED_EDGE('',*,*,#5866,.F.);
#5866 = EDGE_CURVE('',#5867,#5709,#5869,.T.);
#5867 = VERTEX_POINT('',#5868);
#5868 = CARTESIAN_POINT('',(0.585,0.625,1.1));
#5869 = LINE('',#5870,#5871);
#5870 = CARTESIAN_POINT('',(0.585,0.625,1.1));
#5871 = VECTOR('',#5872,1.);
#5872 = DIRECTION('',(0.,-1.,0.));
#5873 = ORIENTED_EDGE('',*,*,#5874,.F.);
#5874 = EDGE_CURVE('',#5764,#5867,#5875,.T.);
#5875 = LINE('',#5876,#5877);
#5876 = CARTESIAN_POINT('',(-0.585,0.625,1.1));
#5877 = VECTOR('',#5878,1.);
#5878 = DIRECTION('',(1.,0.,0.));
#5879 = PLANE('',#5880);
#5880 = AXIS2_PLACEMENT_3D('',#5881,#5882,#5883);
#5881 = CARTESIAN_POINT('',(-0.585,0.625,1.1));
#5882 = DIRECTION('',(0.,0.,1.));
#5883 = DIRECTION('',(1.,0.,-0.));
#5884 = ADVANCED_FACE('',(#5885),#5919,.T.);
#5885 = FACE_BOUND('',#5886,.T.);
#5886 = EDGE_LOOP('',(#5887,#5888,#5889,#5897,#5905,#5913));
#5887 = ORIENTED_EDGE('',*,*,#5866,.T.);
#5888 = ORIENTED_EDGE('',*,*,#5716,.T.);
#5889 = ORIENTED_EDGE('',*,*,#5890,.F.);
#5890 = EDGE_CURVE('',#5891,#5717,#5893,.T.);
#5891 = VERTEX_POINT('',#5892);
#5892 = CARTESIAN_POINT('',(0.65,-0.46875,0.465));
#5893 = LINE('',#5894,#5895);
#5894 = CARTESIAN_POINT('',(0.65,0.625,0.465));
#5895 = VECTOR('',#5896,1.);
#5896 = DIRECTION('',(0.,-1.,0.));
#5897 = ORIENTED_EDGE('',*,*,#5898,.F.);
#5898 = EDGE_CURVE('',#5899,#5891,#5901,.T.);
#5899 = VERTEX_POINT('',#5900);
#5900 = CARTESIAN_POINT('',(0.65,0.46875,0.465));
#5901 = LINE('',#5902,#5903);
#5902 = CARTESIAN_POINT('',(0.65,0.625,0.465));
#5903 = VECTOR('',#5904,1.);
#5904 = DIRECTION('',(0.,-1.,0.));
#5905 = ORIENTED_EDGE('',*,*,#5906,.F.);
#5906 = EDGE_CURVE('',#5907,#5899,#5909,.T.);
#5907 = VERTEX_POINT('',#5908);
#5908 = CARTESIAN_POINT('',(0.65,0.625,0.465));
#5909 = LINE('',#5910,#5911);
#5910 = CARTESIAN_POINT('',(0.65,0.625,0.465));
#5911 = VECTOR('',#5912,1.);
#5912 = DIRECTION('',(0.,-1.,0.));
#5913 = ORIENTED_EDGE('',*,*,#5914,.F.);
#5914 = EDGE_CURVE('',#5867,#5907,#5915,.T.);
#5915 = LINE('',#5916,#5917);
#5916 = CARTESIAN_POINT('',(0.585,0.625,1.1));
#5917 = VECTOR('',#5918,1.);
#5918 = DIRECTION('',(0.101830105936,0.,-0.994801804142));
#5919 = PLANE('',#5920);
#5920 = AXIS2_PLACEMENT_3D('',#5921,#5922,#5923);
#5921 = CARTESIAN_POINT('',(0.585,0.625,1.1));
#5922 = DIRECTION('',(0.994801804142,0.,0.101830105936));
#5923 = DIRECTION('',(0.101830105936,0.,-0.994801804142));
#5924 = ADVANCED_FACE('',(#5925),#5950,.T.);
#5925 = FACE_BOUND('',#5926,.T.);
#5926 = EDGE_LOOP('',(#5927,#5935,#5943,#5949));
#5927 = ORIENTED_EDGE('',*,*,#5928,.F.);
#5928 = EDGE_CURVE('',#5929,#5739,#5931,.T.);
#5929 = VERTEX_POINT('',#5930);
#5930 = CARTESIAN_POINT('',(-0.9125,0.625,0.465));
#5931 = LINE('',#5932,#5933);
#5932 = CARTESIAN_POINT('',(-0.965,0.625,0.465));
#5933 = VECTOR('',#5934,1.);
#5934 = DIRECTION('',(1.,0.,0.));
#5935 = ORIENTED_EDGE('',*,*,#5936,.F.);
#5936 = EDGE_CURVE('',#5937,#5929,#5939,.T.);
#5937 = VERTEX_POINT('',#5938);
#5938 = CARTESIAN_POINT('',(-0.9125,0.46875,0.465));
#5939 = LINE('',#5940,#5941);
#5940 = CARTESIAN_POINT('',(-0.9125,7.8125E-02,0.465));
#5941 = VECTOR('',#5942,1.);
#5942 = DIRECTION('',(0.,1.,0.));
#5943 = ORIENTED_EDGE('',*,*,#5944,.F.);
#5944 = EDGE_CURVE('',#5741,#5937,#5945,.T.);
#5945 = LINE('',#5946,#5947);
#5946 = CARTESIAN_POINT('',(-0.93875,0.46875,0.465));
#5947 = VECTOR('',#5948,1.);
#5948 = DIRECTION('',(-1.,0.,0.));
#5949 = ORIENTED_EDGE('',*,*,#5738,.F.);
#5950 = PLANE('',#5951);
#5951 = AXIS2_PLACEMENT_3D('',#5952,#5953,#5954);
#5952 = CARTESIAN_POINT('',(-0.965,-0.625,0.465));
#5953 = DIRECTION('',(0.,0.,1.));
#5954 = DIRECTION('',(1.,0.,-0.));
#5955 = ADVANCED_FACE('',(#5956),#5967,.T.);
#5956 = FACE_BOUND('',#5957,.T.);
#5957 = EDGE_LOOP('',(#5958,#5959,#5960,#5961));
#5958 = ORIENTED_EDGE('',*,*,#5771,.T.);
#5959 = ORIENTED_EDGE('',*,*,#5874,.T.);
#5960 = ORIENTED_EDGE('',*,*,#5914,.T.);
#5961 = ORIENTED_EDGE('',*,*,#5962,.T.);
#5962 = EDGE_CURVE('',#5907,#5739,#5963,.T.);
#5963 = LINE('',#5964,#5965);
#5964 = CARTESIAN_POINT('',(0.65,0.625,0.465));
#5965 = VECTOR('',#5966,1.);
#5966 = DIRECTION('',(-1.,0.,-4.270088556251E-17));
#5967 = PLANE('',#5968);
#5968 = AXIS2_PLACEMENT_3D('',#5969,#5970,#5971);
#5969 = CARTESIAN_POINT('',(1.481626402817E-17,0.625,0.771483451357));
#5970 = DIRECTION('',(-5.57234551408E-33,1.,3.18580557984E-32));
#5971 = DIRECTION('',(0.,-3.18580557984E-32,1.));
#5972 = ADVANCED_FACE('',(#5973),#6000,.T.);
#5973 = FACE_BOUND('',#5974,.T.);
#5974 = EDGE_LOOP('',(#5975,#5984,#5992,#5999));
#5975 = ORIENTED_EDGE('',*,*,#5976,.F.);
#5976 = EDGE_CURVE('',#5977,#5741,#5979,.T.);
#5977 = VERTEX_POINT('',#5978);
#5978 = CARTESIAN_POINT('',(-0.685,0.46875,0.5));
#5979 = CIRCLE('',#5980,3.5E-02);
#5980 = AXIS2_PLACEMENT_3D('',#5981,#5982,#5983);
#5981 = CARTESIAN_POINT('',(-0.685,0.46875,0.465));
#5982 = DIRECTION('',(-0.,1.,0.));
#5983 = DIRECTION('',(1.,0.,0.));
#5984 = ORIENTED_EDGE('',*,*,#5985,.F.);
#5985 = EDGE_CURVE('',#5986,#5977,#5988,.T.);
#5986 = VERTEX_POINT('',#5987);
#5987 = CARTESIAN_POINT('',(-0.685,-0.46875,0.5));
#5988 = LINE('',#5989,#5990);
#5989 = CARTESIAN_POINT('',(-0.685,-0.625,0.5));
#5990 = VECTOR('',#5991,1.);
#5991 = DIRECTION('',(0.,1.,0.));
#5992 = ORIENTED_EDGE('',*,*,#5993,.T.);
#5993 = EDGE_CURVE('',#5986,#5749,#5994,.T.);
#5994 = CIRCLE('',#5995,3.5E-02);
#5995 = AXIS2_PLACEMENT_3D('',#5996,#5997,#5998);
#5996 = CARTESIAN_POINT('',(-0.685,-0.46875,0.465));
#5997 = DIRECTION('',(-0.,1.,0.));
#5998 = DIRECTION('',(1.,0.,0.));
#5999 = ORIENTED_EDGE('',*,*,#5748,.T.);
#6000 = CYLINDRICAL_SURFACE('',#6001,3.5E-02);
#6001 = AXIS2_PLACEMENT_3D('',#6002,#6003,#6004);
#6002 = CARTESIAN_POINT('',(-0.685,-0.625,0.465));
#6003 = DIRECTION('',(0.,1.,0.));
#6004 = DIRECTION('',(1.,0.,0.));
#6005 = ADVANCED_FACE('',(#6006),#6024,.T.);
#6006 = FACE_BOUND('',#6007,.T.);
#6007 = EDGE_LOOP('',(#6008,#6016,#6017,#6018));
#6008 = ORIENTED_EDGE('',*,*,#6009,.F.);
#6009 = EDGE_CURVE('',#5804,#6010,#6012,.T.);
#6010 = VERTEX_POINT('',#6011);
#6011 = CARTESIAN_POINT('',(-0.9125,-0.46875,0.465));
#6012 = LINE('',#6013,#6014);
#6013 = CARTESIAN_POINT('',(-0.9125,-0.546875,0.465));
#6014 = VECTOR('',#6015,1.);
#6015 = DIRECTION('',(0.,1.,0.));
#6016 = ORIENTED_EDGE('',*,*,#5811,.T.);
#6017 = ORIENTED_EDGE('',*,*,#5756,.F.);
#6018 = ORIENTED_EDGE('',*,*,#6019,.F.);
#6019 = EDGE_CURVE('',#6010,#5749,#6020,.T.);
#6020 = LINE('',#6021,#6022);
#6021 = CARTESIAN_POINT('',(-2.625E-02,-0.46875,0.465));
#6022 = VECTOR('',#6023,1.);
#6023 = DIRECTION('',(1.,0.,0.));
#6024 = PLANE('',#6025);
#6025 = AXIS2_PLACEMENT_3D('',#6026,#6027,#6028);
#6026 = CARTESIAN_POINT('',(-0.965,-0.625,0.465));
#6027 = DIRECTION('',(0.,0.,1.));
#6028 = DIRECTION('',(1.,0.,-0.));
#6029 = ADVANCED_FACE('',(#6030),#6091,.F.);
#6030 = FACE_BOUND('',#6031,.F.);
#6031 = EDGE_LOOP('',(#6032,#6042,#6051,#6059,#6068,#6076,#6082,#6083,
    #6084,#6085));
#6032 = ORIENTED_EDGE('',*,*,#6033,.F.);
#6033 = EDGE_CURVE('',#6034,#6036,#6038,.T.);
#6034 = VERTEX_POINT('',#6035);
#6035 = CARTESIAN_POINT('',(-0.965,-0.625,-6.938893903907E-18));
#6036 = VERTEX_POINT('',#6037);
#6037 = CARTESIAN_POINT('',(-0.9125,-0.625,0.));
#6038 = LINE('',#6039,#6040);
#6039 = CARTESIAN_POINT('',(-1.,-0.625,0.));
#6040 = VECTOR('',#6041,1.);
#6041 = DIRECTION('',(1.,0.,0.));
#6042 = ORIENTED_EDGE('',*,*,#6043,.F.);
#6043 = EDGE_CURVE('',#6044,#6034,#6046,.T.);
#6044 = VERTEX_POINT('',#6045);
#6045 = CARTESIAN_POINT('',(-1.,-0.625,3.5E-02));
#6046 = CIRCLE('',#6047,3.5E-02);
#6047 = AXIS2_PLACEMENT_3D('',#6048,#6049,#6050);
#6048 = CARTESIAN_POINT('',(-0.965,-0.625,3.5E-02));
#6049 = DIRECTION('',(0.,-1.,0.));
#6050 = DIRECTION('',(0.,0.,1.));
#6051 = ORIENTED_EDGE('',*,*,#6052,.T.);
#6052 = EDGE_CURVE('',#6044,#6053,#6055,.T.);
#6053 = VERTEX_POINT('',#6054);
#6054 = CARTESIAN_POINT('',(-1.,-0.625,0.465));
#6055 = LINE('',#6056,#6057);
#6056 = CARTESIAN_POINT('',(-1.,-0.625,0.));
#6057 = VECTOR('',#6058,1.);
#6058 = DIRECTION('',(0.,0.,1.));
#6059 = ORIENTED_EDGE('',*,*,#6060,.T.);
#6060 = EDGE_CURVE('',#6053,#6061,#6063,.T.);
#6061 = VERTEX_POINT('',#6062);
#6062 = CARTESIAN_POINT('',(-0.965,-0.625,0.5));
#6063 = CIRCLE('',#6064,3.5E-02);
#6064 = AXIS2_PLACEMENT_3D('',#6065,#6066,#6067);
#6065 = CARTESIAN_POINT('',(-0.965,-0.625,0.465));
#6066 = DIRECTION('',(0.,1.,0.));
#6067 = DIRECTION('',(0.,-0.,1.));
#6068 = ORIENTED_EDGE('',*,*,#6069,.T.);
#6069 = EDGE_CURVE('',#6061,#6070,#6072,.T.);
#6070 = VERTEX_POINT('',#6071);
#6071 = CARTESIAN_POINT('',(-0.9125,-0.625,0.5));
#6072 = LINE('',#6073,#6074);
#6073 = CARTESIAN_POINT('',(-1.,-0.625,0.5));
#6074 = VECTOR('',#6075,1.);
#6075 = DIRECTION('',(1.,0.,0.));
#6076 = ORIENTED_EDGE('',*,*,#6077,.F.);
#6077 = EDGE_CURVE('',#5804,#6070,#6078,.T.);
#6078 = LINE('',#6079,#6080);
#6079 = CARTESIAN_POINT('',(-0.9125,-0.625,0.375));
#6080 = VECTOR('',#6081,1.);
#6081 = DIRECTION('',(0.,0.,1.));
#6082 = ORIENTED_EDGE('',*,*,#5803,.F.);
#6083 = ORIENTED_EDGE('',*,*,#5795,.F.);
#6084 = ORIENTED_EDGE('',*,*,#5785,.T.);
#6085 = ORIENTED_EDGE('',*,*,#6086,.F.);
#6086 = EDGE_CURVE('',#6036,#5788,#6087,.T.);
#6087 = LINE('',#6088,#6089);
#6088 = CARTESIAN_POINT('',(-0.9125,-0.625,0.375));
#6089 = VECTOR('',#6090,1.);
#6090 = DIRECTION('',(0.,0.,1.));
#6091 = PLANE('',#6092);
#6092 = AXIS2_PLACEMENT_3D('',#6093,#6094,#6095);
#6093 = CARTESIAN_POINT('',(-1.,-0.625,0.));
#6094 = DIRECTION('',(0.,1.,0.));
#6095 = DIRECTION('',(0.,-0.,1.));
#6096 = ADVANCED_FACE('',(#6097,#6186),#6212,.F.);
#6097 = FACE_BOUND('',#6098,.F.);
#6098 = EDGE_LOOP('',(#6099,#6107,#6108,#6116,#6124,#6132,#6140,#6148,
    #6156,#6164,#6172,#6180));
#6099 = ORIENTED_EDGE('',*,*,#6100,.F.);
#6100 = EDGE_CURVE('',#5788,#6101,#6103,.T.);
#6101 = VERTEX_POINT('',#6102);
#6102 = CARTESIAN_POINT('',(-0.9125,-0.46875,3.5E-02));
#6103 = LINE('',#6104,#6105);
#6104 = CARTESIAN_POINT('',(-0.9125,-0.546875,3.5E-02));
#6105 = VECTOR('',#6106,1.);
#6106 = DIRECTION('',(0.,1.,0.));
#6107 = ORIENTED_EDGE('',*,*,#5850,.T.);
#6108 = ORIENTED_EDGE('',*,*,#6109,.F.);
#6109 = EDGE_CURVE('',#6110,#5843,#6112,.T.);
#6110 = VERTEX_POINT('',#6111);
#6111 = CARTESIAN_POINT('',(0.9125,-0.46875,3.5E-02));
#6112 = LINE('',#6113,#6114);
#6113 = CARTESIAN_POINT('',(0.9125,-0.703125,3.5E-02));
#6114 = VECTOR('',#6115,1.);
#6115 = DIRECTION('',(0.,-1.,0.));
#6116 = ORIENTED_EDGE('',*,*,#6117,.F.);
#6117 = EDGE_CURVE('',#6118,#6110,#6120,.T.);
#6118 = VERTEX_POINT('',#6119);
#6119 = CARTESIAN_POINT('',(0.65,-0.46875,3.5E-02));
#6120 = LINE('',#6121,#6122);
#6121 = CARTESIAN_POINT('',(-2.625E-02,-0.46875,3.5E-02));
#6122 = VECTOR('',#6123,1.);
#6123 = DIRECTION('',(1.,0.,0.));
#6124 = ORIENTED_EDGE('',*,*,#6125,.T.);
#6125 = EDGE_CURVE('',#6118,#6126,#6128,.T.);
#6126 = VERTEX_POINT('',#6127);
#6127 = CARTESIAN_POINT('',(0.65,0.46875,3.5E-02));
#6128 = LINE('',#6129,#6130);
#6129 = CARTESIAN_POINT('',(0.65,-0.625,3.5E-02));
#6130 = VECTOR('',#6131,1.);
#6131 = DIRECTION('',(0.,1.,0.));
#6132 = ORIENTED_EDGE('',*,*,#6133,.F.);
#6133 = EDGE_CURVE('',#6134,#6126,#6136,.T.);
#6134 = VERTEX_POINT('',#6135);
#6135 = CARTESIAN_POINT('',(0.9125,0.46875,3.5E-02));
#6136 = LINE('',#6137,#6138);
#6137 = CARTESIAN_POINT('',(-0.93875,0.46875,3.5E-02));
#6138 = VECTOR('',#6139,1.);
#6139 = DIRECTION('',(-1.,0.,0.));
#6140 = ORIENTED_EDGE('',*,*,#6141,.F.);
#6141 = EDGE_CURVE('',#6142,#6134,#6144,.T.);
#6142 = VERTEX_POINT('',#6143);
#6143 = CARTESIAN_POINT('',(0.9125,0.625,3.5E-02));
#6144 = LINE('',#6145,#6146);
#6145 = CARTESIAN_POINT('',(0.9125,-7.8125E-02,3.5E-02));
#6146 = VECTOR('',#6147,1.);
#6147 = DIRECTION('',(0.,-1.,0.));
#6148 = ORIENTED_EDGE('',*,*,#6149,.F.);
#6149 = EDGE_CURVE('',#6150,#6142,#6152,.T.);
#6150 = VERTEX_POINT('',#6151);
#6151 = CARTESIAN_POINT('',(-0.9125,0.625,3.5E-02));
#6152 = LINE('',#6153,#6154);
#6153 = CARTESIAN_POINT('',(-0.965,0.625,3.5E-02));
#6154 = VECTOR('',#6155,1.);
#6155 = DIRECTION('',(1.,0.,0.));
#6156 = ORIENTED_EDGE('',*,*,#6157,.F.);
#6157 = EDGE_CURVE('',#6158,#6150,#6160,.T.);
#6158 = VERTEX_POINT('',#6159);
#6159 = CARTESIAN_POINT('',(-0.9125,0.46875,3.5E-02));
#6160 = LINE('',#6161,#6162);
#6161 = CARTESIAN_POINT('',(-0.9125,7.8125E-02,3.5E-02));
#6162 = VECTOR('',#6163,1.);
#6163 = DIRECTION('',(0.,1.,0.));
#6164 = ORIENTED_EDGE('',*,*,#6165,.F.);
#6165 = EDGE_CURVE('',#6166,#6158,#6168,.T.);
#6166 = VERTEX_POINT('',#6167);
#6167 = CARTESIAN_POINT('',(-0.65,0.46875,3.5E-02));
#6168 = LINE('',#6169,#6170);
#6169 = CARTESIAN_POINT('',(-0.93875,0.46875,3.5E-02));
#6170 = VECTOR('',#6171,1.);
#6171 = DIRECTION('',(-1.,0.,0.));
#6172 = ORIENTED_EDGE('',*,*,#6173,.F.);
#6173 = EDGE_CURVE('',#6174,#6166,#6176,.T.);
#6174 = VERTEX_POINT('',#6175);
#6175 = CARTESIAN_POINT('',(-0.65,-0.46875,3.5E-02));
#6176 = LINE('',#6177,#6178);
#6177 = CARTESIAN_POINT('',(-0.65,-0.625,3.5E-02));
#6178 = VECTOR('',#6179,1.);
#6179 = DIRECTION('',(0.,1.,0.));
#6180 = ORIENTED_EDGE('',*,*,#6181,.F.);
#6181 = EDGE_CURVE('',#6101,#6174,#6182,.T.);
#6182 = LINE('',#6183,#6184);
#6183 = CARTESIAN_POINT('',(-2.625E-02,-0.46875,3.5E-02));
#6184 = VECTOR('',#6185,1.);
#6185 = DIRECTION('',(1.,0.,0.));
#6186 = FACE_BOUND('',#6187,.F.);
#6187 = EDGE_LOOP('',(#6188,#6198,#6206));
#6188 = ORIENTED_EDGE('',*,*,#6189,.T.);
#6189 = EDGE_CURVE('',#6190,#6192,#6194,.T.);
#6190 = VERTEX_POINT('',#6191);
#6191 = CARTESIAN_POINT('',(0.433012701892,0.5,3.5E-02));
#6192 = VERTEX_POINT('',#6193);
#6193 = CARTESIAN_POINT('',(0.433012701892,-0.5,3.5E-02));
#6194 = LINE('',#6195,#6196);
#6195 = CARTESIAN_POINT('',(0.433012701892,0.5,3.5E-02));
#6196 = VECTOR('',#6197,1.);
#6197 = DIRECTION('',(0.,-1.,0.));
#6198 = ORIENTED_EDGE('',*,*,#6199,.T.);
#6199 = EDGE_CURVE('',#6192,#6200,#6202,.T.);
#6200 = VERTEX_POINT('',#6201);
#6201 = CARTESIAN_POINT('',(-0.433012701892,0.,3.5E-02));
#6202 = LINE('',#6203,#6204);
#6203 = CARTESIAN_POINT('',(0.433012701892,-0.5,3.5E-02));
#6204 = VECTOR('',#6205,1.);
#6205 = DIRECTION('',(-0.866025403784,0.5,0.));
#6206 = ORIENTED_EDGE('',*,*,#6207,.T.);
#6207 = EDGE_CURVE('',#6200,#6190,#6208,.T.);
#6208 = LINE('',#6209,#6210);
#6209 = CARTESIAN_POINT('',(-0.433012701892,0.,3.5E-02));
#6210 = VECTOR('',#6211,1.);
#6211 = DIRECTION('',(0.866025403784,0.5,0.));
#6212 = PLANE('',#6213);
#6213 = AXIS2_PLACEMENT_3D('',#6214,#6215,#6216);
#6214 = CARTESIAN_POINT('',(-0.965,-0.625,3.5E-02));
#6215 = DIRECTION('',(0.,0.,1.));
#6216 = DIRECTION('',(1.,0.,-0.));
#6217 = ADVANCED_FACE('',(#6218),#6279,.F.);
#6218 = FACE_BOUND('',#6219,.F.);
#6219 = EDGE_LOOP('',(#6220,#6230,#6236,#6237,#6238,#6239,#6247,#6255,
    #6264,#6272));
#6220 = ORIENTED_EDGE('',*,*,#6221,.F.);
#6221 = EDGE_CURVE('',#6222,#6224,#6226,.T.);
#6222 = VERTEX_POINT('',#6223);
#6223 = CARTESIAN_POINT('',(0.9125,-0.625,0.));
#6224 = VERTEX_POINT('',#6225);
#6225 = CARTESIAN_POINT('',(0.965,-0.625,-6.938893903907E-18));
#6226 = LINE('',#6227,#6228);
#6227 = CARTESIAN_POINT('',(0.65,-0.625,0.));
#6228 = VECTOR('',#6229,1.);
#6229 = DIRECTION('',(1.,0.,0.));
#6230 = ORIENTED_EDGE('',*,*,#6231,.F.);
#6231 = EDGE_CURVE('',#5843,#6222,#6232,.T.);
#6232 = LINE('',#6233,#6234);
#6233 = CARTESIAN_POINT('',(0.9125,-0.625,0.375));
#6234 = VECTOR('',#6235,1.);
#6235 = DIRECTION('',(0.,0.,-1.));
#6236 = ORIENTED_EDGE('',*,*,#5842,.T.);
#6237 = ORIENTED_EDGE('',*,*,#5834,.T.);
#6238 = ORIENTED_EDGE('',*,*,#5826,.F.);
#6239 = ORIENTED_EDGE('',*,*,#6240,.F.);
#6240 = EDGE_CURVE('',#6241,#5819,#6243,.T.);
#6241 = VERTEX_POINT('',#6242);
#6242 = CARTESIAN_POINT('',(0.9125,-0.625,0.5));
#6243 = LINE('',#6244,#6245);
#6244 = CARTESIAN_POINT('',(0.9125,-0.625,0.375));
#6245 = VECTOR('',#6246,1.);
#6246 = DIRECTION('',(0.,0.,-1.));
#6247 = ORIENTED_EDGE('',*,*,#6248,.T.);
#6248 = EDGE_CURVE('',#6241,#6249,#6251,.T.);
#6249 = VERTEX_POINT('',#6250);
#6250 = CARTESIAN_POINT('',(0.965,-0.625,0.5));
#6251 = LINE('',#6252,#6253);
#6252 = CARTESIAN_POINT('',(0.65,-0.625,0.5));
#6253 = VECTOR('',#6254,1.);
#6254 = DIRECTION('',(1.,0.,0.));
#6255 = ORIENTED_EDGE('',*,*,#6256,.F.);
#6256 = EDGE_CURVE('',#6257,#6249,#6259,.T.);
#6257 = VERTEX_POINT('',#6258);
#6258 = CARTESIAN_POINT('',(1.,-0.625,0.465));
#6259 = CIRCLE('',#6260,3.5E-02);
#6260 = AXIS2_PLACEMENT_3D('',#6261,#6262,#6263);
#6261 = CARTESIAN_POINT('',(0.965,-0.625,0.465));
#6262 = DIRECTION('',(0.,-1.,0.));
#6263 = DIRECTION('',(0.,0.,1.));
#6264 = ORIENTED_EDGE('',*,*,#6265,.F.);
#6265 = EDGE_CURVE('',#6266,#6257,#6268,.T.);
#6266 = VERTEX_POINT('',#6267);
#6267 = CARTESIAN_POINT('',(1.,-0.625,3.5E-02));
#6268 = LINE('',#6269,#6270);
#6269 = CARTESIAN_POINT('',(1.,-0.625,0.));
#6270 = VECTOR('',#6271,1.);
#6271 = DIRECTION('',(0.,0.,1.));
#6272 = ORIENTED_EDGE('',*,*,#6273,.T.);
#6273 = EDGE_CURVE('',#6266,#6224,#6274,.T.);
#6274 = CIRCLE('',#6275,3.5E-02);
#6275 = AXIS2_PLACEMENT_3D('',#6276,#6277,#6278);
#6276 = CARTESIAN_POINT('',(0.965,-0.625,3.5E-02));
#6277 = DIRECTION('',(0.,1.,0.));
#6278 = DIRECTION('',(0.,-0.,1.));
#6279 = PLANE('',#6280);
#6280 = AXIS2_PLACEMENT_3D('',#6281,#6282,#6283);
#6281 = CARTESIAN_POINT('',(0.65,-0.625,0.));
#6282 = DIRECTION('',(0.,1.,0.));
#6283 = DIRECTION('',(0.,-0.,1.));
#6284 = ADVANCED_FACE('',(#6285),#6303,.T.);
#6285 = FACE_BOUND('',#6286,.T.);
#6286 = EDGE_LOOP('',(#6287,#6295,#6296,#6297));
#6287 = ORIENTED_EDGE('',*,*,#6288,.F.);
#6288 = EDGE_CURVE('',#5891,#6289,#6291,.T.);
#6289 = VERTEX_POINT('',#6290);
#6290 = CARTESIAN_POINT('',(0.9125,-0.46875,0.465));
#6291 = LINE('',#6292,#6293);
#6292 = CARTESIAN_POINT('',(-2.625E-02,-0.46875,0.465));
#6293 = VECTOR('',#6294,1.);
#6294 = DIRECTION('',(1.,0.,0.));
#6295 = ORIENTED_EDGE('',*,*,#5890,.T.);
#6296 = ORIENTED_EDGE('',*,*,#5818,.T.);
#6297 = ORIENTED_EDGE('',*,*,#6298,.F.);
#6298 = EDGE_CURVE('',#6289,#5819,#6299,.T.);
#6299 = LINE('',#6300,#6301);
#6300 = CARTESIAN_POINT('',(0.9125,-0.703125,0.465));
#6301 = VECTOR('',#6302,1.);
#6302 = DIRECTION('',(0.,-1.,0.));
#6303 = PLANE('',#6304);
#6304 = AXIS2_PLACEMENT_3D('',#6305,#6306,#6307);
#6305 = CARTESIAN_POINT('',(-0.965,-0.625,0.465));
#6306 = DIRECTION('',(0.,0.,1.));
#6307 = DIRECTION('',(1.,0.,-0.));
#6308 = ADVANCED_FACE('',(#6309),#6334,.T.);
#6309 = FACE_BOUND('',#6310,.T.);
#6310 = EDGE_LOOP('',(#6311,#6319,#6320,#6328));
#6311 = ORIENTED_EDGE('',*,*,#6312,.F.);
#6312 = EDGE_CURVE('',#5907,#6313,#6315,.T.);
#6313 = VERTEX_POINT('',#6314);
#6314 = CARTESIAN_POINT('',(0.9125,0.625,0.465));
#6315 = LINE('',#6316,#6317);
#6316 = CARTESIAN_POINT('',(-0.965,0.625,0.465));
#6317 = VECTOR('',#6318,1.);
#6318 = DIRECTION('',(1.,0.,0.));
#6319 = ORIENTED_EDGE('',*,*,#5906,.T.);
#6320 = ORIENTED_EDGE('',*,*,#6321,.F.);
#6321 = EDGE_CURVE('',#6322,#5899,#6324,.T.);
#6322 = VERTEX_POINT('',#6323);
#6323 = CARTESIAN_POINT('',(0.9125,0.46875,0.465));
#6324 = LINE('',#6325,#6326);
#6325 = CARTESIAN_POINT('',(-0.93875,0.46875,0.465));
#6326 = VECTOR('',#6327,1.);
#6327 = DIRECTION('',(-1.,0.,0.));
#6328 = ORIENTED_EDGE('',*,*,#6329,.F.);
#6329 = EDGE_CURVE('',#6313,#6322,#6330,.T.);
#6330 = LINE('',#6331,#6332);
#6331 = CARTESIAN_POINT('',(0.9125,-7.8125E-02,0.465));
#6332 = VECTOR('',#6333,1.);
#6333 = DIRECTION('',(0.,-1.,0.));
#6334 = PLANE('',#6335);
#6335 = AXIS2_PLACEMENT_3D('',#6336,#6337,#6338);
#6336 = CARTESIAN_POINT('',(-0.965,-0.625,0.465));
#6337 = DIRECTION('',(0.,0.,1.));
#6338 = DIRECTION('',(1.,0.,-0.));
#6339 = ADVANCED_FACE('',(#6340),#6367,.T.);
#6340 = FACE_BOUND('',#6341,.T.);
#6341 = EDGE_LOOP('',(#6342,#6343,#6352,#6360));
#6342 = ORIENTED_EDGE('',*,*,#5898,.T.);
#6343 = ORIENTED_EDGE('',*,*,#6344,.T.);
#6344 = EDGE_CURVE('',#5891,#6345,#6347,.T.);
#6345 = VERTEX_POINT('',#6346);
#6346 = CARTESIAN_POINT('',(0.685,-0.46875,0.5));
#6347 = CIRCLE('',#6348,3.5E-02);
#6348 = AXIS2_PLACEMENT_3D('',#6349,#6350,#6351);
#6349 = CARTESIAN_POINT('',(0.685,-0.46875,0.465));
#6350 = DIRECTION('',(0.,1.,-0.));
#6351 = DIRECTION('',(-1.,0.,0.));
#6352 = ORIENTED_EDGE('',*,*,#6353,.T.);
#6353 = EDGE_CURVE('',#6345,#6354,#6356,.T.);
#6354 = VERTEX_POINT('',#6355);
#6355 = CARTESIAN_POINT('',(0.685,0.46875,0.5));
#6356 = LINE('',#6357,#6358);
#6357 = CARTESIAN_POINT('',(0.685,-0.625,0.5));
#6358 = VECTOR('',#6359,1.);
#6359 = DIRECTION('',(0.,1.,0.));
#6360 = ORIENTED_EDGE('',*,*,#6361,.F.);
#6361 = EDGE_CURVE('',#5899,#6354,#6362,.T.);
#6362 = CIRCLE('',#6363,3.5E-02);
#6363 = AXIS2_PLACEMENT_3D('',#6364,#6365,#6366);
#6364 = CARTESIAN_POINT('',(0.685,0.46875,0.465));
#6365 = DIRECTION('',(0.,1.,-0.));
#6366 = DIRECTION('',(-1.,0.,0.));
#6367 = CYLINDRICAL_SURFACE('',#6368,3.5E-02);
#6368 = AXIS2_PLACEMENT_3D('',#6369,#6370,#6371);
#6369 = CARTESIAN_POINT('',(0.685,-0.625,0.465));
#6370 = DIRECTION('',(0.,1.,0.));
#6371 = DIRECTION('',(-1.,0.,0.));
#6372 = ADVANCED_FACE('',(#6373),#6423,.T.);
#6373 = FACE_BOUND('',#6374,.T.);
#6374 = EDGE_LOOP('',(#6375,#6383,#6391,#6397,#6398,#6399,#6400,#6408,
    #6416,#6422));
#6375 = ORIENTED_EDGE('',*,*,#6376,.F.);
#6376 = EDGE_CURVE('',#6377,#6150,#6379,.T.);
#6377 = VERTEX_POINT('',#6378);
#6378 = CARTESIAN_POINT('',(-0.965,0.625,3.5E-02));
#6379 = LINE('',#6380,#6381);
#6380 = CARTESIAN_POINT('',(-0.965,0.625,3.5E-02));
#6381 = VECTOR('',#6382,1.);
#6382 = DIRECTION('',(1.,0.,0.));
#6383 = ORIENTED_EDGE('',*,*,#6384,.T.);
#6384 = EDGE_CURVE('',#6377,#6385,#6387,.T.);
#6385 = VERTEX_POINT('',#6386);
#6386 = CARTESIAN_POINT('',(-0.965,0.625,0.465));
#6387 = LINE('',#6388,#6389);
#6388 = CARTESIAN_POINT('',(-0.965,0.625,3.5E-02));
#6389 = VECTOR('',#6390,1.);
#6390 = DIRECTION('',(0.,0.,1.));
#6391 = ORIENTED_EDGE('',*,*,#6392,.T.);
#6392 = EDGE_CURVE('',#6385,#5929,#6393,.T.);
#6393 = LINE('',#6394,#6395);
#6394 = CARTESIAN_POINT('',(-0.965,0.625,0.465));
#6395 = VECTOR('',#6396,1.);
#6396 = DIRECTION('',(1.,0.,0.));
#6397 = ORIENTED_EDGE('',*,*,#5928,.T.);
#6398 = ORIENTED_EDGE('',*,*,#5962,.F.);
#6399 = ORIENTED_EDGE('',*,*,#6312,.T.);
#6400 = ORIENTED_EDGE('',*,*,#6401,.T.);
#6401 = EDGE_CURVE('',#6313,#6402,#6404,.T.);
#6402 = VERTEX_POINT('',#6403);
#6403 = CARTESIAN_POINT('',(0.965,0.625,0.465));
#6404 = LINE('',#6405,#6406);
#6405 = CARTESIAN_POINT('',(-0.965,0.625,0.465));
#6406 = VECTOR('',#6407,1.);
#6407 = DIRECTION('',(1.,0.,0.));
#6408 = ORIENTED_EDGE('',*,*,#6409,.F.);
#6409 = EDGE_CURVE('',#6410,#6402,#6412,.T.);
#6410 = VERTEX_POINT('',#6411);
#6411 = CARTESIAN_POINT('',(0.965,0.625,3.5E-02));
#6412 = LINE('',#6413,#6414);
#6413 = CARTESIAN_POINT('',(0.965,0.625,3.5E-02));
#6414 = VECTOR('',#6415,1.);
#6415 = DIRECTION('',(0.,0.,1.));
#6416 = ORIENTED_EDGE('',*,*,#6417,.F.);
#6417 = EDGE_CURVE('',#6142,#6410,#6418,.T.);
#6418 = LINE('',#6419,#6420);
#6419 = CARTESIAN_POINT('',(-0.965,0.625,3.5E-02));
#6420 = VECTOR('',#6421,1.);
#6421 = DIRECTION('',(1.,0.,0.));
#6422 = ORIENTED_EDGE('',*,*,#6149,.F.);
#6423 = PLANE('',#6424);
#6424 = AXIS2_PLACEMENT_3D('',#6425,#6426,#6427);
#6425 = CARTESIAN_POINT('',(-0.965,0.625,3.5E-02));
#6426 = DIRECTION('',(0.,1.,0.));
#6427 = DIRECTION('',(0.,-0.,1.));
#6428 = ADVANCED_FACE('',(#6429),#6447,.F.);
#6429 = FACE_BOUND('',#6430,.F.);
#6430 = EDGE_LOOP('',(#6431,#6439,#6445,#6446));
#6431 = ORIENTED_EDGE('',*,*,#6432,.F.);
#6432 = EDGE_CURVE('',#6433,#5977,#6435,.T.);
#6433 = VERTEX_POINT('',#6434);
#6434 = CARTESIAN_POINT('',(-0.9125,0.46875,0.5));
#6435 = LINE('',#6436,#6437);
#6436 = CARTESIAN_POINT('',(-0.95625,0.46875,0.5));
#6437 = VECTOR('',#6438,1.);
#6438 = DIRECTION('',(1.,0.,0.));
#6439 = ORIENTED_EDGE('',*,*,#6440,.T.);
#6440 = EDGE_CURVE('',#6433,#5937,#6441,.T.);
#6441 = LINE('',#6442,#6443);
#6442 = CARTESIAN_POINT('',(-0.9125,0.46875,0.75));
#6443 = VECTOR('',#6444,1.);
#6444 = DIRECTION('',(-0.,-0.,-1.));
#6445 = ORIENTED_EDGE('',*,*,#5944,.F.);
#6446 = ORIENTED_EDGE('',*,*,#5976,.F.);
#6447 = PLANE('',#6448);
#6448 = AXIS2_PLACEMENT_3D('',#6449,#6450,#6451);
#6449 = CARTESIAN_POINT('',(-0.9125,0.46875,0.75));
#6450 = DIRECTION('',(0.,-1.,0.));
#6451 = DIRECTION('',(1.,0.,0.));
#6452 = ADVANCED_FACE('',(#6453),#6471,.F.);
#6453 = FACE_BOUND('',#6454,.F.);
#6454 = EDGE_LOOP('',(#6455,#6456,#6464,#6470));
#6455 = ORIENTED_EDGE('',*,*,#6440,.F.);
#6456 = ORIENTED_EDGE('',*,*,#6457,.F.);
#6457 = EDGE_CURVE('',#6458,#6433,#6460,.T.);
#6458 = VERTEX_POINT('',#6459);
#6459 = CARTESIAN_POINT('',(-0.9125,0.625,0.5));
#6460 = LINE('',#6461,#6462);
#6461 = CARTESIAN_POINT('',(-0.9125,7.8125E-02,0.5));
#6462 = VECTOR('',#6463,1.);
#6463 = DIRECTION('',(0.,-1.,0.));
#6464 = ORIENTED_EDGE('',*,*,#6465,.F.);
#6465 = EDGE_CURVE('',#5929,#6458,#6466,.T.);
#6466 = LINE('',#6467,#6468);
#6467 = CARTESIAN_POINT('',(-0.9125,0.625,0.375));
#6468 = VECTOR('',#6469,1.);
#6469 = DIRECTION('',(0.,0.,1.));
#6470 = ORIENTED_EDGE('',*,*,#5936,.F.);
#6471 = PLANE('',#6472);
#6472 = AXIS2_PLACEMENT_3D('',#6473,#6474,#6475);
#6473 = CARTESIAN_POINT('',(-0.9125,0.78125,0.75));
#6474 = DIRECTION('',(-1.,0.,0.));
#6475 = DIRECTION('',(0.,-1.,0.));
#6476 = ADVANCED_FACE('',(#6477),#6495,.F.);
#6477 = FACE_BOUND('',#6478,.F.);
#6478 = EDGE_LOOP('',(#6479,#6487,#6493,#6494));
#6479 = ORIENTED_EDGE('',*,*,#6480,.F.);
#6480 = EDGE_CURVE('',#6481,#6010,#6483,.T.);
#6481 = VERTEX_POINT('',#6482);
#6482 = CARTESIAN_POINT('',(-0.9125,-0.46875,0.5));
#6483 = LINE('',#6484,#6485);
#6484 = CARTESIAN_POINT('',(-0.9125,-0.46875,0.75));
#6485 = VECTOR('',#6486,1.);
#6486 = DIRECTION('',(-0.,-0.,-1.));
#6487 = ORIENTED_EDGE('',*,*,#6488,.F.);
#6488 = EDGE_CURVE('',#5986,#6481,#6489,.T.);
#6489 = LINE('',#6490,#6491);
#6490 = CARTESIAN_POINT('',(-4.375E-02,-0.46875,0.5));
#6491 = VECTOR('',#6492,1.);
#6492 = DIRECTION('',(-1.,0.,0.));
#6493 = ORIENTED_EDGE('',*,*,#5993,.T.);
#6494 = ORIENTED_EDGE('',*,*,#6019,.F.);
#6495 = PLANE('',#6496);
#6496 = AXIS2_PLACEMENT_3D('',#6497,#6498,#6499);
#6497 = CARTESIAN_POINT('',(0.9125,-0.46875,0.75));
#6498 = DIRECTION('',(0.,1.,0.));
#6499 = DIRECTION('',(-1.,0.,0.));
#6500 = ADVANCED_FACE('',(#6501),#6528,.T.);
#6501 = FACE_BOUND('',#6502,.T.);
#6502 = EDGE_LOOP('',(#6503,#6511,#6517,#6518,#6524,#6525,#6526,#6527));
#6503 = ORIENTED_EDGE('',*,*,#6504,.F.);
#6504 = EDGE_CURVE('',#6505,#6458,#6507,.T.);
#6505 = VERTEX_POINT('',#6506);
#6506 = CARTESIAN_POINT('',(-0.965,0.625,0.5));
#6507 = LINE('',#6508,#6509);
#6508 = CARTESIAN_POINT('',(-1.,0.625,0.5));
#6509 = VECTOR('',#6510,1.);
#6510 = DIRECTION('',(1.,0.,0.));
#6511 = ORIENTED_EDGE('',*,*,#6512,.F.);
#6512 = EDGE_CURVE('',#6061,#6505,#6513,.T.);
#6513 = LINE('',#6514,#6515);
#6514 = CARTESIAN_POINT('',(-0.965,-0.625,0.5));
#6515 = VECTOR('',#6516,1.);
#6516 = DIRECTION('',(0.,1.,0.));
#6517 = ORIENTED_EDGE('',*,*,#6069,.T.);
#6518 = ORIENTED_EDGE('',*,*,#6519,.F.);
#6519 = EDGE_CURVE('',#6481,#6070,#6520,.T.);
#6520 = LINE('',#6521,#6522);
#6521 = CARTESIAN_POINT('',(-0.9125,-0.546875,0.5));
#6522 = VECTOR('',#6523,1.);
#6523 = DIRECTION('',(0.,-1.,0.));
#6524 = ORIENTED_EDGE('',*,*,#6488,.F.);
#6525 = ORIENTED_EDGE('',*,*,#5985,.T.);
#6526 = ORIENTED_EDGE('',*,*,#6432,.F.);
#6527 = ORIENTED_EDGE('',*,*,#6457,.F.);
#6528 = PLANE('',#6529);
#6529 = AXIS2_PLACEMENT_3D('',#6530,#6531,#6532);
#6530 = CARTESIAN_POINT('',(-1.,-0.625,0.5));
#6531 = DIRECTION('',(0.,0.,1.));
#6532 = DIRECTION('',(1.,0.,-0.));
#6533 = ADVANCED_FACE('',(#6534),#6540,.F.);
#6534 = FACE_BOUND('',#6535,.F.);
#6535 = EDGE_LOOP('',(#6536,#6537,#6538,#6539));
#6536 = ORIENTED_EDGE('',*,*,#6519,.F.);
#6537 = ORIENTED_EDGE('',*,*,#6480,.T.);
#6538 = ORIENTED_EDGE('',*,*,#6009,.F.);
#6539 = ORIENTED_EDGE('',*,*,#6077,.T.);
#6540 = PLANE('',#6541);
#6541 = AXIS2_PLACEMENT_3D('',#6542,#6543,#6544);
#6542 = CARTESIAN_POINT('',(-0.9125,-0.46875,0.75));
#6543 = DIRECTION('',(-1.,0.,0.));
#6544 = DIRECTION('',(0.,-1.,0.));
#6545 = ADVANCED_FACE('',(#6546),#6603,.F.);
#6546 = FACE_BOUND('',#6547,.F.);
#6547 = EDGE_LOOP('',(#6548,#6558,#6564,#6565,#6573,#6581,#6589,#6597));
#6548 = ORIENTED_EDGE('',*,*,#6549,.F.);
#6549 = EDGE_CURVE('',#6550,#6552,#6554,.T.);
#6550 = VERTEX_POINT('',#6551);
#6551 = CARTESIAN_POINT('',(-0.965,0.625,-6.938893903907E-18));
#6552 = VERTEX_POINT('',#6553);
#6553 = CARTESIAN_POINT('',(-0.9125,0.625,0.));
#6554 = LINE('',#6555,#6556);
#6555 = CARTESIAN_POINT('',(-1.,0.625,0.));
#6556 = VECTOR('',#6557,1.);
#6557 = DIRECTION('',(1.,0.,0.));
#6558 = ORIENTED_EDGE('',*,*,#6559,.F.);
#6559 = EDGE_CURVE('',#6034,#6550,#6560,.T.);
#6560 = LINE('',#6561,#6562);
#6561 = CARTESIAN_POINT('',(-0.965,-0.625,-6.938893903907E-18));
#6562 = VECTOR('',#6563,1.);
#6563 = DIRECTION('',(0.,1.,0.));
#6564 = ORIENTED_EDGE('',*,*,#6033,.T.);
#6565 = ORIENTED_EDGE('',*,*,#6566,.F.);
#6566 = EDGE_CURVE('',#6567,#6036,#6569,.T.);
#6567 = VERTEX_POINT('',#6568);
#6568 = CARTESIAN_POINT('',(-0.9125,-0.46875,0.));
#6569 = LINE('',#6570,#6571);
#6570 = CARTESIAN_POINT('',(-0.9125,-0.546875,0.));
#6571 = VECTOR('',#6572,1.);
#6572 = DIRECTION('',(0.,-1.,0.));
#6573 = ORIENTED_EDGE('',*,*,#6574,.F.);
#6574 = EDGE_CURVE('',#6575,#6567,#6577,.T.);
#6575 = VERTEX_POINT('',#6576);
#6576 = CARTESIAN_POINT('',(-0.685,-0.46875,-6.938893903907E-18));
#6577 = LINE('',#6578,#6579);
#6578 = CARTESIAN_POINT('',(-4.375E-02,-0.46875,0.));
#6579 = VECTOR('',#6580,1.);
#6580 = DIRECTION('',(-1.,0.,0.));
#6581 = ORIENTED_EDGE('',*,*,#6582,.T.);
#6582 = EDGE_CURVE('',#6575,#6583,#6585,.T.);
#6583 = VERTEX_POINT('',#6584);
#6584 = CARTESIAN_POINT('',(-0.685,0.46875,-6.938893903907E-18));
#6585 = LINE('',#6586,#6587);
#6586 = CARTESIAN_POINT('',(-0.685,-0.625,-6.938893903907E-18));
#6587 = VECTOR('',#6588,1.);
#6588 = DIRECTION('',(0.,1.,0.));
#6589 = ORIENTED_EDGE('',*,*,#6590,.F.);
#6590 = EDGE_CURVE('',#6591,#6583,#6593,.T.);
#6591 = VERTEX_POINT('',#6592);
#6592 = CARTESIAN_POINT('',(-0.9125,0.46875,0.));
#6593 = LINE('',#6594,#6595);
#6594 = CARTESIAN_POINT('',(-0.95625,0.46875,0.));
#6595 = VECTOR('',#6596,1.);
#6596 = DIRECTION('',(1.,0.,0.));
#6597 = ORIENTED_EDGE('',*,*,#6598,.F.);
#6598 = EDGE_CURVE('',#6552,#6591,#6599,.T.);
#6599 = LINE('',#6600,#6601);
#6600 = CARTESIAN_POINT('',(-0.9125,7.8125E-02,0.));
#6601 = VECTOR('',#6602,1.);
#6602 = DIRECTION('',(0.,-1.,0.));
#6603 = PLANE('',#6604);
#6604 = AXIS2_PLACEMENT_3D('',#6605,#6606,#6607);
#6605 = CARTESIAN_POINT('',(-1.,-0.625,0.));
#6606 = DIRECTION('',(0.,0.,1.));
#6607 = DIRECTION('',(1.,0.,-0.));
#6608 = ADVANCED_FACE('',(#6609),#6628,.T.);
#6609 = FACE_BOUND('',#6610,.T.);
#6610 = EDGE_LOOP('',(#6611,#6619,#6626,#6627));
#6611 = ORIENTED_EDGE('',*,*,#6612,.T.);
#6612 = EDGE_CURVE('',#6044,#6613,#6615,.T.);
#6613 = VERTEX_POINT('',#6614);
#6614 = CARTESIAN_POINT('',(-1.,0.625,3.5E-02));
#6615 = LINE('',#6616,#6617);
#6616 = CARTESIAN_POINT('',(-1.,-0.625,3.5E-02));
#6617 = VECTOR('',#6618,1.);
#6618 = DIRECTION('',(0.,1.,0.));
#6619 = ORIENTED_EDGE('',*,*,#6620,.T.);
#6620 = EDGE_CURVE('',#6613,#6550,#6621,.T.);
#6621 = CIRCLE('',#6622,3.5E-02);
#6622 = AXIS2_PLACEMENT_3D('',#6623,#6624,#6625);
#6623 = CARTESIAN_POINT('',(-0.965,0.625,3.5E-02));
#6624 = DIRECTION('',(0.,-1.,0.));
#6625 = DIRECTION('',(0.,0.,1.));
#6626 = ORIENTED_EDGE('',*,*,#6559,.F.);
#6627 = ORIENTED_EDGE('',*,*,#6043,.F.);
#6628 = CYLINDRICAL_SURFACE('',#6629,3.5E-02);
#6629 = AXIS2_PLACEMENT_3D('',#6630,#6631,#6632);
#6630 = CARTESIAN_POINT('',(-0.965,-0.625,3.5E-02));
#6631 = DIRECTION('',(0.,1.,0.));
#6632 = DIRECTION('',(-1.,0.,0.));
#6633 = ADVANCED_FACE('',(#6634),#6645,.F.);
#6634 = FACE_BOUND('',#6635,.F.);
#6635 = EDGE_LOOP('',(#6636,#6637,#6643,#6644));
#6636 = ORIENTED_EDGE('',*,*,#6100,.T.);
#6637 = ORIENTED_EDGE('',*,*,#6638,.T.);
#6638 = EDGE_CURVE('',#6101,#6567,#6639,.T.);
#6639 = LINE('',#6640,#6641);
#6640 = CARTESIAN_POINT('',(-0.9125,-0.46875,0.75));
#6641 = VECTOR('',#6642,1.);
#6642 = DIRECTION('',(-0.,-0.,-1.));
#6643 = ORIENTED_EDGE('',*,*,#6566,.T.);
#6644 = ORIENTED_EDGE('',*,*,#6086,.T.);
#6645 = PLANE('',#6646);
#6646 = AXIS2_PLACEMENT_3D('',#6647,#6648,#6649);
#6647 = CARTESIAN_POINT('',(-0.9125,-0.46875,0.75));
#6648 = DIRECTION('',(-1.,0.,0.));
#6649 = DIRECTION('',(0.,-1.,0.));
#6650 = ADVANCED_FACE('',(#6651),#6669,.F.);
#6651 = FACE_BOUND('',#6652,.F.);
#6652 = EDGE_LOOP('',(#6653,#6654,#6655,#6663));
#6653 = ORIENTED_EDGE('',*,*,#6052,.F.);
#6654 = ORIENTED_EDGE('',*,*,#6612,.T.);
#6655 = ORIENTED_EDGE('',*,*,#6656,.T.);
#6656 = EDGE_CURVE('',#6613,#6657,#6659,.T.);
#6657 = VERTEX_POINT('',#6658);
#6658 = CARTESIAN_POINT('',(-1.,0.625,0.465));
#6659 = LINE('',#6660,#6661);
#6660 = CARTESIAN_POINT('',(-1.,0.625,0.));
#6661 = VECTOR('',#6662,1.);
#6662 = DIRECTION('',(0.,0.,1.));
#6663 = ORIENTED_EDGE('',*,*,#6664,.F.);
#6664 = EDGE_CURVE('',#6053,#6657,#6665,.T.);
#6665 = LINE('',#6666,#6667);
#6666 = CARTESIAN_POINT('',(-1.,-0.625,0.465));
#6667 = VECTOR('',#6668,1.);
#6668 = DIRECTION('',(0.,1.,0.));
#6669 = PLANE('',#6670);
#6670 = AXIS2_PLACEMENT_3D('',#6671,#6672,#6673);
#6671 = CARTESIAN_POINT('',(-1.,-0.625,0.));
#6672 = DIRECTION('',(1.,0.,0.));
#6673 = DIRECTION('',(0.,0.,1.));
#6674 = ADVANCED_FACE('',(#6675),#6687,.T.);
#6675 = FACE_BOUND('',#6676,.T.);
#6676 = EDGE_LOOP('',(#6677,#6678,#6679,#6686));
#6677 = ORIENTED_EDGE('',*,*,#6060,.T.);
#6678 = ORIENTED_EDGE('',*,*,#6512,.T.);
#6679 = ORIENTED_EDGE('',*,*,#6680,.F.);
#6680 = EDGE_CURVE('',#6657,#6505,#6681,.T.);
#6681 = CIRCLE('',#6682,3.5E-02);
#6682 = AXIS2_PLACEMENT_3D('',#6683,#6684,#6685);
#6683 = CARTESIAN_POINT('',(-0.965,0.625,0.465));
#6684 = DIRECTION('',(0.,1.,0.));
#6685 = DIRECTION('',(0.,-0.,1.));
#6686 = ORIENTED_EDGE('',*,*,#6664,.F.);
#6687 = CYLINDRICAL_SURFACE('',#6688,3.5E-02);
#6688 = AXIS2_PLACEMENT_3D('',#6689,#6690,#6691);
#6689 = CARTESIAN_POINT('',(-0.965,-0.625,0.465));
#6690 = DIRECTION('',(0.,1.,0.));
#6691 = DIRECTION('',(-1.,0.,0.));
#6692 = ADVANCED_FACE('',(#6693),#6705,.F.);
#6693 = FACE_BOUND('',#6694,.F.);
#6694 = EDGE_LOOP('',(#6695,#6696,#6697,#6704));
#6695 = ORIENTED_EDGE('',*,*,#6638,.F.);
#6696 = ORIENTED_EDGE('',*,*,#6181,.T.);
#6697 = ORIENTED_EDGE('',*,*,#6698,.T.);
#6698 = EDGE_CURVE('',#6174,#6575,#6699,.T.);
#6699 = CIRCLE('',#6700,3.5E-02);
#6700 = AXIS2_PLACEMENT_3D('',#6701,#6702,#6703);
#6701 = CARTESIAN_POINT('',(-0.685,-0.46875,3.5E-02));
#6702 = DIRECTION('',(-0.,1.,0.));
#6703 = DIRECTION('',(1.,0.,0.));
#6704 = ORIENTED_EDGE('',*,*,#6574,.T.);
#6705 = PLANE('',#6706);
#6706 = AXIS2_PLACEMENT_3D('',#6707,#6708,#6709);
#6707 = CARTESIAN_POINT('',(0.9125,-0.46875,0.75));
#6708 = DIRECTION('',(0.,1.,0.));
#6709 = DIRECTION('',(-1.,0.,0.));
#6710 = ADVANCED_FACE('',(#6711),#6723,.T.);
#6711 = FACE_BOUND('',#6712,.T.);
#6712 = EDGE_LOOP('',(#6713,#6714,#6715,#6716));
#6713 = ORIENTED_EDGE('',*,*,#6173,.F.);
#6714 = ORIENTED_EDGE('',*,*,#6698,.T.);
#6715 = ORIENTED_EDGE('',*,*,#6582,.T.);
#6716 = ORIENTED_EDGE('',*,*,#6717,.F.);
#6717 = EDGE_CURVE('',#6166,#6583,#6718,.T.);
#6718 = CIRCLE('',#6719,3.5E-02);
#6719 = AXIS2_PLACEMENT_3D('',#6720,#6721,#6722);
#6720 = CARTESIAN_POINT('',(-0.685,0.46875,3.5E-02));
#6721 = DIRECTION('',(-0.,1.,0.));
#6722 = DIRECTION('',(1.,0.,0.));
#6723 = CYLINDRICAL_SURFACE('',#6724,3.5E-02);
#6724 = AXIS2_PLACEMENT_3D('',#6725,#6726,#6727);
#6725 = CARTESIAN_POINT('',(-0.685,-0.625,3.5E-02));
#6726 = DIRECTION('',(0.,1.,0.));
#6727 = DIRECTION('',(1.,0.,0.));
#6728 = ADVANCED_FACE('',(#6729),#6740,.F.);
#6729 = FACE_BOUND('',#6730,.F.);
#6730 = EDGE_LOOP('',(#6731,#6732,#6738,#6739));
#6731 = ORIENTED_EDGE('',*,*,#6165,.T.);
#6732 = ORIENTED_EDGE('',*,*,#6733,.T.);
#6733 = EDGE_CURVE('',#6158,#6591,#6734,.T.);
#6734 = LINE('',#6735,#6736);
#6735 = CARTESIAN_POINT('',(-0.9125,0.46875,0.75));
#6736 = VECTOR('',#6737,1.);
#6737 = DIRECTION('',(-0.,-0.,-1.));
#6738 = ORIENTED_EDGE('',*,*,#6590,.T.);
#6739 = ORIENTED_EDGE('',*,*,#6717,.F.);
#6740 = PLANE('',#6741);
#6741 = AXIS2_PLACEMENT_3D('',#6742,#6743,#6744);
#6742 = CARTESIAN_POINT('',(-0.9125,0.46875,0.75));
#6743 = DIRECTION('',(0.,-1.,0.));
#6744 = DIRECTION('',(1.,0.,0.));
#6745 = ADVANCED_FACE('',(#6746),#6757,.F.);
#6746 = FACE_BOUND('',#6747,.F.);
#6747 = EDGE_LOOP('',(#6748,#6749,#6750,#6756));
#6748 = ORIENTED_EDGE('',*,*,#6733,.F.);
#6749 = ORIENTED_EDGE('',*,*,#6157,.T.);
#6750 = ORIENTED_EDGE('',*,*,#6751,.F.);
#6751 = EDGE_CURVE('',#6552,#6150,#6752,.T.);
#6752 = LINE('',#6753,#6754);
#6753 = CARTESIAN_POINT('',(-0.9125,0.625,0.375));
#6754 = VECTOR('',#6755,1.);
#6755 = DIRECTION('',(0.,0.,1.));
#6756 = ORIENTED_EDGE('',*,*,#6598,.T.);
#6757 = PLANE('',#6758);
#6758 = AXIS2_PLACEMENT_3D('',#6759,#6760,#6761);
#6759 = CARTESIAN_POINT('',(-0.9125,0.78125,0.75));
#6760 = DIRECTION('',(-1.,0.,0.));
#6761 = DIRECTION('',(0.,-1.,0.));
#6762 = ADVANCED_FACE('',(#6763),#6788,.F.);
#6763 = FACE_BOUND('',#6764,.F.);
#6764 = EDGE_LOOP('',(#6765,#6766,#6774,#6782));
#6765 = ORIENTED_EDGE('',*,*,#6141,.T.);
#6766 = ORIENTED_EDGE('',*,*,#6767,.T.);
#6767 = EDGE_CURVE('',#6134,#6768,#6770,.T.);
#6768 = VERTEX_POINT('',#6769);
#6769 = CARTESIAN_POINT('',(0.9125,0.46875,0.));
#6770 = LINE('',#6771,#6772);
#6771 = CARTESIAN_POINT('',(0.9125,0.46875,0.75));
#6772 = VECTOR('',#6773,1.);
#6773 = DIRECTION('',(-0.,-0.,-1.));
#6774 = ORIENTED_EDGE('',*,*,#6775,.T.);
#6775 = EDGE_CURVE('',#6768,#6776,#6778,.T.);
#6776 = VERTEX_POINT('',#6777);
#6777 = CARTESIAN_POINT('',(0.9125,0.625,0.));
#6778 = LINE('',#6779,#6780);
#6779 = CARTESIAN_POINT('',(0.9125,-7.8125E-02,0.));
#6780 = VECTOR('',#6781,1.);
#6781 = DIRECTION('',(0.,1.,0.));
#6782 = ORIENTED_EDGE('',*,*,#6783,.F.);
#6783 = EDGE_CURVE('',#6142,#6776,#6784,.T.);
#6784 = LINE('',#6785,#6786);
#6785 = CARTESIAN_POINT('',(0.9125,0.625,0.375));
#6786 = VECTOR('',#6787,1.);
#6787 = DIRECTION('',(0.,0.,-1.));
#6788 = PLANE('',#6789);
#6789 = AXIS2_PLACEMENT_3D('',#6790,#6791,#6792);
#6790 = CARTESIAN_POINT('',(0.9125,0.46875,0.75));
#6791 = DIRECTION('',(1.,0.,0.));
#6792 = DIRECTION('',(-0.,1.,0.));
#6793 = ADVANCED_FACE('',(#6794),#6813,.F.);
#6794 = FACE_BOUND('',#6795,.F.);
#6795 = EDGE_LOOP('',(#6796,#6797,#6798,#6807));
#6796 = ORIENTED_EDGE('',*,*,#6767,.F.);
#6797 = ORIENTED_EDGE('',*,*,#6133,.T.);
#6798 = ORIENTED_EDGE('',*,*,#6799,.F.);
#6799 = EDGE_CURVE('',#6800,#6126,#6802,.T.);
#6800 = VERTEX_POINT('',#6801);
#6801 = CARTESIAN_POINT('',(0.685,0.46875,-6.938893903907E-18));
#6802 = CIRCLE('',#6803,3.5E-02);
#6803 = AXIS2_PLACEMENT_3D('',#6804,#6805,#6806);
#6804 = CARTESIAN_POINT('',(0.685,0.46875,3.5E-02));
#6805 = DIRECTION('',(0.,1.,-0.));
#6806 = DIRECTION('',(-1.,0.,0.));
#6807 = ORIENTED_EDGE('',*,*,#6808,.T.);
#6808 = EDGE_CURVE('',#6800,#6768,#6809,.T.);
#6809 = LINE('',#6810,#6811);
#6810 = CARTESIAN_POINT('',(-0.13125,0.46875,0.));
#6811 = VECTOR('',#6812,1.);
#6812 = DIRECTION('',(1.,0.,0.));
#6813 = PLANE('',#6814);
#6814 = AXIS2_PLACEMENT_3D('',#6815,#6816,#6817);
#6815 = CARTESIAN_POINT('',(-0.9125,0.46875,0.75));
#6816 = DIRECTION('',(0.,-1.,0.));
#6817 = DIRECTION('',(1.,0.,0.));
#6818 = ADVANCED_FACE('',(#6819),#6838,.T.);
#6819 = FACE_BOUND('',#6820,.T.);
#6820 = EDGE_LOOP('',(#6821,#6822,#6830,#6837));
#6821 = ORIENTED_EDGE('',*,*,#6799,.F.);
#6822 = ORIENTED_EDGE('',*,*,#6823,.F.);
#6823 = EDGE_CURVE('',#6824,#6800,#6826,.T.);
#6824 = VERTEX_POINT('',#6825);
#6825 = CARTESIAN_POINT('',(0.685,-0.46875,-6.938893903907E-18));
#6826 = LINE('',#6827,#6828);
#6827 = CARTESIAN_POINT('',(0.685,-0.625,-6.938893903907E-18));
#6828 = VECTOR('',#6829,1.);
#6829 = DIRECTION('',(0.,1.,0.));
#6830 = ORIENTED_EDGE('',*,*,#6831,.T.);
#6831 = EDGE_CURVE('',#6824,#6118,#6832,.T.);
#6832 = CIRCLE('',#6833,3.5E-02);
#6833 = AXIS2_PLACEMENT_3D('',#6834,#6835,#6836);
#6834 = CARTESIAN_POINT('',(0.685,-0.46875,3.5E-02));
#6835 = DIRECTION('',(0.,1.,-0.));
#6836 = DIRECTION('',(-1.,0.,0.));
#6837 = ORIENTED_EDGE('',*,*,#6125,.T.);
#6838 = CYLINDRICAL_SURFACE('',#6839,3.5E-02);
#6839 = AXIS2_PLACEMENT_3D('',#6840,#6841,#6842);
#6840 = CARTESIAN_POINT('',(0.685,-0.625,3.5E-02));
#6841 = DIRECTION('',(0.,1.,0.));
#6842 = DIRECTION('',(-1.,0.,0.));
#6843 = ADVANCED_FACE('',(#6844),#6862,.F.);
#6844 = FACE_BOUND('',#6845,.F.);
#6845 = EDGE_LOOP('',(#6846,#6847,#6855,#6861));
#6846 = ORIENTED_EDGE('',*,*,#6117,.T.);
#6847 = ORIENTED_EDGE('',*,*,#6848,.T.);
#6848 = EDGE_CURVE('',#6110,#6849,#6851,.T.);
#6849 = VERTEX_POINT('',#6850);
#6850 = CARTESIAN_POINT('',(0.9125,-0.46875,0.));
#6851 = LINE('',#6852,#6853);
#6852 = CARTESIAN_POINT('',(0.9125,-0.46875,0.75));
#6853 = VECTOR('',#6854,1.);
#6854 = DIRECTION('',(-0.,-0.,-1.));
#6855 = ORIENTED_EDGE('',*,*,#6856,.T.);
#6856 = EDGE_CURVE('',#6849,#6824,#6857,.T.);
#6857 = LINE('',#6858,#6859);
#6858 = CARTESIAN_POINT('',(0.78125,-0.46875,0.));
#6859 = VECTOR('',#6860,1.);
#6860 = DIRECTION('',(-1.,0.,0.));
#6861 = ORIENTED_EDGE('',*,*,#6831,.T.);
#6862 = PLANE('',#6863);
#6863 = AXIS2_PLACEMENT_3D('',#6864,#6865,#6866);
#6864 = CARTESIAN_POINT('',(0.9125,-0.46875,0.75));
#6865 = DIRECTION('',(0.,1.,0.));
#6866 = DIRECTION('',(-1.,0.,0.));
#6867 = ADVANCED_FACE('',(#6868),#6879,.F.);
#6868 = FACE_BOUND('',#6869,.F.);
#6869 = EDGE_LOOP('',(#6870,#6871,#6872,#6873));
#6870 = ORIENTED_EDGE('',*,*,#6848,.F.);
#6871 = ORIENTED_EDGE('',*,*,#6109,.T.);
#6872 = ORIENTED_EDGE('',*,*,#6231,.T.);
#6873 = ORIENTED_EDGE('',*,*,#6874,.T.);
#6874 = EDGE_CURVE('',#6222,#6849,#6875,.T.);
#6875 = LINE('',#6876,#6877);
#6876 = CARTESIAN_POINT('',(0.9125,-0.703125,0.));
#6877 = VECTOR('',#6878,1.);
#6878 = DIRECTION('',(0.,1.,0.));
#6879 = PLANE('',#6880);
#6880 = AXIS2_PLACEMENT_3D('',#6881,#6882,#6883);
#6881 = CARTESIAN_POINT('',(0.9125,-0.78125,0.75));
#6882 = DIRECTION('',(1.,0.,0.));
#6883 = DIRECTION('',(-0.,1.,0.));
#6884 = ADVANCED_FACE('',(#6885),#6910,.T.);
#6885 = FACE_BOUND('',#6886,.T.);
#6886 = EDGE_LOOP('',(#6887,#6895,#6896,#6904));
#6887 = ORIENTED_EDGE('',*,*,#6888,.T.);
#6888 = EDGE_CURVE('',#6889,#6190,#6891,.T.);
#6889 = VERTEX_POINT('',#6890);
#6890 = CARTESIAN_POINT('',(0.433012701892,0.5,1.75E-02));
#6891 = LINE('',#6892,#6893);
#6892 = CARTESIAN_POINT('',(0.433012701892,0.5,1.75E-02));
#6893 = VECTOR('',#6894,1.);
#6894 = DIRECTION('',(0.,0.,1.));
#6895 = ORIENTED_EDGE('',*,*,#6189,.T.);
#6896 = ORIENTED_EDGE('',*,*,#6897,.F.);
#6897 = EDGE_CURVE('',#6898,#6192,#6900,.T.);
#6898 = VERTEX_POINT('',#6899);
#6899 = CARTESIAN_POINT('',(0.433012701892,-0.5,1.75E-02));
#6900 = LINE('',#6901,#6902);
#6901 = CARTESIAN_POINT('',(0.433012701892,-0.5,1.75E-02));
#6902 = VECTOR('',#6903,1.);
#6903 = DIRECTION('',(0.,0.,1.));
#6904 = ORIENTED_EDGE('',*,*,#6905,.F.);
#6905 = EDGE_CURVE('',#6889,#6898,#6906,.T.);
#6906 = LINE('',#6907,#6908);
#6907 = CARTESIAN_POINT('',(0.433012701892,0.5,1.75E-02));
#6908 = VECTOR('',#6909,1.);
#6909 = DIRECTION('',(0.,-1.,0.));
#6910 = PLANE('',#6911);
#6911 = AXIS2_PLACEMENT_3D('',#6912,#6913,#6914);
#6912 = CARTESIAN_POINT('',(0.433012701892,0.5,1.75E-02));
#6913 = DIRECTION('',(1.,0.,0.));
#6914 = DIRECTION('',(0.,-1.,0.));
#6915 = ADVANCED_FACE('',(#6916),#6934,.T.);
#6916 = FACE_BOUND('',#6917,.T.);
#6917 = EDGE_LOOP('',(#6918,#6926,#6927,#6928));
#6918 = ORIENTED_EDGE('',*,*,#6919,.T.);
#6919 = EDGE_CURVE('',#6920,#6200,#6922,.T.);
#6920 = VERTEX_POINT('',#6921);
#6921 = CARTESIAN_POINT('',(-0.433012701892,0.,1.75E-02));
#6922 = LINE('',#6923,#6924);
#6923 = CARTESIAN_POINT('',(-0.433012701892,0.,1.75E-02));
#6924 = VECTOR('',#6925,1.);
#6925 = DIRECTION('',(0.,0.,1.));
#6926 = ORIENTED_EDGE('',*,*,#6207,.T.);
#6927 = ORIENTED_EDGE('',*,*,#6888,.F.);
#6928 = ORIENTED_EDGE('',*,*,#6929,.F.);
#6929 = EDGE_CURVE('',#6920,#6889,#6930,.T.);
#6930 = LINE('',#6931,#6932);
#6931 = CARTESIAN_POINT('',(-0.433012701892,0.,1.75E-02));
#6932 = VECTOR('',#6933,1.);
#6933 = DIRECTION('',(0.866025403784,0.5,0.));
#6934 = PLANE('',#6935);
#6935 = AXIS2_PLACEMENT_3D('',#6936,#6937,#6938);
#6936 = CARTESIAN_POINT('',(-0.433012701892,0.,1.75E-02));
#6937 = DIRECTION('',(-0.5,0.866025403784,0.));
#6938 = DIRECTION('',(0.866025403784,0.5,0.));
#6939 = ADVANCED_FACE('',(#6940),#6951,.T.);
#6940 = FACE_BOUND('',#6941,.T.);
#6941 = EDGE_LOOP('',(#6942,#6943,#6944,#6945));
#6942 = ORIENTED_EDGE('',*,*,#6897,.T.);
#6943 = ORIENTED_EDGE('',*,*,#6199,.T.);
#6944 = ORIENTED_EDGE('',*,*,#6919,.F.);
#6945 = ORIENTED_EDGE('',*,*,#6946,.F.);
#6946 = EDGE_CURVE('',#6898,#6920,#6947,.T.);
#6947 = LINE('',#6948,#6949);
#6948 = CARTESIAN_POINT('',(0.433012701892,-0.5,1.75E-02));
#6949 = VECTOR('',#6950,1.);
#6950 = DIRECTION('',(-0.866025403784,0.5,0.));
#6951 = PLANE('',#6952);
#6952 = AXIS2_PLACEMENT_3D('',#6953,#6954,#6955);
#6953 = CARTESIAN_POINT('',(0.433012701892,-0.5,1.75E-02));
#6954 = DIRECTION('',(-0.5,-0.866025403784,0.));
#6955 = DIRECTION('',(-0.866025403784,0.5,0.));
#6956 = ADVANCED_FACE('',(#6957),#6979,.F.);
#6957 = FACE_BOUND('',#6958,.F.);
#6958 = EDGE_LOOP('',(#6959,#6967,#6968,#6969,#6970,#6971,#6972,#6973));
#6959 = ORIENTED_EDGE('',*,*,#6960,.F.);
#6960 = EDGE_CURVE('',#6776,#6961,#6963,.T.);
#6961 = VERTEX_POINT('',#6962);
#6962 = CARTESIAN_POINT('',(0.965,0.625,-6.938893903907E-18));
#6963 = LINE('',#6964,#6965);
#6964 = CARTESIAN_POINT('',(0.65,0.625,0.));
#6965 = VECTOR('',#6966,1.);
#6966 = DIRECTION('',(1.,0.,0.));
#6967 = ORIENTED_EDGE('',*,*,#6775,.F.);
#6968 = ORIENTED_EDGE('',*,*,#6808,.F.);
#6969 = ORIENTED_EDGE('',*,*,#6823,.F.);
#6970 = ORIENTED_EDGE('',*,*,#6856,.F.);
#6971 = ORIENTED_EDGE('',*,*,#6874,.F.);
#6972 = ORIENTED_EDGE('',*,*,#6221,.T.);
#6973 = ORIENTED_EDGE('',*,*,#6974,.T.);
#6974 = EDGE_CURVE('',#6224,#6961,#6975,.T.);
#6975 = LINE('',#6976,#6977);
#6976 = CARTESIAN_POINT('',(0.965,-0.625,-6.938893903907E-18));
#6977 = VECTOR('',#6978,1.);
#6978 = DIRECTION('',(0.,1.,0.));
#6979 = PLANE('',#6980);
#6980 = AXIS2_PLACEMENT_3D('',#6981,#6982,#6983);
#6981 = CARTESIAN_POINT('',(0.65,-0.625,0.));
#6982 = DIRECTION('',(0.,0.,1.));
#6983 = DIRECTION('',(1.,0.,-0.));
#6984 = ADVANCED_FACE('',(#6985),#7004,.T.);
#6985 = FACE_BOUND('',#6986,.T.);
#6986 = EDGE_LOOP('',(#6987,#6988,#6989,#6998));
#6987 = ORIENTED_EDGE('',*,*,#6273,.T.);
#6988 = ORIENTED_EDGE('',*,*,#6974,.T.);
#6989 = ORIENTED_EDGE('',*,*,#6990,.F.);
#6990 = EDGE_CURVE('',#6991,#6961,#6993,.T.);
#6991 = VERTEX_POINT('',#6992);
#6992 = CARTESIAN_POINT('',(1.,0.625,3.5E-02));
#6993 = CIRCLE('',#6994,3.5E-02);
#6994 = AXIS2_PLACEMENT_3D('',#6995,#6996,#6997);
#6995 = CARTESIAN_POINT('',(0.965,0.625,3.5E-02));
#6996 = DIRECTION('',(0.,1.,0.));
#6997 = DIRECTION('',(0.,-0.,1.));
#6998 = ORIENTED_EDGE('',*,*,#6999,.F.);
#6999 = EDGE_CURVE('',#6266,#6991,#7000,.T.);
#7000 = LINE('',#7001,#7002);
#7001 = CARTESIAN_POINT('',(1.,-0.625,3.5E-02));
#7002 = VECTOR('',#7003,1.);
#7003 = DIRECTION('',(0.,1.,0.));
#7004 = CYLINDRICAL_SURFACE('',#7005,3.5E-02);
#7005 = AXIS2_PLACEMENT_3D('',#7006,#7007,#7008);
#7006 = CARTESIAN_POINT('',(0.965,-0.625,3.5E-02));
#7007 = DIRECTION('',(0.,1.,0.));
#7008 = DIRECTION('',(1.,0.,0.));
#7009 = ADVANCED_FACE('',(#7010),#7028,.T.);
#7010 = FACE_BOUND('',#7011,.T.);
#7011 = EDGE_LOOP('',(#7012,#7013,#7014,#7022));
#7012 = ORIENTED_EDGE('',*,*,#6265,.F.);
#7013 = ORIENTED_EDGE('',*,*,#6999,.T.);
#7014 = ORIENTED_EDGE('',*,*,#7015,.T.);
#7015 = EDGE_CURVE('',#6991,#7016,#7018,.T.);
#7016 = VERTEX_POINT('',#7017);
#7017 = CARTESIAN_POINT('',(1.,0.625,0.465));
#7018 = LINE('',#7019,#7020);
#7019 = CARTESIAN_POINT('',(1.,0.625,0.));
#7020 = VECTOR('',#7021,1.);
#7021 = DIRECTION('',(0.,0.,1.));
#7022 = ORIENTED_EDGE('',*,*,#7023,.F.);
#7023 = EDGE_CURVE('',#6257,#7016,#7024,.T.);
#7024 = LINE('',#7025,#7026);
#7025 = CARTESIAN_POINT('',(1.,-0.625,0.465));
#7026 = VECTOR('',#7027,1.);
#7027 = DIRECTION('',(0.,1.,0.));
#7028 = PLANE('',#7029);
#7029 = AXIS2_PLACEMENT_3D('',#7030,#7031,#7032);
#7030 = CARTESIAN_POINT('',(1.,-0.625,0.));
#7031 = DIRECTION('',(1.,0.,0.));
#7032 = DIRECTION('',(0.,0.,1.));
#7033 = ADVANCED_FACE('',(#7034),#7053,.T.);
#7034 = FACE_BOUND('',#7035,.T.);
#7035 = EDGE_LOOP('',(#7036,#7037,#7046,#7052));
#7036 = ORIENTED_EDGE('',*,*,#7023,.T.);
#7037 = ORIENTED_EDGE('',*,*,#7038,.T.);
#7038 = EDGE_CURVE('',#7016,#7039,#7041,.T.);
#7039 = VERTEX_POINT('',#7040);
#7040 = CARTESIAN_POINT('',(0.965,0.625,0.5));
#7041 = CIRCLE('',#7042,3.5E-02);
#7042 = AXIS2_PLACEMENT_3D('',#7043,#7044,#7045);
#7043 = CARTESIAN_POINT('',(0.965,0.625,0.465));
#7044 = DIRECTION('',(0.,-1.,0.));
#7045 = DIRECTION('',(0.,0.,1.));
#7046 = ORIENTED_EDGE('',*,*,#7047,.F.);
#7047 = EDGE_CURVE('',#6249,#7039,#7048,.T.);
#7048 = LINE('',#7049,#7050);
#7049 = CARTESIAN_POINT('',(0.965,-0.625,0.5));
#7050 = VECTOR('',#7051,1.);
#7051 = DIRECTION('',(0.,1.,0.));
#7052 = ORIENTED_EDGE('',*,*,#6256,.F.);
#7053 = CYLINDRICAL_SURFACE('',#7054,3.5E-02);
#7054 = AXIS2_PLACEMENT_3D('',#7055,#7056,#7057);
#7055 = CARTESIAN_POINT('',(0.965,-0.625,0.465));
#7056 = DIRECTION('',(0.,1.,0.));
#7057 = DIRECTION('',(1.,0.,0.));
#7058 = ADVANCED_FACE('',(#7059),#7100,.T.);
#7059 = FACE_BOUND('',#7060,.T.);
#7060 = EDGE_LOOP('',(#7061,#7069,#7077,#7083,#7084,#7092,#7098,#7099));
#7061 = ORIENTED_EDGE('',*,*,#7062,.F.);
#7062 = EDGE_CURVE('',#7063,#7039,#7065,.T.);
#7063 = VERTEX_POINT('',#7064);
#7064 = CARTESIAN_POINT('',(0.9125,0.625,0.5));
#7065 = LINE('',#7066,#7067);
#7066 = CARTESIAN_POINT('',(0.65,0.625,0.5));
#7067 = VECTOR('',#7068,1.);
#7068 = DIRECTION('',(1.,0.,0.));
#7069 = ORIENTED_EDGE('',*,*,#7070,.F.);
#7070 = EDGE_CURVE('',#7071,#7063,#7073,.T.);
#7071 = VERTEX_POINT('',#7072);
#7072 = CARTESIAN_POINT('',(0.9125,0.46875,0.5));
#7073 = LINE('',#7074,#7075);
#7074 = CARTESIAN_POINT('',(0.9125,-7.8125E-02,0.5));
#7075 = VECTOR('',#7076,1.);
#7076 = DIRECTION('',(0.,1.,0.));
#7077 = ORIENTED_EDGE('',*,*,#7078,.F.);
#7078 = EDGE_CURVE('',#6354,#7071,#7079,.T.);
#7079 = LINE('',#7080,#7081);
#7080 = CARTESIAN_POINT('',(-0.13125,0.46875,0.5));
#7081 = VECTOR('',#7082,1.);
#7082 = DIRECTION('',(1.,0.,0.));
#7083 = ORIENTED_EDGE('',*,*,#6353,.F.);
#7084 = ORIENTED_EDGE('',*,*,#7085,.F.);
#7085 = EDGE_CURVE('',#7086,#6345,#7088,.T.);
#7086 = VERTEX_POINT('',#7087);
#7087 = CARTESIAN_POINT('',(0.9125,-0.46875,0.5));
#7088 = LINE('',#7089,#7090);
#7089 = CARTESIAN_POINT('',(0.78125,-0.46875,0.5));
#7090 = VECTOR('',#7091,1.);
#7091 = DIRECTION('',(-1.,0.,0.));
#7092 = ORIENTED_EDGE('',*,*,#7093,.F.);
#7093 = EDGE_CURVE('',#6241,#7086,#7094,.T.);
#7094 = LINE('',#7095,#7096);
#7095 = CARTESIAN_POINT('',(0.9125,-0.703125,0.5));
#7096 = VECTOR('',#7097,1.);
#7097 = DIRECTION('',(0.,1.,0.));
#7098 = ORIENTED_EDGE('',*,*,#6248,.T.);
#7099 = ORIENTED_EDGE('',*,*,#7047,.T.);
#7100 = PLANE('',#7101);
#7101 = AXIS2_PLACEMENT_3D('',#7102,#7103,#7104);
#7102 = CARTESIAN_POINT('',(0.65,-0.625,0.5));
#7103 = DIRECTION('',(0.,0.,1.));
#7104 = DIRECTION('',(1.,0.,-0.));
#7105 = ADVANCED_FACE('',(#7106),#7117,.F.);
#7106 = FACE_BOUND('',#7107,.F.);
#7107 = EDGE_LOOP('',(#7108,#7114,#7115,#7116));
#7108 = ORIENTED_EDGE('',*,*,#7109,.F.);
#7109 = EDGE_CURVE('',#7086,#6289,#7110,.T.);
#7110 = LINE('',#7111,#7112);
#7111 = CARTESIAN_POINT('',(0.9125,-0.46875,0.75));
#7112 = VECTOR('',#7113,1.);
#7113 = DIRECTION('',(-0.,-0.,-1.));
#7114 = ORIENTED_EDGE('',*,*,#7093,.F.);
#7115 = ORIENTED_EDGE('',*,*,#6240,.T.);
#7116 = ORIENTED_EDGE('',*,*,#6298,.F.);
#7117 = PLANE('',#7118);
#7118 = AXIS2_PLACEMENT_3D('',#7119,#7120,#7121);
#7119 = CARTESIAN_POINT('',(0.9125,-0.78125,0.75));
#7120 = DIRECTION('',(1.,0.,0.));
#7121 = DIRECTION('',(-0.,1.,0.));
#7122 = ADVANCED_FACE('',(#7123),#7129,.F.);
#7123 = FACE_BOUND('',#7124,.F.);
#7124 = EDGE_LOOP('',(#7125,#7126,#7127,#7128));
#7125 = ORIENTED_EDGE('',*,*,#7085,.F.);
#7126 = ORIENTED_EDGE('',*,*,#7109,.T.);
#7127 = ORIENTED_EDGE('',*,*,#6288,.F.);
#7128 = ORIENTED_EDGE('',*,*,#6344,.T.);
#7129 = PLANE('',#7130);
#7130 = AXIS2_PLACEMENT_3D('',#7131,#7132,#7133);
#7131 = CARTESIAN_POINT('',(0.9125,-0.46875,0.75));
#7132 = DIRECTION('',(0.,1.,0.));
#7133 = DIRECTION('',(-1.,0.,0.));
#7134 = ADVANCED_FACE('',(#7135),#7151,.F.);
#7135 = FACE_BOUND('',#7136,.F.);
#7136 = EDGE_LOOP('',(#7137,#7138,#7144,#7145));
#7137 = ORIENTED_EDGE('',*,*,#7070,.F.);
#7138 = ORIENTED_EDGE('',*,*,#7139,.T.);
#7139 = EDGE_CURVE('',#7071,#6322,#7140,.T.);
#7140 = LINE('',#7141,#7142);
#7141 = CARTESIAN_POINT('',(0.9125,0.46875,0.75));
#7142 = VECTOR('',#7143,1.);
#7143 = DIRECTION('',(-0.,-0.,-1.));
#7144 = ORIENTED_EDGE('',*,*,#6329,.F.);
#7145 = ORIENTED_EDGE('',*,*,#7146,.F.);
#7146 = EDGE_CURVE('',#7063,#6313,#7147,.T.);
#7147 = LINE('',#7148,#7149);
#7148 = CARTESIAN_POINT('',(0.9125,0.625,0.375));
#7149 = VECTOR('',#7150,1.);
#7150 = DIRECTION('',(0.,0.,-1.));
#7151 = PLANE('',#7152);
#7152 = AXIS2_PLACEMENT_3D('',#7153,#7154,#7155);
#7153 = CARTESIAN_POINT('',(0.9125,0.46875,0.75));
#7154 = DIRECTION('',(1.,0.,0.));
#7155 = DIRECTION('',(-0.,1.,0.));
#7156 = ADVANCED_FACE('',(#7157),#7163,.F.);
#7157 = FACE_BOUND('',#7158,.F.);
#7158 = EDGE_LOOP('',(#7159,#7160,#7161,#7162));
#7159 = ORIENTED_EDGE('',*,*,#7139,.F.);
#7160 = ORIENTED_EDGE('',*,*,#7078,.F.);
#7161 = ORIENTED_EDGE('',*,*,#6361,.F.);
#7162 = ORIENTED_EDGE('',*,*,#6321,.F.);
#7163 = PLANE('',#7164);
#7164 = AXIS2_PLACEMENT_3D('',#7165,#7166,#7167);
#7165 = CARTESIAN_POINT('',(-0.9125,0.46875,0.75));
#7166 = DIRECTION('',(0.,-1.,0.));
#7167 = DIRECTION('',(1.,0.,0.));
#7168 = ADVANCED_FACE('',(#7169),#7181,.T.);
#7169 = FACE_BOUND('',#7170,.T.);
#7170 = EDGE_LOOP('',(#7171,#7172,#7173,#7174,#7175,#7176,#7177,#7178,
    #7179,#7180));
#7171 = ORIENTED_EDGE('',*,*,#6549,.F.);
#7172 = ORIENTED_EDGE('',*,*,#6620,.F.);
#7173 = ORIENTED_EDGE('',*,*,#6656,.T.);
#7174 = ORIENTED_EDGE('',*,*,#6680,.T.);
#7175 = ORIENTED_EDGE('',*,*,#6504,.T.);
#7176 = ORIENTED_EDGE('',*,*,#6465,.F.);
#7177 = ORIENTED_EDGE('',*,*,#6392,.F.);
#7178 = ORIENTED_EDGE('',*,*,#6384,.F.);
#7179 = ORIENTED_EDGE('',*,*,#6376,.T.);
#7180 = ORIENTED_EDGE('',*,*,#6751,.F.);
#7181 = PLANE('',#7182);
#7182 = AXIS2_PLACEMENT_3D('',#7183,#7184,#7185);
#7183 = CARTESIAN_POINT('',(-1.,0.625,0.));
#7184 = DIRECTION('',(0.,1.,0.));
#7185 = DIRECTION('',(0.,-0.,1.));
#7186 = ADVANCED_FACE('',(#7187),#7199,.T.);
#7187 = FACE_BOUND('',#7188,.T.);
#7188 = EDGE_LOOP('',(#7189,#7190,#7191,#7192,#7193,#7194,#7195,#7196,
    #7197,#7198));
#7189 = ORIENTED_EDGE('',*,*,#6960,.F.);
#7190 = ORIENTED_EDGE('',*,*,#6783,.F.);
#7191 = ORIENTED_EDGE('',*,*,#6417,.T.);
#7192 = ORIENTED_EDGE('',*,*,#6409,.T.);
#7193 = ORIENTED_EDGE('',*,*,#6401,.F.);
#7194 = ORIENTED_EDGE('',*,*,#7146,.F.);
#7195 = ORIENTED_EDGE('',*,*,#7062,.T.);
#7196 = ORIENTED_EDGE('',*,*,#7038,.F.);
#7197 = ORIENTED_EDGE('',*,*,#7015,.F.);
#7198 = ORIENTED_EDGE('',*,*,#6990,.T.);
#7199 = PLANE('',#7200);
#7200 = AXIS2_PLACEMENT_3D('',#7201,#7202,#7203);
#7201 = CARTESIAN_POINT('',(0.65,0.625,0.));
#7202 = DIRECTION('',(0.,1.,0.));
#7203 = DIRECTION('',(0.,-0.,1.));
#7204 = ADVANCED_FACE('',(#7205),#7210,.T.);
#7205 = FACE_BOUND('',#7206,.T.);
#7206 = EDGE_LOOP('',(#7207,#7208,#7209));
#7207 = ORIENTED_EDGE('',*,*,#6929,.T.);
#7208 = ORIENTED_EDGE('',*,*,#6905,.T.);
#7209 = ORIENTED_EDGE('',*,*,#6946,.T.);
#7210 = PLANE('',#7211);
#7211 = AXIS2_PLACEMENT_3D('',#7212,#7213,#7214);
#7212 = CARTESIAN_POINT('',(0.144337567297,9.251858538543E-18,1.75E-02)
  );
#7213 = DIRECTION('',(-0.,-0.,-1.));
#7214 = DIRECTION('',(-1.,0.,0.));
#7215 = ( GEOMETRIC_REPRESENTATION_CONTEXT(3) 
GLOBAL_UNCERTAINTY_ASSIGNED_CONTEXT((#7219)) 
GLOBAL_UNIT_ASSIGNED_CONTEXT((#7216,#7217,#7218)) REPRESENTATION_CONTEXT
('Context #1','3D Context with UNIT and UNCERTAINTY') );
#7216 = ( LENGTH_UNIT() NAMED_UNIT(*) SI_UNIT(.MILLI.,.METRE.) );
#7217 = ( NAMED_UNIT(*) PLANE_ANGLE_UNIT() SI_UNIT($,.RADIAN.) );
#7218 = ( NAMED_UNIT(*) SI_UNIT($,.STERADIAN.) SOLID_ANGLE_UNIT() );
#7219 = UNCERTAINTY_MEASURE_WITH_UNIT(LENGTH_MEASURE(1.E-07),#7216,
  'distance_accuracy_value','confusion accuracy');
#7220 = CONTEXT_DEPENDENT_SHAPE_REPRESENTATION(#7221,#7223);
#7221 = ( REPRESENTATION_RELATIONSHIP('','',#5691,#10) 
REPRESENTATION_RELATIONSHIP_WITH_TRANSFORMATION(#7222) 
SHAPE_REPRESENTATION_RELATIONSHIP() );
#7222 = ITEM_DEFINED_TRANSFORMATION('','',#11,#35);
#7223 = PRODUCT_DEFINITION_SHAPE('Placement','Placement of an item',
  #7224);
#7224 = NEXT_ASSEMBLY_USAGE_OCCURRENCE('6','D1','',#5,#5686,$);
#7225 = PRODUCT_RELATED_PRODUCT_CATEGORY('part',$,(#5688));
#7226 = SHAPE_DEFINITION_REPRESENTATION(#7227,#7233);
#7227 = PRODUCT_DEFINITION_SHAPE('','',#7228);
#7228 = PRODUCT_DEFINITION('design','',#7229,#7232);
#7229 = PRODUCT_DEFINITION_FORMATION('','',#7230);
#7230 = PRODUCT('Molex_KK-254_AE-6410-02A_1x02_P2.54mm_Vertical',
  'Molex_KK-254_AE-6410-02A_1x02_P2.54mm_Vertical','',(#7231));
#7231 = PRODUCT_CONTEXT('',#2,'mechanical');
#7232 = PRODUCT_DEFINITION_CONTEXT('part definition',#2,'design');
#7233 = ADVANCED_BREP_SHAPE_REPRESENTATION('',(#11,#7234),#9101);
#7234 = MANIFOLD_SOLID_BREP('',#7235);
#7235 = CLOSED_SHELL('',(#7236,#7276,#7419,#7443,#7483,#7500,#7531,#7555
    ,#7613,#7637,#7695,#7719,#7777,#7801,#7825,#7849,#7998,#8049,#8100,
    #8117,#8134,#8154,#8185,#8209,#8233,#8250,#8272,#8289,#8306,#8318,
    #8349,#8373,#8397,#8414,#8431,#8462,#8486,#8510,#8527,#8558,#8582,
    #8606,#8623,#8640,#8657,#8669,#8700,#8724,#8748,#8765,#8796,#8820,
    #8844,#8861,#8892,#8916,#8940,#8957,#8988,#9012,#9036,#9053,#9065,
    #9077,#9089));
#7236 = ADVANCED_FACE('',(#7237),#7271,.T.);
#7237 = FACE_BOUND('',#7238,.T.);
#7238 = EDGE_LOOP('',(#7239,#7249,#7257,#7265));
#7239 = ORIENTED_EDGE('',*,*,#7240,.T.);
#7240 = EDGE_CURVE('',#7241,#7243,#7245,.T.);
#7241 = VERTEX_POINT('',#7242);
#7242 = CARTESIAN_POINT('',(0.3,-2.9,11.7));
#7243 = VERTEX_POINT('',#7244);
#7244 = CARTESIAN_POINT('',(2.24,-2.9,11.7));
#7245 = LINE('',#7246,#7247);
#7246 = CARTESIAN_POINT('',(1.27,-2.9,11.7));
#7247 = VECTOR('',#7248,1.);
#7248 = DIRECTION('',(1.,0.,0.));
#7249 = ORIENTED_EDGE('',*,*,#7250,.T.);
#7250 = EDGE_CURVE('',#7243,#7251,#7253,.T.);
#7251 = VERTEX_POINT('',#7252);
#7252 = CARTESIAN_POINT('',(2.24,-1.9,11.7));
#7253 = LINE('',#7254,#7255);
#7254 = CARTESIAN_POINT('',(2.24,-2.9,11.7));
#7255 = VECTOR('',#7256,1.);
#7256 = DIRECTION('',(0.,1.,0.));
#7257 = ORIENTED_EDGE('',*,*,#7258,.F.);
#7258 = EDGE_CURVE('',#7259,#7251,#7261,.T.);
#7259 = VERTEX_POINT('',#7260);
#7260 = CARTESIAN_POINT('',(0.3,-1.9,11.7));
#7261 = LINE('',#7262,#7263);
#7262 = CARTESIAN_POINT('',(1.27,-1.9,11.7));
#7263 = VECTOR('',#7264,1.);
#7264 = DIRECTION('',(1.,0.,0.));
#7265 = ORIENTED_EDGE('',*,*,#7266,.F.);
#7266 = EDGE_CURVE('',#7241,#7259,#7267,.T.);
#7267 = LINE('',#7268,#7269);
#7268 = CARTESIAN_POINT('',(0.3,-2.9,11.7));
#7269 = VECTOR('',#7270,1.);
#7270 = DIRECTION('',(0.,1.,0.));
#7271 = PLANE('',#7272);
#7272 = AXIS2_PLACEMENT_3D('',#7273,#7274,#7275);
#7273 = CARTESIAN_POINT('',(1.27,-2.4,11.7));
#7274 = DIRECTION('',(-2.659933359858E-32,3.219840429474E-30,1.));
#7275 = DIRECTION('',(0.,1.,-3.219840429474E-30));
#7276 = ADVANCED_FACE('',(#7277),#7414,.T.);
#7277 = FACE_BOUND('',#7278,.T.);
#7278 = EDGE_LOOP('',(#7279,#7289,#7297,#7305,#7313,#7321,#7329,#7337,
    #7345,#7353,#7361,#7369,#7377,#7383,#7384,#7392,#7400,#7408));
#7279 = ORIENTED_EDGE('',*,*,#7280,.T.);
#7280 = EDGE_CURVE('',#7281,#7283,#7285,.T.);
#7281 = VERTEX_POINT('',#7282);
#7282 = CARTESIAN_POINT('',(-1.27,-2.9,0.));
#7283 = VERTEX_POINT('',#7284);
#7284 = CARTESIAN_POINT('',(-0.75,-2.9,0.));
#7285 = LINE('',#7286,#7287);
#7286 = CARTESIAN_POINT('',(-1.27,-2.9,0.));
#7287 = VECTOR('',#7288,1.);
#7288 = DIRECTION('',(1.,0.,0.));
#7289 = ORIENTED_EDGE('',*,*,#7290,.T.);
#7290 = EDGE_CURVE('',#7283,#7291,#7293,.T.);
#7291 = VERTEX_POINT('',#7292);
#7292 = CARTESIAN_POINT('',(-0.75,-2.9,0.6));
#7293 = LINE('',#7294,#7295);
#7294 = CARTESIAN_POINT('',(-0.75,-2.9,0.));
#7295 = VECTOR('',#7296,1.);
#7296 = DIRECTION('',(0.,0.,1.));
#7297 = ORIENTED_EDGE('',*,*,#7298,.F.);
#7298 = EDGE_CURVE('',#7299,#7291,#7301,.T.);
#7299 = VERTEX_POINT('',#7300);
#7300 = CARTESIAN_POINT('',(0.75,-2.9,0.6));
#7301 = LINE('',#7302,#7303);
#7302 = CARTESIAN_POINT('',(0.75,-2.9,0.6));
#7303 = VECTOR('',#7304,1.);
#7304 = DIRECTION('',(-1.,0.,0.));
#7305 = ORIENTED_EDGE('',*,*,#7306,.F.);
#7306 = EDGE_CURVE('',#7307,#7299,#7309,.T.);
#7307 = VERTEX_POINT('',#7308);
#7308 = CARTESIAN_POINT('',(0.75,-2.9,0.));
#7309 = LINE('',#7310,#7311);
#7310 = CARTESIAN_POINT('',(0.75,-2.9,0.));
#7311 = VECTOR('',#7312,1.);
#7312 = DIRECTION('',(0.,0.,1.));
#7313 = ORIENTED_EDGE('',*,*,#7314,.T.);
#7314 = EDGE_CURVE('',#7307,#7315,#7317,.T.);
#7315 = VERTEX_POINT('',#7316);
#7316 = CARTESIAN_POINT('',(1.79,-2.9,0.));
#7317 = LINE('',#7318,#7319);
#7318 = CARTESIAN_POINT('',(-1.27,-2.9,0.));
#7319 = VECTOR('',#7320,1.);
#7320 = DIRECTION('',(1.,0.,0.));
#7321 = ORIENTED_EDGE('',*,*,#7322,.T.);
#7322 = EDGE_CURVE('',#7315,#7323,#7325,.T.);
#7323 = VERTEX_POINT('',#7324);
#7324 = CARTESIAN_POINT('',(1.79,-2.9,0.6));
#7325 = LINE('',#7326,#7327);
#7326 = CARTESIAN_POINT('',(1.79,-2.9,0.));
#7327 = VECTOR('',#7328,1.);
#7328 = DIRECTION('',(0.,0.,1.));
#7329 = ORIENTED_EDGE('',*,*,#7330,.F.);
#7330 = EDGE_CURVE('',#7331,#7323,#7333,.T.);
#7331 = VERTEX_POINT('',#7332);
#7332 = CARTESIAN_POINT('',(3.29,-2.9,0.6));
#7333 = LINE('',#7334,#7335);
#7334 = CARTESIAN_POINT('',(3.29,-2.9,0.6));
#7335 = VECTOR('',#7336,1.);
#7336 = DIRECTION('',(-1.,0.,0.));
#7337 = ORIENTED_EDGE('',*,*,#7338,.F.);
#7338 = EDGE_CURVE('',#7339,#7331,#7341,.T.);
#7339 = VERTEX_POINT('',#7340);
#7340 = CARTESIAN_POINT('',(3.29,-2.9,0.));
#7341 = LINE('',#7342,#7343);
#7342 = CARTESIAN_POINT('',(3.29,-2.9,0.));
#7343 = VECTOR('',#7344,1.);
#7344 = DIRECTION('',(0.,0.,1.));
#7345 = ORIENTED_EDGE('',*,*,#7346,.T.);
#7346 = EDGE_CURVE('',#7339,#7347,#7349,.T.);
#7347 = VERTEX_POINT('',#7348);
#7348 = CARTESIAN_POINT('',(3.81,-2.9,0.));
#7349 = LINE('',#7350,#7351);
#7350 = CARTESIAN_POINT('',(-1.27,-2.9,0.));
#7351 = VECTOR('',#7352,1.);
#7352 = DIRECTION('',(1.,0.,0.));
#7353 = ORIENTED_EDGE('',*,*,#7354,.T.);
#7354 = EDGE_CURVE('',#7347,#7355,#7357,.T.);
#7355 = VERTEX_POINT('',#7356);
#7356 = CARTESIAN_POINT('',(3.81,-2.9,3.17));
#7357 = LINE('',#7358,#7359);
#7358 = CARTESIAN_POINT('',(3.81,-2.9,0.));
#7359 = VECTOR('',#7360,1.);
#7360 = DIRECTION('',(0.,0.,1.));
#7361 = ORIENTED_EDGE('',*,*,#7362,.F.);
#7362 = EDGE_CURVE('',#7363,#7355,#7365,.T.);
#7363 = VERTEX_POINT('',#7364);
#7364 = CARTESIAN_POINT('',(2.54,-2.9,3.17));
#7365 = LINE('',#7366,#7367);
#7366 = CARTESIAN_POINT('',(-1.27,-2.9,3.17));
#7367 = VECTOR('',#7368,1.);
#7368 = DIRECTION('',(1.,0.,0.));
#7369 = ORIENTED_EDGE('',*,*,#7370,.T.);
#7370 = EDGE_CURVE('',#7363,#7371,#7373,.T.);
#7371 = VERTEX_POINT('',#7372);
#7372 = CARTESIAN_POINT('',(2.54,-2.9,11.));
#7373 = LINE('',#7374,#7375);
#7374 = CARTESIAN_POINT('',(2.54,-2.9,3.17));
#7375 = VECTOR('',#7376,1.);
#7376 = DIRECTION('',(0.,0.,1.));
#7377 = ORIENTED_EDGE('',*,*,#7378,.F.);
#7378 = EDGE_CURVE('',#7243,#7371,#7379,.T.);
#7379 = LINE('',#7380,#7381);
#7380 = CARTESIAN_POINT('',(3.783965517241,-2.9,8.097413793103));
#7381 = VECTOR('',#7382,1.);
#7382 = DIRECTION('',(0.393919298579,0.,-0.919145030018));
#7383 = ORIENTED_EDGE('',*,*,#7240,.F.);
#7384 = ORIENTED_EDGE('',*,*,#7385,.T.);
#7385 = EDGE_CURVE('',#7241,#7386,#7388,.T.);
#7386 = VERTEX_POINT('',#7387);
#7387 = CARTESIAN_POINT('',(0.,-2.9,11.));
#7388 = LINE('',#7389,#7390);
#7389 = CARTESIAN_POINT('',(-1.243965517241,-2.9,8.097413793103));
#7390 = VECTOR('',#7391,1.);
#7391 = DIRECTION('',(-0.393919298579,-0.,-0.919145030018));
#7392 = ORIENTED_EDGE('',*,*,#7393,.F.);
#7393 = EDGE_CURVE('',#7394,#7386,#7396,.T.);
#7394 = VERTEX_POINT('',#7395);
#7395 = CARTESIAN_POINT('',(0.,-2.9,3.17));
#7396 = LINE('',#7397,#7398);
#7397 = CARTESIAN_POINT('',(0.,-2.9,3.17));
#7398 = VECTOR('',#7399,1.);
#7399 = DIRECTION('',(0.,0.,1.));
#7400 = ORIENTED_EDGE('',*,*,#7401,.F.);
#7401 = EDGE_CURVE('',#7402,#7394,#7404,.T.);
#7402 = VERTEX_POINT('',#7403);
#7403 = CARTESIAN_POINT('',(-1.27,-2.9,3.17));
#7404 = LINE('',#7405,#7406);
#7405 = CARTESIAN_POINT('',(-1.27,-2.9,3.17));
#7406 = VECTOR('',#7407,1.);
#7407 = DIRECTION('',(1.,0.,0.));
#7408 = ORIENTED_EDGE('',*,*,#7409,.F.);
#7409 = EDGE_CURVE('',#7281,#7402,#7410,.T.);
#7410 = LINE('',#7411,#7412);
#7411 = CARTESIAN_POINT('',(-1.27,-2.9,0.));
#7412 = VECTOR('',#7413,1.);
#7413 = DIRECTION('',(0.,0.,1.));
#7414 = PLANE('',#7415);
#7415 = AXIS2_PLACEMENT_3D('',#7416,#7417,#7418);
#7416 = CARTESIAN_POINT('',(1.27,-2.9,4.834902837189));
#7417 = DIRECTION('',(-0.,-1.,-0.));
#7418 = DIRECTION('',(0.,0.,-1.));
#7419 = ADVANCED_FACE('',(#7420),#7438,.F.);
#7420 = FACE_BOUND('',#7421,.F.);
#7421 = EDGE_LOOP('',(#7422,#7423,#7424,#7432));
#7422 = ORIENTED_EDGE('',*,*,#7378,.F.);
#7423 = ORIENTED_EDGE('',*,*,#7250,.T.);
#7424 = ORIENTED_EDGE('',*,*,#7425,.T.);
#7425 = EDGE_CURVE('',#7251,#7426,#7428,.T.);
#7426 = VERTEX_POINT('',#7427);
#7427 = CARTESIAN_POINT('',(2.54,-1.9,11.));
#7428 = LINE('',#7429,#7430);
#7429 = CARTESIAN_POINT('',(2.23974137931,-1.9,11.700603448276));
#7430 = VECTOR('',#7431,1.);
#7431 = DIRECTION('',(0.393919298579,0.,-0.919145030018));
#7432 = ORIENTED_EDGE('',*,*,#7433,.F.);
#7433 = EDGE_CURVE('',#7371,#7426,#7434,.T.);
#7434 = LINE('',#7435,#7436);
#7435 = CARTESIAN_POINT('',(2.54,-2.9,11.));
#7436 = VECTOR('',#7437,1.);
#7437 = DIRECTION('',(0.,1.,0.));
#7438 = PLANE('',#7439);
#7439 = AXIS2_PLACEMENT_3D('',#7440,#7441,#7442);
#7440 = CARTESIAN_POINT('',(2.39,-2.9,11.35));
#7441 = DIRECTION('',(-0.919145030018,3.479493801245E-18,-0.393919298579
    ));
#7442 = DIRECTION('',(3.198159434393E-18,1.,1.370639757597E-18));
#7443 = ADVANCED_FACE('',(#7444),#7478,.T.);
#7444 = FACE_BOUND('',#7445,.T.);
#7445 = EDGE_LOOP('',(#7446,#7447,#7448,#7456,#7464,#7472));
#7446 = ORIENTED_EDGE('',*,*,#7258,.T.);
#7447 = ORIENTED_EDGE('',*,*,#7425,.T.);
#7448 = ORIENTED_EDGE('',*,*,#7449,.T.);
#7449 = EDGE_CURVE('',#7426,#7450,#7452,.T.);
#7450 = VERTEX_POINT('',#7451);
#7451 = CARTESIAN_POINT('',(2.54,-1.9,7.9));
#7452 = LINE('',#7453,#7454);
#7453 = CARTESIAN_POINT('',(2.54,-1.9,11.7));
#7454 = VECTOR('',#7455,1.);
#7455 = DIRECTION('',(0.,0.,-1.));
#7456 = ORIENTED_EDGE('',*,*,#7457,.F.);
#7457 = EDGE_CURVE('',#7458,#7450,#7460,.T.);
#7458 = VERTEX_POINT('',#7459);
#7459 = CARTESIAN_POINT('',(0.,-1.9,7.9));
#7460 = LINE('',#7461,#7462);
#7461 = CARTESIAN_POINT('',(1.27,-1.9,7.9));
#7462 = VECTOR('',#7463,1.);
#7463 = DIRECTION('',(1.,0.,0.));
#7464 = ORIENTED_EDGE('',*,*,#7465,.F.);
#7465 = EDGE_CURVE('',#7466,#7458,#7468,.T.);
#7466 = VERTEX_POINT('',#7467);
#7467 = CARTESIAN_POINT('',(0.,-1.9,11.));
#7468 = LINE('',#7469,#7470);
#7469 = CARTESIAN_POINT('',(0.,-1.9,11.7));
#7470 = VECTOR('',#7471,1.);
#7471 = DIRECTION('',(-0.,-0.,-1.));
#7472 = ORIENTED_EDGE('',*,*,#7473,.F.);
#7473 = EDGE_CURVE('',#7259,#7466,#7474,.T.);
#7474 = LINE('',#7475,#7476);
#7475 = CARTESIAN_POINT('',(0.30025862069,-1.9,11.700603448276));
#7476 = VECTOR('',#7477,1.);
#7477 = DIRECTION('',(-0.393919298579,-0.,-0.919145030018));
#7478 = PLANE('',#7479);
#7479 = AXIS2_PLACEMENT_3D('',#7480,#7481,#7482);
#7480 = CARTESIAN_POINT('',(1.27,-1.9,9.722224181644));
#7481 = DIRECTION('',(2.563435716725E-33,1.,-7.298636045313E-32));
#7482 = DIRECTION('',(0.,7.298636045313E-32,1.));
#7483 = ADVANCED_FACE('',(#7484),#7495,.F.);
#7484 = FACE_BOUND('',#7485,.T.);
#7485 = EDGE_LOOP('',(#7486,#7487,#7488,#7489));
#7486 = ORIENTED_EDGE('',*,*,#7385,.F.);
#7487 = ORIENTED_EDGE('',*,*,#7266,.T.);
#7488 = ORIENTED_EDGE('',*,*,#7473,.T.);
#7489 = ORIENTED_EDGE('',*,*,#7490,.F.);
#7490 = EDGE_CURVE('',#7386,#7466,#7491,.T.);
#7491 = LINE('',#7492,#7493);
#7492 = CARTESIAN_POINT('',(0.,-2.9,11.));
#7493 = VECTOR('',#7494,1.);
#7494 = DIRECTION('',(0.,1.,0.));
#7495 = PLANE('',#7496);
#7496 = AXIS2_PLACEMENT_3D('',#7497,#7498,#7499);
#7497 = CARTESIAN_POINT('',(0.15,-2.9,11.35));
#7498 = DIRECTION('',(0.919145030018,3.479493801245E-18,-0.393919298579)
  );
#7499 = DIRECTION('',(3.198159434393E-18,-1.,-1.370639757597E-18));
#7500 = ADVANCED_FACE('',(#7501),#7526,.F.);
#7501 = FACE_BOUND('',#7502,.F.);
#7502 = EDGE_LOOP('',(#7503,#7511,#7512,#7520));
#7503 = ORIENTED_EDGE('',*,*,#7504,.T.);
#7504 = EDGE_CURVE('',#7505,#7281,#7507,.T.);
#7505 = VERTEX_POINT('',#7506);
#7506 = CARTESIAN_POINT('',(-1.27,2.9,0.));
#7507 = LINE('',#7508,#7509);
#7508 = CARTESIAN_POINT('',(-1.27,2.9,0.));
#7509 = VECTOR('',#7510,1.);
#7510 = DIRECTION('',(0.,-1.,0.));
#7511 = ORIENTED_EDGE('',*,*,#7280,.T.);
#7512 = ORIENTED_EDGE('',*,*,#7513,.T.);
#7513 = EDGE_CURVE('',#7283,#7514,#7516,.T.);
#7514 = VERTEX_POINT('',#7515);
#7515 = CARTESIAN_POINT('',(-0.75,2.9,0.));
#7516 = LINE('',#7517,#7518);
#7517 = CARTESIAN_POINT('',(-0.75,-2.9,0.));
#7518 = VECTOR('',#7519,1.);
#7519 = DIRECTION('',(0.,1.,0.));
#7520 = ORIENTED_EDGE('',*,*,#7521,.T.);
#7521 = EDGE_CURVE('',#7514,#7505,#7522,.T.);
#7522 = LINE('',#7523,#7524);
#7523 = CARTESIAN_POINT('',(3.81,2.9,0.));
#7524 = VECTOR('',#7525,1.);
#7525 = DIRECTION('',(-1.,0.,0.));
#7526 = PLANE('',#7527);
#7527 = AXIS2_PLACEMENT_3D('',#7528,#7529,#7530);
#7528 = CARTESIAN_POINT('',(1.27,0.,0.));
#7529 = DIRECTION('',(0.,0.,1.));
#7530 = DIRECTION('',(1.,0.,-0.));
#7531 = ADVANCED_FACE('',(#7532),#7550,.F.);
#7532 = FACE_BOUND('',#7533,.F.);
#7533 = EDGE_LOOP('',(#7534,#7535,#7543,#7549));
#7534 = ORIENTED_EDGE('',*,*,#7290,.T.);
#7535 = ORIENTED_EDGE('',*,*,#7536,.T.);
#7536 = EDGE_CURVE('',#7291,#7537,#7539,.T.);
#7537 = VERTEX_POINT('',#7538);
#7538 = CARTESIAN_POINT('',(-0.75,2.9,0.6));
#7539 = LINE('',#7540,#7541);
#7540 = CARTESIAN_POINT('',(-0.75,-2.9,0.6));
#7541 = VECTOR('',#7542,1.);
#7542 = DIRECTION('',(0.,1.,0.));
#7543 = ORIENTED_EDGE('',*,*,#7544,.F.);
#7544 = EDGE_CURVE('',#7514,#7537,#7545,.T.);
#7545 = LINE('',#7546,#7547);
#7546 = CARTESIAN_POINT('',(-0.75,2.9,0.));
#7547 = VECTOR('',#7548,1.);
#7548 = DIRECTION('',(0.,0.,1.));
#7549 = ORIENTED_EDGE('',*,*,#7513,.F.);
#7550 = PLANE('',#7551);
#7551 = AXIS2_PLACEMENT_3D('',#7552,#7553,#7554);
#7552 = CARTESIAN_POINT('',(-0.75,-2.9,0.));
#7553 = DIRECTION('',(-1.,0.,0.));
#7554 = DIRECTION('',(0.,1.,0.));
#7555 = ADVANCED_FACE('',(#7556,#7574),#7608,.T.);
#7556 = FACE_BOUND('',#7557,.T.);
#7557 = EDGE_LOOP('',(#7558,#7566,#7572,#7573));
#7558 = ORIENTED_EDGE('',*,*,#7559,.T.);
#7559 = EDGE_CURVE('',#7537,#7560,#7562,.T.);
#7560 = VERTEX_POINT('',#7561);
#7561 = CARTESIAN_POINT('',(0.75,2.9,0.6));
#7562 = LINE('',#7563,#7564);
#7563 = CARTESIAN_POINT('',(-0.75,2.9,0.6));
#7564 = VECTOR('',#7565,1.);
#7565 = DIRECTION('',(1.,0.,0.));
#7566 = ORIENTED_EDGE('',*,*,#7567,.T.);
#7567 = EDGE_CURVE('',#7560,#7299,#7568,.T.);
#7568 = LINE('',#7569,#7570);
#7569 = CARTESIAN_POINT('',(0.75,2.9,0.6));
#7570 = VECTOR('',#7571,1.);
#7571 = DIRECTION('',(0.,-1.,0.));
#7572 = ORIENTED_EDGE('',*,*,#7298,.T.);
#7573 = ORIENTED_EDGE('',*,*,#7536,.T.);
#7574 = FACE_BOUND('',#7575,.T.);
#7575 = EDGE_LOOP('',(#7576,#7586,#7594,#7602));
#7576 = ORIENTED_EDGE('',*,*,#7577,.T.);
#7577 = EDGE_CURVE('',#7578,#7580,#7582,.T.);
#7578 = VERTEX_POINT('',#7579);
#7579 = CARTESIAN_POINT('',(-0.32,0.32,0.6));
#7580 = VERTEX_POINT('',#7581);
#7581 = CARTESIAN_POINT('',(-0.32,-0.32,0.6));
#7582 = LINE('',#7583,#7584);
#7583 = CARTESIAN_POINT('',(-0.32,0.,0.6));
#7584 = VECTOR('',#7585,1.);
#7585 = DIRECTION('',(0.,-1.,0.));
#7586 = ORIENTED_EDGE('',*,*,#7587,.T.);
#7587 = EDGE_CURVE('',#7580,#7588,#7590,.T.);
#7588 = VERTEX_POINT('',#7589);
#7589 = CARTESIAN_POINT('',(0.32,-0.32,0.6));
#7590 = LINE('',#7591,#7592);
#7591 = CARTESIAN_POINT('',(-0.16,-0.32,0.6));
#7592 = VECTOR('',#7593,1.);
#7593 = DIRECTION('',(1.,0.,0.));
#7594 = ORIENTED_EDGE('',*,*,#7595,.F.);
#7595 = EDGE_CURVE('',#7596,#7588,#7598,.T.);
#7596 = VERTEX_POINT('',#7597);
#7597 = CARTESIAN_POINT('',(0.32,0.32,0.6));
#7598 = LINE('',#7599,#7600);
#7599 = CARTESIAN_POINT('',(0.32,0.,0.6));
#7600 = VECTOR('',#7601,1.);
#7601 = DIRECTION('',(0.,-1.,0.));
#7602 = ORIENTED_EDGE('',*,*,#7603,.T.);
#7603 = EDGE_CURVE('',#7596,#7578,#7604,.T.);
#7604 = LINE('',#7605,#7606);
#7605 = CARTESIAN_POINT('',(-0.16,0.32,0.6));
#7606 = VECTOR('',#7607,1.);
#7607 = DIRECTION('',(-1.,0.,0.));
#7608 = PLANE('',#7609);
#7609 = AXIS2_PLACEMENT_3D('',#7610,#7611,#7612);
#7610 = CARTESIAN_POINT('',(1.825024150069E-16,0.,0.6));
#7611 = DIRECTION('',(-0.,-0.,-1.));
#7612 = DIRECTION('',(-1.,0.,0.));
#7613 = ADVANCED_FACE('',(#7614),#7632,.F.);
#7614 = FACE_BOUND('',#7615,.F.);
#7615 = EDGE_LOOP('',(#7616,#7624,#7625,#7626));
#7616 = ORIENTED_EDGE('',*,*,#7617,.T.);
#7617 = EDGE_CURVE('',#7618,#7560,#7620,.T.);
#7618 = VERTEX_POINT('',#7619);
#7619 = CARTESIAN_POINT('',(0.75,2.9,0.));
#7620 = LINE('',#7621,#7622);
#7621 = CARTESIAN_POINT('',(0.75,2.9,0.));
#7622 = VECTOR('',#7623,1.);
#7623 = DIRECTION('',(0.,0.,1.));
#7624 = ORIENTED_EDGE('',*,*,#7567,.T.);
#7625 = ORIENTED_EDGE('',*,*,#7306,.F.);
#7626 = ORIENTED_EDGE('',*,*,#7627,.F.);
#7627 = EDGE_CURVE('',#7618,#7307,#7628,.T.);
#7628 = LINE('',#7629,#7630);
#7629 = CARTESIAN_POINT('',(0.75,2.9,0.));
#7630 = VECTOR('',#7631,1.);
#7631 = DIRECTION('',(0.,-1.,0.));
#7632 = PLANE('',#7633);
#7633 = AXIS2_PLACEMENT_3D('',#7634,#7635,#7636);
#7634 = CARTESIAN_POINT('',(0.75,2.9,0.));
#7635 = DIRECTION('',(1.,0.,0.));
#7636 = DIRECTION('',(0.,-1.,0.));
#7637 = ADVANCED_FACE('',(#7638,#7656),#7690,.F.);
#7638 = FACE_BOUND('',#7639,.F.);
#7639 = EDGE_LOOP('',(#7640,#7641,#7642,#7650));
#7640 = ORIENTED_EDGE('',*,*,#7627,.T.);
#7641 = ORIENTED_EDGE('',*,*,#7314,.T.);
#7642 = ORIENTED_EDGE('',*,*,#7643,.T.);
#7643 = EDGE_CURVE('',#7315,#7644,#7646,.T.);
#7644 = VERTEX_POINT('',#7645);
#7645 = CARTESIAN_POINT('',(1.79,2.9,0.));
#7646 = LINE('',#7647,#7648);
#7647 = CARTESIAN_POINT('',(1.79,-2.9,0.));
#7648 = VECTOR('',#7649,1.);
#7649 = DIRECTION('',(0.,1.,0.));
#7650 = ORIENTED_EDGE('',*,*,#7651,.T.);
#7651 = EDGE_CURVE('',#7644,#7618,#7652,.T.);
#7652 = LINE('',#7653,#7654);
#7653 = CARTESIAN_POINT('',(3.81,2.9,0.));
#7654 = VECTOR('',#7655,1.);
#7655 = DIRECTION('',(-1.,0.,0.));
#7656 = FACE_BOUND('',#7657,.F.);
#7657 = EDGE_LOOP('',(#7658,#7668,#7676,#7684));
#7658 = ORIENTED_EDGE('',*,*,#7659,.F.);
#7659 = EDGE_CURVE('',#7660,#7662,#7664,.T.);
#7660 = VERTEX_POINT('',#7661);
#7661 = CARTESIAN_POINT('',(0.97,0.6,0.));
#7662 = VERTEX_POINT('',#7663);
#7663 = CARTESIAN_POINT('',(0.97,-0.6,0.));
#7664 = LINE('',#7665,#7666);
#7665 = CARTESIAN_POINT('',(0.97,0.3,0.));
#7666 = VECTOR('',#7667,1.);
#7667 = DIRECTION('',(0.,-1.,0.));
#7668 = ORIENTED_EDGE('',*,*,#7669,.F.);
#7669 = EDGE_CURVE('',#7670,#7660,#7672,.T.);
#7670 = VERTEX_POINT('',#7671);
#7671 = CARTESIAN_POINT('',(1.57,0.6,0.));
#7672 = LINE('',#7673,#7674);
#7673 = CARTESIAN_POINT('',(1.42,0.6,0.));
#7674 = VECTOR('',#7675,1.);
#7675 = DIRECTION('',(-1.,0.,0.));
#7676 = ORIENTED_EDGE('',*,*,#7677,.F.);
#7677 = EDGE_CURVE('',#7678,#7670,#7680,.T.);
#7678 = VERTEX_POINT('',#7679);
#7679 = CARTESIAN_POINT('',(1.57,-0.6,0.));
#7680 = LINE('',#7681,#7682);
#7681 = CARTESIAN_POINT('',(1.57,-0.3,0.));
#7682 = VECTOR('',#7683,1.);
#7683 = DIRECTION('',(0.,1.,0.));
#7684 = ORIENTED_EDGE('',*,*,#7685,.F.);
#7685 = EDGE_CURVE('',#7662,#7678,#7686,.T.);
#7686 = LINE('',#7687,#7688);
#7687 = CARTESIAN_POINT('',(1.12,-0.6,0.));
#7688 = VECTOR('',#7689,1.);
#7689 = DIRECTION('',(1.,0.,0.));
#7690 = PLANE('',#7691);
#7691 = AXIS2_PLACEMENT_3D('',#7692,#7693,#7694);
#7692 = CARTESIAN_POINT('',(1.27,0.,0.));
#7693 = DIRECTION('',(0.,0.,1.));
#7694 = DIRECTION('',(1.,0.,-0.));
#7695 = ADVANCED_FACE('',(#7696),#7714,.F.);
#7696 = FACE_BOUND('',#7697,.F.);
#7697 = EDGE_LOOP('',(#7698,#7699,#7707,#7713));
#7698 = ORIENTED_EDGE('',*,*,#7322,.T.);
#7699 = ORIENTED_EDGE('',*,*,#7700,.T.);
#7700 = EDGE_CURVE('',#7323,#7701,#7703,.T.);
#7701 = VERTEX_POINT('',#7702);
#7702 = CARTESIAN_POINT('',(1.79,2.9,0.6));
#7703 = LINE('',#7704,#7705);
#7704 = CARTESIAN_POINT('',(1.79,-2.9,0.6));
#7705 = VECTOR('',#7706,1.);
#7706 = DIRECTION('',(0.,1.,0.));
#7707 = ORIENTED_EDGE('',*,*,#7708,.F.);
#7708 = EDGE_CURVE('',#7644,#7701,#7709,.T.);
#7709 = LINE('',#7710,#7711);
#7710 = CARTESIAN_POINT('',(1.79,2.9,0.));
#7711 = VECTOR('',#7712,1.);
#7712 = DIRECTION('',(0.,0.,1.));
#7713 = ORIENTED_EDGE('',*,*,#7643,.F.);
#7714 = PLANE('',#7715);
#7715 = AXIS2_PLACEMENT_3D('',#7716,#7717,#7718);
#7716 = CARTESIAN_POINT('',(1.79,-2.9,0.));
#7717 = DIRECTION('',(-1.,0.,0.));
#7718 = DIRECTION('',(0.,1.,0.));
#7719 = ADVANCED_FACE('',(#7720,#7738),#7772,.T.);
#7720 = FACE_BOUND('',#7721,.T.);
#7721 = EDGE_LOOP('',(#7722,#7730,#7736,#7737));
#7722 = ORIENTED_EDGE('',*,*,#7723,.T.);
#7723 = EDGE_CURVE('',#7701,#7724,#7726,.T.);
#7724 = VERTEX_POINT('',#7725);
#7725 = CARTESIAN_POINT('',(3.29,2.9,0.6));
#7726 = LINE('',#7727,#7728);
#7727 = CARTESIAN_POINT('',(1.79,2.9,0.6));
#7728 = VECTOR('',#7729,1.);
#7729 = DIRECTION('',(1.,0.,0.));
#7730 = ORIENTED_EDGE('',*,*,#7731,.T.);
#7731 = EDGE_CURVE('',#7724,#7331,#7732,.T.);
#7732 = LINE('',#7733,#7734);
#7733 = CARTESIAN_POINT('',(3.29,2.9,0.6));
#7734 = VECTOR('',#7735,1.);
#7735 = DIRECTION('',(0.,-1.,0.));
#7736 = ORIENTED_EDGE('',*,*,#7330,.T.);
#7737 = ORIENTED_EDGE('',*,*,#7700,.T.);
#7738 = FACE_BOUND('',#7739,.T.);
#7739 = EDGE_LOOP('',(#7740,#7750,#7758,#7766));
#7740 = ORIENTED_EDGE('',*,*,#7741,.F.);
#7741 = EDGE_CURVE('',#7742,#7744,#7746,.T.);
#7742 = VERTEX_POINT('',#7743);
#7743 = CARTESIAN_POINT('',(2.86,0.32,0.6));
#7744 = VERTEX_POINT('',#7745);
#7745 = CARTESIAN_POINT('',(2.86,-0.32,0.6));
#7746 = LINE('',#7747,#7748);
#7747 = CARTESIAN_POINT('',(2.86,0.,0.6));
#7748 = VECTOR('',#7749,1.);
#7749 = DIRECTION('',(0.,-1.,0.));
#7750 = ORIENTED_EDGE('',*,*,#7751,.T.);
#7751 = EDGE_CURVE('',#7742,#7752,#7754,.T.);
#7752 = VERTEX_POINT('',#7753);
#7753 = CARTESIAN_POINT('',(2.22,0.32,0.6));
#7754 = LINE('',#7755,#7756);
#7755 = CARTESIAN_POINT('',(2.38,0.32,0.6));
#7756 = VECTOR('',#7757,1.);
#7757 = DIRECTION('',(-1.,0.,0.));
#7758 = ORIENTED_EDGE('',*,*,#7759,.T.);
#7759 = EDGE_CURVE('',#7752,#7760,#7762,.T.);
#7760 = VERTEX_POINT('',#7761);
#7761 = CARTESIAN_POINT('',(2.22,-0.32,0.6));
#7762 = LINE('',#7763,#7764);
#7763 = CARTESIAN_POINT('',(2.22,0.,0.6));
#7764 = VECTOR('',#7765,1.);
#7765 = DIRECTION('',(0.,-1.,0.));
#7766 = ORIENTED_EDGE('',*,*,#7767,.T.);
#7767 = EDGE_CURVE('',#7760,#7744,#7768,.T.);
#7768 = LINE('',#7769,#7770);
#7769 = CARTESIAN_POINT('',(2.38,-0.32,0.6));
#7770 = VECTOR('',#7771,1.);
#7771 = DIRECTION('',(1.,0.,0.));
#7772 = PLANE('',#7773);
#7773 = AXIS2_PLACEMENT_3D('',#7774,#7775,#7776);
#7774 = CARTESIAN_POINT('',(2.54,0.,0.6));
#7775 = DIRECTION('',(-0.,-0.,-1.));
#7776 = DIRECTION('',(-1.,0.,0.));
#7777 = ADVANCED_FACE('',(#7778),#7796,.F.);
#7778 = FACE_BOUND('',#7779,.F.);
#7779 = EDGE_LOOP('',(#7780,#7788,#7789,#7790));
#7780 = ORIENTED_EDGE('',*,*,#7781,.T.);
#7781 = EDGE_CURVE('',#7782,#7724,#7784,.T.);
#7782 = VERTEX_POINT('',#7783);
#7783 = CARTESIAN_POINT('',(3.29,2.9,0.));
#7784 = LINE('',#7785,#7786);
#7785 = CARTESIAN_POINT('',(3.29,2.9,0.));
#7786 = VECTOR('',#7787,1.);
#7787 = DIRECTION('',(0.,0.,1.));
#7788 = ORIENTED_EDGE('',*,*,#7731,.T.);
#7789 = ORIENTED_EDGE('',*,*,#7338,.F.);
#7790 = ORIENTED_EDGE('',*,*,#7791,.F.);
#7791 = EDGE_CURVE('',#7782,#7339,#7792,.T.);
#7792 = LINE('',#7793,#7794);
#7793 = CARTESIAN_POINT('',(3.29,2.9,0.));
#7794 = VECTOR('',#7795,1.);
#7795 = DIRECTION('',(0.,-1.,0.));
#7796 = PLANE('',#7797);
#7797 = AXIS2_PLACEMENT_3D('',#7798,#7799,#7800);
#7798 = CARTESIAN_POINT('',(3.29,2.9,0.));
#7799 = DIRECTION('',(1.,0.,0.));
#7800 = DIRECTION('',(0.,-1.,0.));
#7801 = ADVANCED_FACE('',(#7802),#7820,.F.);
#7802 = FACE_BOUND('',#7803,.F.);
#7803 = EDGE_LOOP('',(#7804,#7805,#7806,#7814));
#7804 = ORIENTED_EDGE('',*,*,#7791,.T.);
#7805 = ORIENTED_EDGE('',*,*,#7346,.T.);
#7806 = ORIENTED_EDGE('',*,*,#7807,.T.);
#7807 = EDGE_CURVE('',#7347,#7808,#7810,.T.);
#7808 = VERTEX_POINT('',#7809);
#7809 = CARTESIAN_POINT('',(3.81,2.9,0.));
#7810 = LINE('',#7811,#7812);
#7811 = CARTESIAN_POINT('',(3.81,-2.9,0.));
#7812 = VECTOR('',#7813,1.);
#7813 = DIRECTION('',(0.,1.,0.));
#7814 = ORIENTED_EDGE('',*,*,#7815,.T.);
#7815 = EDGE_CURVE('',#7808,#7782,#7816,.T.);
#7816 = LINE('',#7817,#7818);
#7817 = CARTESIAN_POINT('',(3.81,2.9,0.));
#7818 = VECTOR('',#7819,1.);
#7819 = DIRECTION('',(-1.,0.,0.));
#7820 = PLANE('',#7821);
#7821 = AXIS2_PLACEMENT_3D('',#7822,#7823,#7824);
#7822 = CARTESIAN_POINT('',(1.27,0.,0.));
#7823 = DIRECTION('',(0.,0.,1.));
#7824 = DIRECTION('',(1.,0.,-0.));
#7825 = ADVANCED_FACE('',(#7826),#7844,.F.);
#7826 = FACE_BOUND('',#7827,.F.);
#7827 = EDGE_LOOP('',(#7828,#7829,#7837,#7843));
#7828 = ORIENTED_EDGE('',*,*,#7354,.T.);
#7829 = ORIENTED_EDGE('',*,*,#7830,.T.);
#7830 = EDGE_CURVE('',#7355,#7831,#7833,.T.);
#7831 = VERTEX_POINT('',#7832);
#7832 = CARTESIAN_POINT('',(3.81,2.9,3.17));
#7833 = LINE('',#7834,#7835);
#7834 = CARTESIAN_POINT('',(3.81,-2.9,3.17));
#7835 = VECTOR('',#7836,1.);
#7836 = DIRECTION('',(0.,1.,0.));
#7837 = ORIENTED_EDGE('',*,*,#7838,.F.);
#7838 = EDGE_CURVE('',#7808,#7831,#7839,.T.);
#7839 = LINE('',#7840,#7841);
#7840 = CARTESIAN_POINT('',(3.81,2.9,0.));
#7841 = VECTOR('',#7842,1.);
#7842 = DIRECTION('',(0.,0.,1.));
#7843 = ORIENTED_EDGE('',*,*,#7807,.F.);
#7844 = PLANE('',#7845);
#7845 = AXIS2_PLACEMENT_3D('',#7846,#7847,#7848);
#7846 = CARTESIAN_POINT('',(3.81,-2.9,0.));
#7847 = DIRECTION('',(-1.,0.,0.));
#7848 = DIRECTION('',(0.,1.,0.));
#7849 = ADVANCED_FACE('',(#7850,#7891,#7925,#7959),#7993,.T.);
#7850 = FACE_BOUND('',#7851,.T.);
#7851 = EDGE_LOOP('',(#7852,#7860,#7861,#7869,#7877,#7883,#7884,#7885));
#7852 = ORIENTED_EDGE('',*,*,#7853,.T.);
#7853 = EDGE_CURVE('',#7854,#7402,#7856,.T.);
#7854 = VERTEX_POINT('',#7855);
#7855 = CARTESIAN_POINT('',(-1.27,2.9,3.17));
#7856 = LINE('',#7857,#7858);
#7857 = CARTESIAN_POINT('',(-1.27,2.9,3.17));
#7858 = VECTOR('',#7859,1.);
#7859 = DIRECTION('',(0.,-1.,0.));
#7860 = ORIENTED_EDGE('',*,*,#7401,.T.);
#7861 = ORIENTED_EDGE('',*,*,#7862,.F.);
#7862 = EDGE_CURVE('',#7863,#7394,#7865,.T.);
#7863 = VERTEX_POINT('',#7864);
#7864 = CARTESIAN_POINT('',(0.,-1.3,3.17));
#7865 = LINE('',#7866,#7867);
#7866 = CARTESIAN_POINT('',(0.,-1.3,3.17));
#7867 = VECTOR('',#7868,1.);
#7868 = DIRECTION('',(-0.,-1.,-0.));
#7869 = ORIENTED_EDGE('',*,*,#7870,.F.);
#7870 = EDGE_CURVE('',#7871,#7863,#7873,.T.);
#7871 = VERTEX_POINT('',#7872);
#7872 = CARTESIAN_POINT('',(2.54,-1.3,3.17));
#7873 = LINE('',#7874,#7875);
#7874 = CARTESIAN_POINT('',(1.27,-1.3,3.17));
#7875 = VECTOR('',#7876,1.);
#7876 = DIRECTION('',(-1.,-0.,-0.));
#7877 = ORIENTED_EDGE('',*,*,#7878,.T.);
#7878 = EDGE_CURVE('',#7871,#7363,#7879,.T.);
#7879 = LINE('',#7880,#7881);
#7880 = CARTESIAN_POINT('',(2.54,-1.3,3.17));
#7881 = VECTOR('',#7882,1.);
#7882 = DIRECTION('',(0.,-1.,0.));
#7883 = ORIENTED_EDGE('',*,*,#7362,.T.);
#7884 = ORIENTED_EDGE('',*,*,#7830,.T.);
#7885 = ORIENTED_EDGE('',*,*,#7886,.T.);
#7886 = EDGE_CURVE('',#7831,#7854,#7887,.T.);
#7887 = LINE('',#7888,#7889);
#7888 = CARTESIAN_POINT('',(3.81,2.9,3.17));
#7889 = VECTOR('',#7890,1.);
#7890 = DIRECTION('',(-1.,0.,0.));
#7891 = FACE_BOUND('',#7892,.T.);
#7892 = EDGE_LOOP('',(#7893,#7903,#7911,#7919));
#7893 = ORIENTED_EDGE('',*,*,#7894,.F.);
#7894 = EDGE_CURVE('',#7895,#7897,#7899,.T.);
#7895 = VERTEX_POINT('',#7896);
#7896 = CARTESIAN_POINT('',(2.86,-0.32,3.17));
#7897 = VERTEX_POINT('',#7898);
#7898 = CARTESIAN_POINT('',(2.86,0.32,3.17));
#7899 = LINE('',#7900,#7901);
#7900 = CARTESIAN_POINT('',(2.86,0.,3.17));
#7901 = VECTOR('',#7902,1.);
#7902 = DIRECTION('',(0.,1.,0.));
#7903 = ORIENTED_EDGE('',*,*,#7904,.T.);
#7904 = EDGE_CURVE('',#7895,#7905,#7907,.T.);
#7905 = VERTEX_POINT('',#7906);
#7906 = CARTESIAN_POINT('',(2.22,-0.32,3.17));
#7907 = LINE('',#7908,#7909);
#7908 = CARTESIAN_POINT('',(1.745,-0.32,3.17));
#7909 = VECTOR('',#7910,1.);
#7910 = DIRECTION('',(-1.,0.,0.));
#7911 = ORIENTED_EDGE('',*,*,#7912,.T.);
#7912 = EDGE_CURVE('',#7905,#7913,#7915,.T.);
#7913 = VERTEX_POINT('',#7914);
#7914 = CARTESIAN_POINT('',(2.22,0.32,3.17));
#7915 = LINE('',#7916,#7917);
#7916 = CARTESIAN_POINT('',(2.22,0.,3.17));
#7917 = VECTOR('',#7918,1.);
#7918 = DIRECTION('',(0.,1.,0.));
#7919 = ORIENTED_EDGE('',*,*,#7920,.T.);
#7920 = EDGE_CURVE('',#7913,#7897,#7921,.T.);
#7921 = LINE('',#7922,#7923);
#7922 = CARTESIAN_POINT('',(1.745,0.32,3.17));
#7923 = VECTOR('',#7924,1.);
#7924 = DIRECTION('',(1.,0.,0.));
#7925 = FACE_BOUND('',#7926,.T.);
#7926 = EDGE_LOOP('',(#7927,#7937,#7945,#7953));
#7927 = ORIENTED_EDGE('',*,*,#7928,.F.);
#7928 = EDGE_CURVE('',#7929,#7931,#7933,.T.);
#7929 = VERTEX_POINT('',#7930);
#7930 = CARTESIAN_POINT('',(1.57,0.6,3.17));
#7931 = VERTEX_POINT('',#7932);
#7932 = CARTESIAN_POINT('',(0.97,0.6,3.17));
#7933 = LINE('',#7934,#7935);
#7934 = CARTESIAN_POINT('',(1.57,0.6,3.17));
#7935 = VECTOR('',#7936,1.);
#7936 = DIRECTION('',(-1.,0.,0.));
#7937 = ORIENTED_EDGE('',*,*,#7938,.F.);
#7938 = EDGE_CURVE('',#7939,#7929,#7941,.T.);
#7939 = VERTEX_POINT('',#7940);
#7940 = CARTESIAN_POINT('',(1.57,-0.6,3.17));
#7941 = LINE('',#7942,#7943);
#7942 = CARTESIAN_POINT('',(1.57,-0.6,3.17));
#7943 = VECTOR('',#7944,1.);
#7944 = DIRECTION('',(0.,1.,0.));
#7945 = ORIENTED_EDGE('',*,*,#7946,.F.);
#7946 = EDGE_CURVE('',#7947,#7939,#7949,.T.);
#7947 = VERTEX_POINT('',#7948);
#7948 = CARTESIAN_POINT('',(0.97,-0.6,3.17));
#7949 = LINE('',#7950,#7951);
#7950 = CARTESIAN_POINT('',(0.97,-0.6,3.17));
#7951 = VECTOR('',#7952,1.);
#7952 = DIRECTION('',(1.,0.,0.));
#7953 = ORIENTED_EDGE('',*,*,#7954,.F.);
#7954 = EDGE_CURVE('',#7931,#7947,#7955,.T.);
#7955 = LINE('',#7956,#7957);
#7956 = CARTESIAN_POINT('',(0.97,0.6,3.17));
#7957 = VECTOR('',#7958,1.);
#7958 = DIRECTION('',(0.,-1.,0.));
#7959 = FACE_BOUND('',#7960,.T.);
#7960 = EDGE_LOOP('',(#7961,#7971,#7979,#7987));
#7961 = ORIENTED_EDGE('',*,*,#7962,.F.);
#7962 = EDGE_CURVE('',#7963,#7965,#7967,.T.);
#7963 = VERTEX_POINT('',#7964);
#7964 = CARTESIAN_POINT('',(0.32,-0.32,3.17));
#7965 = VERTEX_POINT('',#7966);
#7966 = CARTESIAN_POINT('',(0.32,0.32,3.17));
#7967 = LINE('',#7968,#7969);
#7968 = CARTESIAN_POINT('',(0.32,0.,3.17));
#7969 = VECTOR('',#7970,1.);
#7970 = DIRECTION('',(0.,1.,0.));
#7971 = ORIENTED_EDGE('',*,*,#7972,.T.);
#7972 = EDGE_CURVE('',#7963,#7973,#7975,.T.);
#7973 = VERTEX_POINT('',#7974);
#7974 = CARTESIAN_POINT('',(-0.32,-0.32,3.17));
#7975 = LINE('',#7976,#7977);
#7976 = CARTESIAN_POINT('',(0.475,-0.32,3.17));
#7977 = VECTOR('',#7978,1.);
#7978 = DIRECTION('',(-1.,0.,0.));
#7979 = ORIENTED_EDGE('',*,*,#7980,.T.);
#7980 = EDGE_CURVE('',#7973,#7981,#7983,.T.);
#7981 = VERTEX_POINT('',#7982);
#7982 = CARTESIAN_POINT('',(-0.32,0.32,3.17));
#7983 = LINE('',#7984,#7985);
#7984 = CARTESIAN_POINT('',(-0.32,0.,3.17));
#7985 = VECTOR('',#7986,1.);
#7986 = DIRECTION('',(0.,1.,0.));
#7987 = ORIENTED_EDGE('',*,*,#7988,.T.);
#7988 = EDGE_CURVE('',#7981,#7965,#7989,.T.);
#7989 = LINE('',#7990,#7991);
#7990 = CARTESIAN_POINT('',(0.475,0.32,3.17));
#7991 = VECTOR('',#7992,1.);
#7992 = DIRECTION('',(1.,0.,0.));
#7993 = PLANE('',#7994);
#7994 = AXIS2_PLACEMENT_3D('',#7995,#7996,#7997);
#7995 = CARTESIAN_POINT('',(1.27,0.,3.17));
#7996 = DIRECTION('',(0.,0.,1.));
#7997 = DIRECTION('',(1.,0.,-0.));
#7998 = ADVANCED_FACE('',(#7999),#8044,.F.);
#7999 = FACE_BOUND('',#8000,.F.);
#8000 = EDGE_LOOP('',(#8001,#8002,#8003,#8004,#8012,#8020,#8028,#8036,
    #8043));
#8001 = ORIENTED_EDGE('',*,*,#7370,.T.);
#8002 = ORIENTED_EDGE('',*,*,#7433,.T.);
#8003 = ORIENTED_EDGE('',*,*,#7449,.T.);
#8004 = ORIENTED_EDGE('',*,*,#8005,.T.);
#8005 = EDGE_CURVE('',#7450,#8006,#8008,.T.);
#8006 = VERTEX_POINT('',#8007);
#8007 = CARTESIAN_POINT('',(2.54,-1.4,7.));
#8008 = LINE('',#8009,#8010);
#8009 = CARTESIAN_POINT('',(2.54,-1.9,7.9));
#8010 = VECTOR('',#8011,1.);
#8011 = DIRECTION('',(0.,0.485642931179,-0.874157276121));
#8012 = ORIENTED_EDGE('',*,*,#8013,.T.);
#8013 = EDGE_CURVE('',#8006,#8014,#8016,.T.);
#8014 = VERTEX_POINT('',#8015);
#8015 = CARTESIAN_POINT('',(2.54,-1.4,6.));
#8016 = LINE('',#8017,#8018);
#8017 = CARTESIAN_POINT('',(2.54,-1.4,7.));
#8018 = VECTOR('',#8019,1.);
#8019 = DIRECTION('',(0.,0.,-1.));
#8020 = ORIENTED_EDGE('',*,*,#8021,.T.);
#8021 = EDGE_CURVE('',#8014,#8022,#8024,.T.);
#8022 = VERTEX_POINT('',#8023);
#8023 = CARTESIAN_POINT('',(2.54,-1.9,5.5));
#8024 = LINE('',#8025,#8026);
#8025 = CARTESIAN_POINT('',(2.54,-1.4,6.));
#8026 = VECTOR('',#8027,1.);
#8027 = DIRECTION('',(0.,-0.707106781187,-0.707106781187));
#8028 = ORIENTED_EDGE('',*,*,#8029,.T.);
#8029 = EDGE_CURVE('',#8022,#8030,#8032,.T.);
#8030 = VERTEX_POINT('',#8031);
#8031 = CARTESIAN_POINT('',(2.54,-1.9,3.8));
#8032 = LINE('',#8033,#8034);
#8033 = CARTESIAN_POINT('',(2.54,-1.9,5.5));
#8034 = VECTOR('',#8035,1.);
#8035 = DIRECTION('',(0.,0.,-1.));
#8036 = ORIENTED_EDGE('',*,*,#8037,.T.);
#8037 = EDGE_CURVE('',#8030,#7871,#8038,.T.);
#8038 = CIRCLE('',#8039,0.601382070665);
#8039 = AXIS2_PLACEMENT_3D('',#8040,#8041,#8042);
#8040 = CARTESIAN_POINT('',(2.54,-1.299299254479,3.771381662401));
#8041 = DIRECTION('',(1.,0.,0.));
#8042 = DIRECTION('',(0.,-0.998867067749,4.758761359E-02));
#8043 = ORIENTED_EDGE('',*,*,#7878,.T.);
#8044 = PLANE('',#8045);
#8045 = AXIS2_PLACEMENT_3D('',#8046,#8047,#8048);
#8046 = CARTESIAN_POINT('',(2.54,-2.303583274757,7.224177570025));
#8047 = DIRECTION('',(-1.,-0.,-0.));
#8048 = DIRECTION('',(0.,0.,-1.));
#8049 = ADVANCED_FACE('',(#8050),#8095,.F.);
#8050 = FACE_BOUND('',#8051,.T.);
#8051 = EDGE_LOOP('',(#8052,#8053,#8054,#8055,#8063,#8071,#8079,#8087,
    #8094));
#8052 = ORIENTED_EDGE('',*,*,#7393,.T.);
#8053 = ORIENTED_EDGE('',*,*,#7490,.T.);
#8054 = ORIENTED_EDGE('',*,*,#7465,.T.);
#8055 = ORIENTED_EDGE('',*,*,#8056,.T.);
#8056 = EDGE_CURVE('',#7458,#8057,#8059,.T.);
#8057 = VERTEX_POINT('',#8058);
#8058 = CARTESIAN_POINT('',(0.,-1.4,7.));
#8059 = LINE('',#8060,#8061);
#8060 = CARTESIAN_POINT('',(0.,-1.9,7.9));
#8061 = VECTOR('',#8062,1.);
#8062 = DIRECTION('',(0.,0.485642931179,-0.874157276121));
#8063 = ORIENTED_EDGE('',*,*,#8064,.T.);
#8064 = EDGE_CURVE('',#8057,#8065,#8067,.T.);
#8065 = VERTEX_POINT('',#8066);
#8066 = CARTESIAN_POINT('',(0.,-1.4,6.));
#8067 = LINE('',#8068,#8069);
#8068 = CARTESIAN_POINT('',(0.,-1.4,7.));
#8069 = VECTOR('',#8070,1.);
#8070 = DIRECTION('',(-0.,-0.,-1.));
#8071 = ORIENTED_EDGE('',*,*,#8072,.T.);
#8072 = EDGE_CURVE('',#8065,#8073,#8075,.T.);
#8073 = VERTEX_POINT('',#8074);
#8074 = CARTESIAN_POINT('',(0.,-1.9,5.5));
#8075 = LINE('',#8076,#8077);
#8076 = CARTESIAN_POINT('',(0.,-1.4,6.));
#8077 = VECTOR('',#8078,1.);
#8078 = DIRECTION('',(-0.,-0.707106781187,-0.707106781187));
#8079 = ORIENTED_EDGE('',*,*,#8080,.T.);
#8080 = EDGE_CURVE('',#8073,#8081,#8083,.T.);
#8081 = VERTEX_POINT('',#8082);
#8082 = CARTESIAN_POINT('',(0.,-1.9,3.8));
#8083 = LINE('',#8084,#8085);
#8084 = CARTESIAN_POINT('',(0.,-1.9,5.5));
#8085 = VECTOR('',#8086,1.);
#8086 = DIRECTION('',(-0.,-0.,-1.));
#8087 = ORIENTED_EDGE('',*,*,#8088,.T.);
#8088 = EDGE_CURVE('',#8081,#7863,#8089,.T.);
#8089 = CIRCLE('',#8090,0.601382070665);
#8090 = AXIS2_PLACEMENT_3D('',#8091,#8092,#8093);
#8091 = CARTESIAN_POINT('',(0.,-1.299299254479,3.771381662401));
#8092 = DIRECTION('',(1.,0.,0.));
#8093 = DIRECTION('',(0.,-0.998867067749,4.758761359E-02));
#8094 = ORIENTED_EDGE('',*,*,#7862,.T.);
#8095 = PLANE('',#8096);
#8096 = AXIS2_PLACEMENT_3D('',#8097,#8098,#8099);
#8097 = CARTESIAN_POINT('',(0.,-2.303583274757,7.224177570025));
#8098 = DIRECTION('',(1.,0.,0.));
#8099 = DIRECTION('',(0.,0.,1.));
#8100 = ADVANCED_FACE('',(#8101),#8112,.F.);
#8101 = FACE_BOUND('',#8102,.F.);
#8102 = EDGE_LOOP('',(#8103,#8109,#8110,#8111));
#8103 = ORIENTED_EDGE('',*,*,#8104,.T.);
#8104 = EDGE_CURVE('',#7505,#7854,#8105,.T.);
#8105 = LINE('',#8106,#8107);
#8106 = CARTESIAN_POINT('',(-1.27,2.9,0.));
#8107 = VECTOR('',#8108,1.);
#8108 = DIRECTION('',(0.,0.,1.));
#8109 = ORIENTED_EDGE('',*,*,#7853,.T.);
#8110 = ORIENTED_EDGE('',*,*,#7409,.F.);
#8111 = ORIENTED_EDGE('',*,*,#7504,.F.);
#8112 = PLANE('',#8113);
#8113 = AXIS2_PLACEMENT_3D('',#8114,#8115,#8116);
#8114 = CARTESIAN_POINT('',(-1.27,2.9,0.));
#8115 = DIRECTION('',(1.,0.,0.));
#8116 = DIRECTION('',(0.,-1.,0.));
#8117 = ADVANCED_FACE('',(#8118),#8129,.T.);
#8118 = FACE_BOUND('',#8119,.T.);
#8119 = EDGE_LOOP('',(#8120,#8121,#8122,#8128));
#8120 = ORIENTED_EDGE('',*,*,#7457,.T.);
#8121 = ORIENTED_EDGE('',*,*,#8005,.T.);
#8122 = ORIENTED_EDGE('',*,*,#8123,.F.);
#8123 = EDGE_CURVE('',#8057,#8006,#8124,.T.);
#8124 = LINE('',#8125,#8126);
#8125 = CARTESIAN_POINT('',(1.27,-1.4,7.));
#8126 = VECTOR('',#8127,1.);
#8127 = DIRECTION('',(1.,0.,0.));
#8128 = ORIENTED_EDGE('',*,*,#8056,.F.);
#8129 = PLANE('',#8130);
#8130 = AXIS2_PLACEMENT_3D('',#8131,#8132,#8133);
#8131 = CARTESIAN_POINT('',(1.27,-1.65,7.45));
#8132 = DIRECTION('',(4.615494888525E-19,0.874157276121,0.485642931179)
  );
#8133 = DIRECTION('',(0.,-0.485642931179,0.874157276121));
#8134 = ADVANCED_FACE('',(#8135),#8149,.F.);
#8135 = FACE_BOUND('',#8136,.F.);
#8136 = EDGE_LOOP('',(#8137,#8138,#8139,#8140,#8141,#8142,#8143,#8144,
    #8145,#8146,#8147,#8148));
#8137 = ORIENTED_EDGE('',*,*,#7815,.F.);
#8138 = ORIENTED_EDGE('',*,*,#7838,.T.);
#8139 = ORIENTED_EDGE('',*,*,#7886,.T.);
#8140 = ORIENTED_EDGE('',*,*,#8104,.F.);
#8141 = ORIENTED_EDGE('',*,*,#7521,.F.);
#8142 = ORIENTED_EDGE('',*,*,#7544,.T.);
#8143 = ORIENTED_EDGE('',*,*,#7559,.T.);
#8144 = ORIENTED_EDGE('',*,*,#7617,.F.);
#8145 = ORIENTED_EDGE('',*,*,#7651,.F.);
#8146 = ORIENTED_EDGE('',*,*,#7708,.T.);
#8147 = ORIENTED_EDGE('',*,*,#7723,.T.);
#8148 = ORIENTED_EDGE('',*,*,#7781,.F.);
#8149 = PLANE('',#8150);
#8150 = AXIS2_PLACEMENT_3D('',#8151,#8152,#8153);
#8151 = CARTESIAN_POINT('',(3.81,2.9,0.));
#8152 = DIRECTION('',(0.,-1.,0.));
#8153 = DIRECTION('',(-1.,0.,0.));
#8154 = ADVANCED_FACE('',(#8155),#8180,.F.);
#8155 = FACE_BOUND('',#8156,.F.);
#8156 = EDGE_LOOP('',(#8157,#8167,#8173,#8174));
#8157 = ORIENTED_EDGE('',*,*,#8158,.T.);
#8158 = EDGE_CURVE('',#8159,#8161,#8163,.T.);
#8159 = VERTEX_POINT('',#8160);
#8160 = CARTESIAN_POINT('',(-0.32,-0.32,-3.31));
#8161 = VERTEX_POINT('',#8162);
#8162 = CARTESIAN_POINT('',(-0.32,0.32,-3.31));
#8163 = LINE('',#8164,#8165);
#8164 = CARTESIAN_POINT('',(-0.32,-0.32,-3.31));
#8165 = VECTOR('',#8166,1.);
#8166 = DIRECTION('',(0.,1.,0.));
#8167 = ORIENTED_EDGE('',*,*,#8168,.T.);
#8168 = EDGE_CURVE('',#8161,#7578,#8169,.T.);
#8169 = LINE('',#8170,#8171);
#8170 = CARTESIAN_POINT('',(-0.32,0.32,-3.56));
#8171 = VECTOR('',#8172,1.);
#8172 = DIRECTION('',(0.,0.,1.));
#8173 = ORIENTED_EDGE('',*,*,#7577,.T.);
#8174 = ORIENTED_EDGE('',*,*,#8175,.T.);
#8175 = EDGE_CURVE('',#7580,#8159,#8176,.T.);
#8176 = LINE('',#8177,#8178);
#8177 = CARTESIAN_POINT('',(-0.32,-0.32,10.66));
#8178 = VECTOR('',#8179,1.);
#8179 = DIRECTION('',(0.,0.,-1.));
#8180 = PLANE('',#8181);
#8181 = AXIS2_PLACEMENT_3D('',#8182,#8183,#8184);
#8182 = CARTESIAN_POINT('',(-0.32,0.,3.55));
#8183 = DIRECTION('',(1.,0.,0.));
#8184 = DIRECTION('',(0.,0.,1.));
#8185 = ADVANCED_FACE('',(#8186),#8204,.F.);
#8186 = FACE_BOUND('',#8187,.F.);
#8187 = EDGE_LOOP('',(#8188,#8189,#8197,#8203));
#8188 = ORIENTED_EDGE('',*,*,#8168,.F.);
#8189 = ORIENTED_EDGE('',*,*,#8190,.T.);
#8190 = EDGE_CURVE('',#8161,#8191,#8193,.T.);
#8191 = VERTEX_POINT('',#8192);
#8192 = CARTESIAN_POINT('',(0.32,0.32,-3.31));
#8193 = LINE('',#8194,#8195);
#8194 = CARTESIAN_POINT('',(-7.E-02,0.32,-3.31));
#8195 = VECTOR('',#8196,1.);
#8196 = DIRECTION('',(1.,0.,0.));
#8197 = ORIENTED_EDGE('',*,*,#8198,.T.);
#8198 = EDGE_CURVE('',#8191,#7596,#8199,.T.);
#8199 = LINE('',#8200,#8201);
#8200 = CARTESIAN_POINT('',(0.32,0.32,-3.56));
#8201 = VECTOR('',#8202,1.);
#8202 = DIRECTION('',(0.,0.,1.));
#8203 = ORIENTED_EDGE('',*,*,#7603,.T.);
#8204 = PLANE('',#8205);
#8205 = AXIS2_PLACEMENT_3D('',#8206,#8207,#8208);
#8206 = CARTESIAN_POINT('',(-0.32,0.32,-3.56));
#8207 = DIRECTION('',(0.,-1.,0.));
#8208 = DIRECTION('',(0.,0.,1.));
#8209 = ADVANCED_FACE('',(#8210),#8228,.T.);
#8210 = FACE_BOUND('',#8211,.T.);
#8211 = EDGE_LOOP('',(#8212,#8220,#8221,#8222));
#8212 = ORIENTED_EDGE('',*,*,#8213,.T.);
#8213 = EDGE_CURVE('',#8214,#8191,#8216,.T.);
#8214 = VERTEX_POINT('',#8215);
#8215 = CARTESIAN_POINT('',(0.32,-0.32,-3.31));
#8216 = LINE('',#8217,#8218);
#8217 = CARTESIAN_POINT('',(0.32,-0.32,-3.31));
#8218 = VECTOR('',#8219,1.);
#8219 = DIRECTION('',(0.,1.,0.));
#8220 = ORIENTED_EDGE('',*,*,#8198,.T.);
#8221 = ORIENTED_EDGE('',*,*,#7595,.T.);
#8222 = ORIENTED_EDGE('',*,*,#8223,.T.);
#8223 = EDGE_CURVE('',#7588,#8214,#8224,.T.);
#8224 = LINE('',#8225,#8226);
#8225 = CARTESIAN_POINT('',(0.32,-0.32,10.66));
#8226 = VECTOR('',#8227,1.);
#8227 = DIRECTION('',(0.,0.,-1.));
#8228 = PLANE('',#8229);
#8229 = AXIS2_PLACEMENT_3D('',#8230,#8231,#8232);
#8230 = CARTESIAN_POINT('',(0.32,0.,3.55));
#8231 = DIRECTION('',(1.,0.,0.));
#8232 = DIRECTION('',(0.,0.,1.));
#8233 = ADVANCED_FACE('',(#8234),#8245,.F.);
#8234 = FACE_BOUND('',#8235,.F.);
#8235 = EDGE_LOOP('',(#8236,#8242,#8243,#8244));
#8236 = ORIENTED_EDGE('',*,*,#8237,.F.);
#8237 = EDGE_CURVE('',#8159,#8214,#8238,.T.);
#8238 = LINE('',#8239,#8240);
#8239 = CARTESIAN_POINT('',(-7.E-02,-0.32,-3.31));
#8240 = VECTOR('',#8241,1.);
#8241 = DIRECTION('',(1.,0.,0.));
#8242 = ORIENTED_EDGE('',*,*,#8175,.F.);
#8243 = ORIENTED_EDGE('',*,*,#7587,.T.);
#8244 = ORIENTED_EDGE('',*,*,#8223,.T.);
#8245 = PLANE('',#8246);
#8246 = AXIS2_PLACEMENT_3D('',#8247,#8248,#8249);
#8247 = CARTESIAN_POINT('',(-0.32,-0.32,10.66));
#8248 = DIRECTION('',(0.,1.,0.));
#8249 = DIRECTION('',(0.,0.,-1.));
#8250 = ADVANCED_FACE('',(#8251),#8267,.F.);
#8251 = FACE_BOUND('',#8252,.F.);
#8252 = EDGE_LOOP('',(#8253,#8254,#8260,#8261));
#8253 = ORIENTED_EDGE('',*,*,#7954,.F.);
#8254 = ORIENTED_EDGE('',*,*,#8255,.T.);
#8255 = EDGE_CURVE('',#7931,#7660,#8256,.T.);
#8256 = LINE('',#8257,#8258);
#8257 = CARTESIAN_POINT('',(0.97,0.6,3.17));
#8258 = VECTOR('',#8259,1.);
#8259 = DIRECTION('',(-0.,-0.,-1.));
#8260 = ORIENTED_EDGE('',*,*,#7659,.T.);
#8261 = ORIENTED_EDGE('',*,*,#8262,.F.);
#8262 = EDGE_CURVE('',#7947,#7662,#8263,.T.);
#8263 = LINE('',#8264,#8265);
#8264 = CARTESIAN_POINT('',(0.97,-0.6,3.17));
#8265 = VECTOR('',#8266,1.);
#8266 = DIRECTION('',(-0.,-0.,-1.));
#8267 = PLANE('',#8268);
#8268 = AXIS2_PLACEMENT_3D('',#8269,#8270,#8271);
#8269 = CARTESIAN_POINT('',(0.97,0.6,3.17));
#8270 = DIRECTION('',(-1.,0.,0.));
#8271 = DIRECTION('',(0.,-1.,0.));
#8272 = ADVANCED_FACE('',(#8273),#8284,.F.);
#8273 = FACE_BOUND('',#8274,.F.);
#8274 = EDGE_LOOP('',(#8275,#8276,#8277,#8278));
#8275 = ORIENTED_EDGE('',*,*,#7946,.F.);
#8276 = ORIENTED_EDGE('',*,*,#8262,.T.);
#8277 = ORIENTED_EDGE('',*,*,#7685,.T.);
#8278 = ORIENTED_EDGE('',*,*,#8279,.F.);
#8279 = EDGE_CURVE('',#7939,#7678,#8280,.T.);
#8280 = LINE('',#8281,#8282);
#8281 = CARTESIAN_POINT('',(1.57,-0.6,3.17));
#8282 = VECTOR('',#8283,1.);
#8283 = DIRECTION('',(-0.,-0.,-1.));
#8284 = PLANE('',#8285);
#8285 = AXIS2_PLACEMENT_3D('',#8286,#8287,#8288);
#8286 = CARTESIAN_POINT('',(0.97,-0.6,3.17));
#8287 = DIRECTION('',(0.,-1.,0.));
#8288 = DIRECTION('',(1.,0.,0.));
#8289 = ADVANCED_FACE('',(#8290),#8301,.F.);
#8290 = FACE_BOUND('',#8291,.F.);
#8291 = EDGE_LOOP('',(#8292,#8293,#8294,#8295));
#8292 = ORIENTED_EDGE('',*,*,#7938,.F.);
#8293 = ORIENTED_EDGE('',*,*,#8279,.T.);
#8294 = ORIENTED_EDGE('',*,*,#7677,.T.);
#8295 = ORIENTED_EDGE('',*,*,#8296,.F.);
#8296 = EDGE_CURVE('',#7929,#7670,#8297,.T.);
#8297 = LINE('',#8298,#8299);
#8298 = CARTESIAN_POINT('',(1.57,0.6,3.17));
#8299 = VECTOR('',#8300,1.);
#8300 = DIRECTION('',(-0.,-0.,-1.));
#8301 = PLANE('',#8302);
#8302 = AXIS2_PLACEMENT_3D('',#8303,#8304,#8305);
#8303 = CARTESIAN_POINT('',(1.57,-0.6,3.17));
#8304 = DIRECTION('',(1.,0.,0.));
#8305 = DIRECTION('',(-0.,1.,0.));
#8306 = ADVANCED_FACE('',(#8307),#8313,.F.);
#8307 = FACE_BOUND('',#8308,.F.);
#8308 = EDGE_LOOP('',(#8309,#8310,#8311,#8312));
#8309 = ORIENTED_EDGE('',*,*,#7928,.F.);
#8310 = ORIENTED_EDGE('',*,*,#8296,.T.);
#8311 = ORIENTED_EDGE('',*,*,#7669,.T.);
#8312 = ORIENTED_EDGE('',*,*,#8255,.F.);
#8313 = PLANE('',#8314);
#8314 = AXIS2_PLACEMENT_3D('',#8315,#8316,#8317);
#8315 = CARTESIAN_POINT('',(1.57,0.6,3.17));
#8316 = DIRECTION('',(0.,1.,0.));
#8317 = DIRECTION('',(-1.,0.,0.));
#8318 = ADVANCED_FACE('',(#8319),#8344,.T.);
#8319 = FACE_BOUND('',#8320,.T.);
#8320 = EDGE_LOOP('',(#8321,#8331,#8337,#8338));
#8321 = ORIENTED_EDGE('',*,*,#8322,.T.);
#8322 = EDGE_CURVE('',#8323,#8325,#8327,.T.);
#8323 = VERTEX_POINT('',#8324);
#8324 = CARTESIAN_POINT('',(2.86,-0.32,-3.31));
#8325 = VERTEX_POINT('',#8326);
#8326 = CARTESIAN_POINT('',(2.86,0.32,-3.31));
#8327 = LINE('',#8328,#8329);
#8328 = CARTESIAN_POINT('',(2.86,-0.32,-3.31));
#8329 = VECTOR('',#8330,1.);
#8330 = DIRECTION('',(0.,1.,0.));
#8331 = ORIENTED_EDGE('',*,*,#8332,.T.);
#8332 = EDGE_CURVE('',#8325,#7742,#8333,.T.);
#8333 = LINE('',#8334,#8335);
#8334 = CARTESIAN_POINT('',(2.86,0.32,-3.56));
#8335 = VECTOR('',#8336,1.);
#8336 = DIRECTION('',(0.,0.,1.));
#8337 = ORIENTED_EDGE('',*,*,#7741,.T.);
#8338 = ORIENTED_EDGE('',*,*,#8339,.T.);
#8339 = EDGE_CURVE('',#7744,#8323,#8340,.T.);
#8340 = LINE('',#8341,#8342);
#8341 = CARTESIAN_POINT('',(2.86,-0.32,10.66));
#8342 = VECTOR('',#8343,1.);
#8343 = DIRECTION('',(0.,0.,-1.));
#8344 = PLANE('',#8345);
#8345 = AXIS2_PLACEMENT_3D('',#8346,#8347,#8348);
#8346 = CARTESIAN_POINT('',(2.86,0.,3.55));
#8347 = DIRECTION('',(1.,0.,0.));
#8348 = DIRECTION('',(0.,0.,1.));
#8349 = ADVANCED_FACE('',(#8350),#8368,.F.);
#8350 = FACE_BOUND('',#8351,.F.);
#8351 = EDGE_LOOP('',(#8352,#8360,#8366,#8367));
#8352 = ORIENTED_EDGE('',*,*,#8353,.F.);
#8353 = EDGE_CURVE('',#8354,#8323,#8356,.T.);
#8354 = VERTEX_POINT('',#8355);
#8355 = CARTESIAN_POINT('',(2.22,-0.32,-3.31));
#8356 = LINE('',#8357,#8358);
#8357 = CARTESIAN_POINT('',(2.47,-0.32,-3.31));
#8358 = VECTOR('',#8359,1.);
#8359 = DIRECTION('',(1.,0.,0.));
#8360 = ORIENTED_EDGE('',*,*,#8361,.F.);
#8361 = EDGE_CURVE('',#7760,#8354,#8362,.T.);
#8362 = LINE('',#8363,#8364);
#8363 = CARTESIAN_POINT('',(2.22,-0.32,10.66));
#8364 = VECTOR('',#8365,1.);
#8365 = DIRECTION('',(0.,0.,-1.));
#8366 = ORIENTED_EDGE('',*,*,#7767,.T.);
#8367 = ORIENTED_EDGE('',*,*,#8339,.T.);
#8368 = PLANE('',#8369);
#8369 = AXIS2_PLACEMENT_3D('',#8370,#8371,#8372);
#8370 = CARTESIAN_POINT('',(2.22,-0.32,10.66));
#8371 = DIRECTION('',(0.,1.,0.));
#8372 = DIRECTION('',(0.,0.,-1.));
#8373 = ADVANCED_FACE('',(#8374),#8392,.F.);
#8374 = FACE_BOUND('',#8375,.F.);
#8375 = EDGE_LOOP('',(#8376,#8384,#8390,#8391));
#8376 = ORIENTED_EDGE('',*,*,#8377,.T.);
#8377 = EDGE_CURVE('',#8354,#8378,#8380,.T.);
#8378 = VERTEX_POINT('',#8379);
#8379 = CARTESIAN_POINT('',(2.22,0.32,-3.31));
#8380 = LINE('',#8381,#8382);
#8381 = CARTESIAN_POINT('',(2.22,-0.32,-3.31));
#8382 = VECTOR('',#8383,1.);
#8383 = DIRECTION('',(0.,1.,0.));
#8384 = ORIENTED_EDGE('',*,*,#8385,.T.);
#8385 = EDGE_CURVE('',#8378,#7752,#8386,.T.);
#8386 = LINE('',#8387,#8388);
#8387 = CARTESIAN_POINT('',(2.22,0.32,-3.56));
#8388 = VECTOR('',#8389,1.);
#8389 = DIRECTION('',(0.,0.,1.));
#8390 = ORIENTED_EDGE('',*,*,#7759,.T.);
#8391 = ORIENTED_EDGE('',*,*,#8361,.T.);
#8392 = PLANE('',#8393);
#8393 = AXIS2_PLACEMENT_3D('',#8394,#8395,#8396);
#8394 = CARTESIAN_POINT('',(2.22,0.,3.55));
#8395 = DIRECTION('',(1.,0.,0.));
#8396 = DIRECTION('',(0.,0.,1.));
#8397 = ADVANCED_FACE('',(#8398),#8409,.F.);
#8398 = FACE_BOUND('',#8399,.F.);
#8399 = EDGE_LOOP('',(#8400,#8401,#8407,#8408));
#8400 = ORIENTED_EDGE('',*,*,#8385,.F.);
#8401 = ORIENTED_EDGE('',*,*,#8402,.T.);
#8402 = EDGE_CURVE('',#8378,#8325,#8403,.T.);
#8403 = LINE('',#8404,#8405);
#8404 = CARTESIAN_POINT('',(2.47,0.32,-3.31));
#8405 = VECTOR('',#8406,1.);
#8406 = DIRECTION('',(1.,0.,0.));
#8407 = ORIENTED_EDGE('',*,*,#8332,.T.);
#8408 = ORIENTED_EDGE('',*,*,#7751,.T.);
#8409 = PLANE('',#8410);
#8410 = AXIS2_PLACEMENT_3D('',#8411,#8412,#8413);
#8411 = CARTESIAN_POINT('',(2.22,0.32,-3.56));
#8412 = DIRECTION('',(0.,-1.,0.));
#8413 = DIRECTION('',(0.,0.,1.));
#8414 = ADVANCED_FACE('',(#8415),#8426,.F.);
#8415 = FACE_BOUND('',#8416,.F.);
#8416 = EDGE_LOOP('',(#8417,#8418,#8424,#8425));
#8417 = ORIENTED_EDGE('',*,*,#8037,.F.);
#8418 = ORIENTED_EDGE('',*,*,#8419,.F.);
#8419 = EDGE_CURVE('',#8081,#8030,#8420,.T.);
#8420 = LINE('',#8421,#8422);
#8421 = CARTESIAN_POINT('',(1.27,-1.9,3.8));
#8422 = VECTOR('',#8423,1.);
#8423 = DIRECTION('',(1.,0.,0.));
#8424 = ORIENTED_EDGE('',*,*,#8088,.T.);
#8425 = ORIENTED_EDGE('',*,*,#7870,.F.);
#8426 = CYLINDRICAL_SURFACE('',#8427,0.601382070665);
#8427 = AXIS2_PLACEMENT_3D('',#8428,#8429,#8430);
#8428 = CARTESIAN_POINT('',(1.27,-1.299299254479,3.771381662401));
#8429 = DIRECTION('',(-1.,-0.,-0.));
#8430 = DIRECTION('',(0.,-0.998867067749,4.758761359E-02));
#8431 = ADVANCED_FACE('',(#8432),#8457,.T.);
#8432 = FACE_BOUND('',#8433,.T.);
#8433 = EDGE_LOOP('',(#8434,#8435,#8443,#8451));
#8434 = ORIENTED_EDGE('',*,*,#7894,.T.);
#8435 = ORIENTED_EDGE('',*,*,#8436,.T.);
#8436 = EDGE_CURVE('',#7897,#8437,#8439,.T.);
#8437 = VERTEX_POINT('',#8438);
#8438 = CARTESIAN_POINT('',(2.86,0.32,10.41));
#8439 = LINE('',#8440,#8441);
#8440 = CARTESIAN_POINT('',(2.86,0.32,-3.56));
#8441 = VECTOR('',#8442,1.);
#8442 = DIRECTION('',(0.,0.,1.));
#8443 = ORIENTED_EDGE('',*,*,#8444,.T.);
#8444 = EDGE_CURVE('',#8437,#8445,#8447,.T.);
#8445 = VERTEX_POINT('',#8446);
#8446 = CARTESIAN_POINT('',(2.86,-0.32,10.41));
#8447 = LINE('',#8448,#8449);
#8448 = CARTESIAN_POINT('',(2.86,0.32,10.41));
#8449 = VECTOR('',#8450,1.);
#8450 = DIRECTION('',(0.,-1.,0.));
#8451 = ORIENTED_EDGE('',*,*,#8452,.T.);
#8452 = EDGE_CURVE('',#8445,#7895,#8453,.T.);
#8453 = LINE('',#8454,#8455);
#8454 = CARTESIAN_POINT('',(2.86,-0.32,10.66));
#8455 = VECTOR('',#8456,1.);
#8456 = DIRECTION('',(0.,0.,-1.));
#8457 = PLANE('',#8458);
#8458 = AXIS2_PLACEMENT_3D('',#8459,#8460,#8461);
#8459 = CARTESIAN_POINT('',(2.86,0.,3.55));
#8460 = DIRECTION('',(1.,0.,0.));
#8461 = DIRECTION('',(0.,0.,1.));
#8462 = ADVANCED_FACE('',(#8463),#8481,.F.);
#8463 = FACE_BOUND('',#8464,.F.);
#8464 = EDGE_LOOP('',(#8465,#8473,#8474,#8475));
#8465 = ORIENTED_EDGE('',*,*,#8466,.F.);
#8466 = EDGE_CURVE('',#7913,#8467,#8469,.T.);
#8467 = VERTEX_POINT('',#8468);
#8468 = CARTESIAN_POINT('',(2.22,0.32,10.41));
#8469 = LINE('',#8470,#8471);
#8470 = CARTESIAN_POINT('',(2.22,0.32,-3.56));
#8471 = VECTOR('',#8472,1.);
#8472 = DIRECTION('',(0.,0.,1.));
#8473 = ORIENTED_EDGE('',*,*,#7920,.T.);
#8474 = ORIENTED_EDGE('',*,*,#8436,.T.);
#8475 = ORIENTED_EDGE('',*,*,#8476,.F.);
#8476 = EDGE_CURVE('',#8467,#8437,#8477,.T.);
#8477 = LINE('',#8478,#8479);
#8478 = CARTESIAN_POINT('',(2.47,0.32,10.41));
#8479 = VECTOR('',#8480,1.);
#8480 = DIRECTION('',(1.,0.,0.));
#8481 = PLANE('',#8482);
#8482 = AXIS2_PLACEMENT_3D('',#8483,#8484,#8485);
#8483 = CARTESIAN_POINT('',(2.22,0.32,-3.56));
#8484 = DIRECTION('',(0.,-1.,0.));
#8485 = DIRECTION('',(0.,0.,1.));
#8486 = ADVANCED_FACE('',(#8487),#8505,.F.);
#8487 = FACE_BOUND('',#8488,.F.);
#8488 = EDGE_LOOP('',(#8489,#8490,#8491,#8499));
#8489 = ORIENTED_EDGE('',*,*,#7912,.T.);
#8490 = ORIENTED_EDGE('',*,*,#8466,.T.);
#8491 = ORIENTED_EDGE('',*,*,#8492,.T.);
#8492 = EDGE_CURVE('',#8467,#8493,#8495,.T.);
#8493 = VERTEX_POINT('',#8494);
#8494 = CARTESIAN_POINT('',(2.22,-0.32,10.41));
#8495 = LINE('',#8496,#8497);
#8496 = CARTESIAN_POINT('',(2.22,0.32,10.41));
#8497 = VECTOR('',#8498,1.);
#8498 = DIRECTION('',(0.,-1.,0.));
#8499 = ORIENTED_EDGE('',*,*,#8500,.T.);
#8500 = EDGE_CURVE('',#8493,#7905,#8501,.T.);
#8501 = LINE('',#8502,#8503);
#8502 = CARTESIAN_POINT('',(2.22,-0.32,10.66));
#8503 = VECTOR('',#8504,1.);
#8504 = DIRECTION('',(0.,0.,-1.));
#8505 = PLANE('',#8506);
#8506 = AXIS2_PLACEMENT_3D('',#8507,#8508,#8509);
#8507 = CARTESIAN_POINT('',(2.22,0.,3.55));
#8508 = DIRECTION('',(1.,0.,0.));
#8509 = DIRECTION('',(0.,0.,1.));
#8510 = ADVANCED_FACE('',(#8511),#8522,.F.);
#8511 = FACE_BOUND('',#8512,.F.);
#8512 = EDGE_LOOP('',(#8513,#8514,#8515,#8521));
#8513 = ORIENTED_EDGE('',*,*,#7904,.T.);
#8514 = ORIENTED_EDGE('',*,*,#8500,.F.);
#8515 = ORIENTED_EDGE('',*,*,#8516,.T.);
#8516 = EDGE_CURVE('',#8493,#8445,#8517,.T.);
#8517 = LINE('',#8518,#8519);
#8518 = CARTESIAN_POINT('',(2.47,-0.32,10.41));
#8519 = VECTOR('',#8520,1.);
#8520 = DIRECTION('',(1.,0.,0.));
#8521 = ORIENTED_EDGE('',*,*,#8452,.T.);
#8522 = PLANE('',#8523);
#8523 = AXIS2_PLACEMENT_3D('',#8524,#8525,#8526);
#8524 = CARTESIAN_POINT('',(2.22,-0.32,10.66));
#8525 = DIRECTION('',(0.,1.,0.));
#8526 = DIRECTION('',(0.,0.,-1.));
#8527 = ADVANCED_FACE('',(#8528),#8553,.T.);
#8528 = FACE_BOUND('',#8529,.T.);
#8529 = EDGE_LOOP('',(#8530,#8531,#8539,#8547));
#8530 = ORIENTED_EDGE('',*,*,#7962,.T.);
#8531 = ORIENTED_EDGE('',*,*,#8532,.T.);
#8532 = EDGE_CURVE('',#7965,#8533,#8535,.T.);
#8533 = VERTEX_POINT('',#8534);
#8534 = CARTESIAN_POINT('',(0.32,0.32,10.41));
#8535 = LINE('',#8536,#8537);
#8536 = CARTESIAN_POINT('',(0.32,0.32,-3.56));
#8537 = VECTOR('',#8538,1.);
#8538 = DIRECTION('',(0.,0.,1.));
#8539 = ORIENTED_EDGE('',*,*,#8540,.T.);
#8540 = EDGE_CURVE('',#8533,#8541,#8543,.T.);
#8541 = VERTEX_POINT('',#8542);
#8542 = CARTESIAN_POINT('',(0.32,-0.32,10.41));
#8543 = LINE('',#8544,#8545);
#8544 = CARTESIAN_POINT('',(0.32,0.32,10.41));
#8545 = VECTOR('',#8546,1.);
#8546 = DIRECTION('',(0.,-1.,0.));
#8547 = ORIENTED_EDGE('',*,*,#8548,.T.);
#8548 = EDGE_CURVE('',#8541,#7963,#8549,.T.);
#8549 = LINE('',#8550,#8551);
#8550 = CARTESIAN_POINT('',(0.32,-0.32,10.66));
#8551 = VECTOR('',#8552,1.);
#8552 = DIRECTION('',(0.,0.,-1.));
#8553 = PLANE('',#8554);
#8554 = AXIS2_PLACEMENT_3D('',#8555,#8556,#8557);
#8555 = CARTESIAN_POINT('',(0.32,0.,3.55));
#8556 = DIRECTION('',(1.,0.,0.));
#8557 = DIRECTION('',(0.,0.,1.));
#8558 = ADVANCED_FACE('',(#8559),#8577,.F.);
#8559 = FACE_BOUND('',#8560,.F.);
#8560 = EDGE_LOOP('',(#8561,#8569,#8570,#8571));
#8561 = ORIENTED_EDGE('',*,*,#8562,.F.);
#8562 = EDGE_CURVE('',#7981,#8563,#8565,.T.);
#8563 = VERTEX_POINT('',#8564);
#8564 = CARTESIAN_POINT('',(-0.32,0.32,10.41));
#8565 = LINE('',#8566,#8567);
#8566 = CARTESIAN_POINT('',(-0.32,0.32,-3.56));
#8567 = VECTOR('',#8568,1.);
#8568 = DIRECTION('',(0.,0.,1.));
#8569 = ORIENTED_EDGE('',*,*,#7988,.T.);
#8570 = ORIENTED_EDGE('',*,*,#8532,.T.);
#8571 = ORIENTED_EDGE('',*,*,#8572,.F.);
#8572 = EDGE_CURVE('',#8563,#8533,#8573,.T.);
#8573 = LINE('',#8574,#8575);
#8574 = CARTESIAN_POINT('',(-7.E-02,0.32,10.41));
#8575 = VECTOR('',#8576,1.);
#8576 = DIRECTION('',(1.,0.,0.));
#8577 = PLANE('',#8578);
#8578 = AXIS2_PLACEMENT_3D('',#8579,#8580,#8581);
#8579 = CARTESIAN_POINT('',(-0.32,0.32,-3.56));
#8580 = DIRECTION('',(0.,-1.,0.));
#8581 = DIRECTION('',(0.,0.,1.));
#8582 = ADVANCED_FACE('',(#8583),#8601,.F.);
#8583 = FACE_BOUND('',#8584,.F.);
#8584 = EDGE_LOOP('',(#8585,#8586,#8587,#8595));
#8585 = ORIENTED_EDGE('',*,*,#7980,.T.);
#8586 = ORIENTED_EDGE('',*,*,#8562,.T.);
#8587 = ORIENTED_EDGE('',*,*,#8588,.T.);
#8588 = EDGE_CURVE('',#8563,#8589,#8591,.T.);
#8589 = VERTEX_POINT('',#8590);
#8590 = CARTESIAN_POINT('',(-0.32,-0.32,10.41));
#8591 = LINE('',#8592,#8593);
#8592 = CARTESIAN_POINT('',(-0.32,0.32,10.41));
#8593 = VECTOR('',#8594,1.);
#8594 = DIRECTION('',(0.,-1.,0.));
#8595 = ORIENTED_EDGE('',*,*,#8596,.T.);
#8596 = EDGE_CURVE('',#8589,#7973,#8597,.T.);
#8597 = LINE('',#8598,#8599);
#8598 = CARTESIAN_POINT('',(-0.32,-0.32,10.66));
#8599 = VECTOR('',#8600,1.);
#8600 = DIRECTION('',(0.,0.,-1.));
#8601 = PLANE('',#8602);
#8602 = AXIS2_PLACEMENT_3D('',#8603,#8604,#8605);
#8603 = CARTESIAN_POINT('',(-0.32,0.,3.55));
#8604 = DIRECTION('',(1.,0.,0.));
#8605 = DIRECTION('',(0.,0.,1.));
#8606 = ADVANCED_FACE('',(#8607),#8618,.F.);
#8607 = FACE_BOUND('',#8608,.F.);
#8608 = EDGE_LOOP('',(#8609,#8610,#8611,#8617));
#8609 = ORIENTED_EDGE('',*,*,#7972,.T.);
#8610 = ORIENTED_EDGE('',*,*,#8596,.F.);
#8611 = ORIENTED_EDGE('',*,*,#8612,.T.);
#8612 = EDGE_CURVE('',#8589,#8541,#8613,.T.);
#8613 = LINE('',#8614,#8615);
#8614 = CARTESIAN_POINT('',(-7.E-02,-0.32,10.41));
#8615 = VECTOR('',#8616,1.);
#8616 = DIRECTION('',(1.,0.,0.));
#8617 = ORIENTED_EDGE('',*,*,#8548,.T.);
#8618 = PLANE('',#8619);
#8619 = AXIS2_PLACEMENT_3D('',#8620,#8621,#8622);
#8620 = CARTESIAN_POINT('',(-0.32,-0.32,10.66));
#8621 = DIRECTION('',(0.,1.,0.));
#8622 = DIRECTION('',(0.,0.,-1.));
#8623 = ADVANCED_FACE('',(#8624),#8635,.T.);
#8624 = FACE_BOUND('',#8625,.T.);
#8625 = EDGE_LOOP('',(#8626,#8627,#8628,#8629));
#8626 = ORIENTED_EDGE('',*,*,#8029,.T.);
#8627 = ORIENTED_EDGE('',*,*,#8419,.F.);
#8628 = ORIENTED_EDGE('',*,*,#8080,.F.);
#8629 = ORIENTED_EDGE('',*,*,#8630,.F.);
#8630 = EDGE_CURVE('',#8022,#8073,#8631,.T.);
#8631 = LINE('',#8632,#8633);
#8632 = CARTESIAN_POINT('',(1.27,-1.9,5.5));
#8633 = VECTOR('',#8634,1.);
#8634 = DIRECTION('',(-1.,-0.,-0.));
#8635 = PLANE('',#8636);
#8636 = AXIS2_PLACEMENT_3D('',#8637,#8638,#8639);
#8637 = CARTESIAN_POINT('',(1.27,-1.9,4.65));
#8638 = DIRECTION('',(2.187134514481E-33,1.,4.172491954988E-31));
#8639 = DIRECTION('',(0.,-4.172491954988E-31,1.));
#8640 = ADVANCED_FACE('',(#8641),#8652,.T.);
#8641 = FACE_BOUND('',#8642,.T.);
#8642 = EDGE_LOOP('',(#8643,#8644,#8645,#8651));
#8643 = ORIENTED_EDGE('',*,*,#8123,.T.);
#8644 = ORIENTED_EDGE('',*,*,#8013,.T.);
#8645 = ORIENTED_EDGE('',*,*,#8646,.F.);
#8646 = EDGE_CURVE('',#8065,#8014,#8647,.T.);
#8647 = LINE('',#8648,#8649);
#8648 = CARTESIAN_POINT('',(1.27,-1.4,6.));
#8649 = VECTOR('',#8650,1.);
#8650 = DIRECTION('',(1.,0.,0.));
#8651 = ORIENTED_EDGE('',*,*,#8064,.F.);
#8652 = PLANE('',#8653);
#8653 = AXIS2_PLACEMENT_3D('',#8654,#8655,#8656);
#8654 = CARTESIAN_POINT('',(1.27,-1.4,6.5));
#8655 = DIRECTION('',(0.,1.,7.78275907199E-31));
#8656 = DIRECTION('',(0.,-7.78275907199E-31,1.));
#8657 = ADVANCED_FACE('',(#8658),#8664,.T.);
#8658 = FACE_BOUND('',#8659,.T.);
#8659 = EDGE_LOOP('',(#8660,#8661,#8662,#8663));
#8660 = ORIENTED_EDGE('',*,*,#8646,.T.);
#8661 = ORIENTED_EDGE('',*,*,#8021,.T.);
#8662 = ORIENTED_EDGE('',*,*,#8630,.T.);
#8663 = ORIENTED_EDGE('',*,*,#8072,.F.);
#8664 = PLANE('',#8665);
#8665 = AXIS2_PLACEMENT_3D('',#8666,#8667,#8668);
#8666 = CARTESIAN_POINT('',(1.27,-1.65,5.75));
#8667 = DIRECTION('',(-3.908151567474E-18,0.707106781187,-0.707106781187
    ));
#8668 = DIRECTION('',(0.,0.707106781187,0.707106781187));
#8669 = ADVANCED_FACE('',(#8670),#8695,.T.);
#8670 = FACE_BOUND('',#8671,.F.);
#8671 = EDGE_LOOP('',(#8672,#8682,#8688,#8689));
#8672 = ORIENTED_EDGE('',*,*,#8673,.T.);
#8673 = EDGE_CURVE('',#8674,#8676,#8678,.T.);
#8674 = VERTEX_POINT('',#8675);
#8675 = CARTESIAN_POINT('',(-7.E-02,-7.E-02,-3.56));
#8676 = VERTEX_POINT('',#8677);
#8677 = CARTESIAN_POINT('',(-7.E-02,7.E-02,-3.56));
#8678 = LINE('',#8679,#8680);
#8679 = CARTESIAN_POINT('',(-7.E-02,-0.32,-3.56));
#8680 = VECTOR('',#8681,1.);
#8681 = DIRECTION('',(0.,1.,0.));
#8682 = ORIENTED_EDGE('',*,*,#8683,.T.);
#8683 = EDGE_CURVE('',#8676,#8161,#8684,.T.);
#8684 = LINE('',#8685,#8686);
#8685 = CARTESIAN_POINT('',(-8.833333333333E-02,8.833333333333E-02,
    -3.541666666667));
#8686 = VECTOR('',#8687,1.);
#8687 = DIRECTION('',(-0.57735026919,0.57735026919,0.57735026919));
#8688 = ORIENTED_EDGE('',*,*,#8158,.F.);
#8689 = ORIENTED_EDGE('',*,*,#8690,.F.);
#8690 = EDGE_CURVE('',#8674,#8159,#8691,.T.);
#8691 = LINE('',#8692,#8693);
#8692 = CARTESIAN_POINT('',(-0.195,-0.195,-3.435));
#8693 = VECTOR('',#8694,1.);
#8694 = DIRECTION('',(-0.57735026919,-0.57735026919,0.57735026919));
#8695 = PLANE('',#8696);
#8696 = AXIS2_PLACEMENT_3D('',#8697,#8698,#8699);
#8697 = CARTESIAN_POINT('',(-0.195,-0.32,-3.435));
#8698 = DIRECTION('',(-0.707106781187,0.,-0.707106781187));
#8699 = DIRECTION('',(0.,-1.,-0.));
#8700 = ADVANCED_FACE('',(#8701),#8719,.T.);
#8701 = FACE_BOUND('',#8702,.F.);
#8702 = EDGE_LOOP('',(#8703,#8704,#8712,#8718));
#8703 = ORIENTED_EDGE('',*,*,#8683,.F.);
#8704 = ORIENTED_EDGE('',*,*,#8705,.T.);
#8705 = EDGE_CURVE('',#8676,#8706,#8708,.T.);
#8706 = VERTEX_POINT('',#8707);
#8707 = CARTESIAN_POINT('',(7.E-02,7.E-02,-3.56));
#8708 = LINE('',#8709,#8710);
#8709 = CARTESIAN_POINT('',(-7.E-02,7.E-02,-3.56));
#8710 = VECTOR('',#8711,1.);
#8711 = DIRECTION('',(1.,0.,0.));
#8712 = ORIENTED_EDGE('',*,*,#8713,.T.);
#8713 = EDGE_CURVE('',#8706,#8191,#8714,.T.);
#8714 = LINE('',#8715,#8716);
#8715 = CARTESIAN_POINT('',(6.5E-02,6.5E-02,-3.565));
#8716 = VECTOR('',#8717,1.);
#8717 = DIRECTION('',(0.57735026919,0.57735026919,0.57735026919));
#8718 = ORIENTED_EDGE('',*,*,#8190,.F.);
#8719 = PLANE('',#8720);
#8720 = AXIS2_PLACEMENT_3D('',#8721,#8722,#8723);
#8721 = CARTESIAN_POINT('',(-7.E-02,0.195,-3.435));
#8722 = DIRECTION('',(0.,0.707106781187,-0.707106781187));
#8723 = DIRECTION('',(-1.,0.,-0.));
#8724 = ADVANCED_FACE('',(#8725),#8743,.F.);
#8725 = FACE_BOUND('',#8726,.T.);
#8726 = EDGE_LOOP('',(#8727,#8735,#8736,#8737));
#8727 = ORIENTED_EDGE('',*,*,#8728,.T.);
#8728 = EDGE_CURVE('',#8729,#8706,#8731,.T.);
#8729 = VERTEX_POINT('',#8730);
#8730 = CARTESIAN_POINT('',(7.E-02,-7.E-02,-3.56));
#8731 = LINE('',#8732,#8733);
#8732 = CARTESIAN_POINT('',(7.E-02,-0.32,-3.56));
#8733 = VECTOR('',#8734,1.);
#8734 = DIRECTION('',(0.,1.,0.));
#8735 = ORIENTED_EDGE('',*,*,#8713,.T.);
#8736 = ORIENTED_EDGE('',*,*,#8213,.F.);
#8737 = ORIENTED_EDGE('',*,*,#8738,.F.);
#8738 = EDGE_CURVE('',#8729,#8214,#8739,.T.);
#8739 = LINE('',#8740,#8741);
#8740 = CARTESIAN_POINT('',(0.171666666667,-0.171666666667,
    -3.458333333333));
#8741 = VECTOR('',#8742,1.);
#8742 = DIRECTION('',(0.57735026919,-0.57735026919,0.57735026919));
#8743 = PLANE('',#8744);
#8744 = AXIS2_PLACEMENT_3D('',#8745,#8746,#8747);
#8745 = CARTESIAN_POINT('',(0.195,-0.32,-3.435));
#8746 = DIRECTION('',(-0.707106781187,0.,0.707106781187));
#8747 = DIRECTION('',(-0.,-1.,0.));
#8748 = ADVANCED_FACE('',(#8749),#8760,.T.);
#8749 = FACE_BOUND('',#8750,.T.);
#8750 = EDGE_LOOP('',(#8751,#8752,#8758,#8759));
#8751 = ORIENTED_EDGE('',*,*,#8690,.F.);
#8752 = ORIENTED_EDGE('',*,*,#8753,.T.);
#8753 = EDGE_CURVE('',#8674,#8729,#8754,.T.);
#8754 = LINE('',#8755,#8756);
#8755 = CARTESIAN_POINT('',(-7.E-02,-7.E-02,-3.56));
#8756 = VECTOR('',#8757,1.);
#8757 = DIRECTION('',(1.,0.,0.));
#8758 = ORIENTED_EDGE('',*,*,#8738,.T.);
#8759 = ORIENTED_EDGE('',*,*,#8237,.F.);
#8760 = PLANE('',#8761);
#8761 = AXIS2_PLACEMENT_3D('',#8762,#8763,#8764);
#8762 = CARTESIAN_POINT('',(-7.E-02,-0.195,-3.435));
#8763 = DIRECTION('',(0.,-0.707106781187,-0.707106781187));
#8764 = DIRECTION('',(1.,0.,0.));
#8765 = ADVANCED_FACE('',(#8766),#8791,.F.);
#8766 = FACE_BOUND('',#8767,.T.);
#8767 = EDGE_LOOP('',(#8768,#8778,#8784,#8785));
#8768 = ORIENTED_EDGE('',*,*,#8769,.T.);
#8769 = EDGE_CURVE('',#8770,#8772,#8774,.T.);
#8770 = VERTEX_POINT('',#8771);
#8771 = CARTESIAN_POINT('',(2.61,-7.E-02,-3.56));
#8772 = VERTEX_POINT('',#8773);
#8773 = CARTESIAN_POINT('',(2.61,7.E-02,-3.56));
#8774 = LINE('',#8775,#8776);
#8775 = CARTESIAN_POINT('',(2.61,-0.32,-3.56));
#8776 = VECTOR('',#8777,1.);
#8777 = DIRECTION('',(0.,1.,0.));
#8778 = ORIENTED_EDGE('',*,*,#8779,.T.);
#8779 = EDGE_CURVE('',#8772,#8325,#8780,.T.);
#8780 = LINE('',#8781,#8782);
#8781 = CARTESIAN_POINT('',(2.605,6.5E-02,-3.565));
#8782 = VECTOR('',#8783,1.);
#8783 = DIRECTION('',(0.57735026919,0.57735026919,0.57735026919));
#8784 = ORIENTED_EDGE('',*,*,#8322,.F.);
#8785 = ORIENTED_EDGE('',*,*,#8786,.F.);
#8786 = EDGE_CURVE('',#8770,#8323,#8787,.T.);
#8787 = LINE('',#8788,#8789);
#8788 = CARTESIAN_POINT('',(2.711666666667,-0.171666666667,
    -3.458333333333));
#8789 = VECTOR('',#8790,1.);
#8790 = DIRECTION('',(0.57735026919,-0.57735026919,0.57735026919));
#8791 = PLANE('',#8792);
#8792 = AXIS2_PLACEMENT_3D('',#8793,#8794,#8795);
#8793 = CARTESIAN_POINT('',(2.735,-0.32,-3.435));
#8794 = DIRECTION('',(-0.707106781187,0.,0.707106781187));
#8795 = DIRECTION('',(-0.,-1.,0.));
#8796 = ADVANCED_FACE('',(#8797),#8815,.T.);
#8797 = FACE_BOUND('',#8798,.T.);
#8798 = EDGE_LOOP('',(#8799,#8807,#8813,#8814));
#8799 = ORIENTED_EDGE('',*,*,#8800,.F.);
#8800 = EDGE_CURVE('',#8801,#8354,#8803,.T.);
#8801 = VERTEX_POINT('',#8802);
#8802 = CARTESIAN_POINT('',(2.47,-7.E-02,-3.56));
#8803 = LINE('',#8804,#8805);
#8804 = CARTESIAN_POINT('',(2.345,-0.195,-3.435));
#8805 = VECTOR('',#8806,1.);
#8806 = DIRECTION('',(-0.57735026919,-0.57735026919,0.57735026919));
#8807 = ORIENTED_EDGE('',*,*,#8808,.T.);
#8808 = EDGE_CURVE('',#8801,#8770,#8809,.T.);
#8809 = LINE('',#8810,#8811);
#8810 = CARTESIAN_POINT('',(2.47,-7.E-02,-3.56));
#8811 = VECTOR('',#8812,1.);
#8812 = DIRECTION('',(1.,0.,0.));
#8813 = ORIENTED_EDGE('',*,*,#8786,.T.);
#8814 = ORIENTED_EDGE('',*,*,#8353,.F.);
#8815 = PLANE('',#8816);
#8816 = AXIS2_PLACEMENT_3D('',#8817,#8818,#8819);
#8817 = CARTESIAN_POINT('',(2.47,-0.195,-3.435));
#8818 = DIRECTION('',(0.,-0.707106781187,-0.707106781187));
#8819 = DIRECTION('',(1.,0.,0.));
#8820 = ADVANCED_FACE('',(#8821),#8839,.T.);
#8821 = FACE_BOUND('',#8822,.F.);
#8822 = EDGE_LOOP('',(#8823,#8831,#8837,#8838));
#8823 = ORIENTED_EDGE('',*,*,#8824,.T.);
#8824 = EDGE_CURVE('',#8801,#8825,#8827,.T.);
#8825 = VERTEX_POINT('',#8826);
#8826 = CARTESIAN_POINT('',(2.47,7.E-02,-3.56));
#8827 = LINE('',#8828,#8829);
#8828 = CARTESIAN_POINT('',(2.47,-0.32,-3.56));
#8829 = VECTOR('',#8830,1.);
#8830 = DIRECTION('',(0.,1.,0.));
#8831 = ORIENTED_EDGE('',*,*,#8832,.T.);
#8832 = EDGE_CURVE('',#8825,#8378,#8833,.T.);
#8833 = LINE('',#8834,#8835);
#8834 = CARTESIAN_POINT('',(2.451666666667,8.833333333333E-02,
    -3.541666666667));
#8835 = VECTOR('',#8836,1.);
#8836 = DIRECTION('',(-0.57735026919,0.57735026919,0.57735026919));
#8837 = ORIENTED_EDGE('',*,*,#8377,.F.);
#8838 = ORIENTED_EDGE('',*,*,#8800,.F.);
#8839 = PLANE('',#8840);
#8840 = AXIS2_PLACEMENT_3D('',#8841,#8842,#8843);
#8841 = CARTESIAN_POINT('',(2.345,-0.32,-3.435));
#8842 = DIRECTION('',(-0.707106781187,0.,-0.707106781187));
#8843 = DIRECTION('',(0.,-1.,-0.));
#8844 = ADVANCED_FACE('',(#8845),#8856,.T.);
#8845 = FACE_BOUND('',#8846,.F.);
#8846 = EDGE_LOOP('',(#8847,#8848,#8854,#8855));
#8847 = ORIENTED_EDGE('',*,*,#8832,.F.);
#8848 = ORIENTED_EDGE('',*,*,#8849,.T.);
#8849 = EDGE_CURVE('',#8825,#8772,#8850,.T.);
#8850 = LINE('',#8851,#8852);
#8851 = CARTESIAN_POINT('',(2.47,7.E-02,-3.56));
#8852 = VECTOR('',#8853,1.);
#8853 = DIRECTION('',(1.,0.,0.));
#8854 = ORIENTED_EDGE('',*,*,#8779,.T.);
#8855 = ORIENTED_EDGE('',*,*,#8402,.F.);
#8856 = PLANE('',#8857);
#8857 = AXIS2_PLACEMENT_3D('',#8858,#8859,#8860);
#8858 = CARTESIAN_POINT('',(2.47,0.195,-3.435));
#8859 = DIRECTION('',(0.,0.707106781187,-0.707106781187));
#8860 = DIRECTION('',(-1.,0.,-0.));
#8861 = ADVANCED_FACE('',(#8862),#8887,.F.);
#8862 = FACE_BOUND('',#8863,.T.);
#8863 = EDGE_LOOP('',(#8864,#8874,#8880,#8881));
#8864 = ORIENTED_EDGE('',*,*,#8865,.T.);
#8865 = EDGE_CURVE('',#8866,#8868,#8870,.T.);
#8866 = VERTEX_POINT('',#8867);
#8867 = CARTESIAN_POINT('',(2.61,7.E-02,10.66));
#8868 = VERTEX_POINT('',#8869);
#8869 = CARTESIAN_POINT('',(2.61,-7.E-02,10.66));
#8870 = LINE('',#8871,#8872);
#8871 = CARTESIAN_POINT('',(2.61,0.32,10.66));
#8872 = VECTOR('',#8873,1.);
#8873 = DIRECTION('',(0.,-1.,0.));
#8874 = ORIENTED_EDGE('',*,*,#8875,.T.);
#8875 = EDGE_CURVE('',#8868,#8445,#8876,.T.);
#8876 = LINE('',#8877,#8878);
#8877 = CARTESIAN_POINT('',(2.605,-6.5E-02,10.665));
#8878 = VECTOR('',#8879,1.);
#8879 = DIRECTION('',(0.57735026919,-0.57735026919,-0.57735026919));
#8880 = ORIENTED_EDGE('',*,*,#8444,.F.);
#8881 = ORIENTED_EDGE('',*,*,#8882,.T.);
#8882 = EDGE_CURVE('',#8437,#8866,#8883,.T.);
#8883 = LINE('',#8884,#8885);
#8884 = CARTESIAN_POINT('',(2.711666666667,0.171666666667,
    10.558333333333));
#8885 = VECTOR('',#8886,1.);
#8886 = DIRECTION('',(-0.57735026919,-0.57735026919,0.57735026919));
#8887 = PLANE('',#8888);
#8888 = AXIS2_PLACEMENT_3D('',#8889,#8890,#8891);
#8889 = CARTESIAN_POINT('',(2.735,0.32,10.535));
#8890 = DIRECTION('',(-0.707106781187,0.,-0.707106781187));
#8891 = DIRECTION('',(0.,1.,0.));
#8892 = ADVANCED_FACE('',(#8893),#8911,.T.);
#8893 = FACE_BOUND('',#8894,.F.);
#8894 = EDGE_LOOP('',(#8895,#8903,#8904,#8905));
#8895 = ORIENTED_EDGE('',*,*,#8896,.F.);
#8896 = EDGE_CURVE('',#8467,#8897,#8899,.T.);
#8897 = VERTEX_POINT('',#8898);
#8898 = CARTESIAN_POINT('',(2.47,7.E-02,10.66));
#8899 = LINE('',#8900,#8901);
#8900 = CARTESIAN_POINT('',(2.345,0.195,10.535));
#8901 = VECTOR('',#8902,1.);
#8902 = DIRECTION('',(0.57735026919,-0.57735026919,0.57735026919));
#8903 = ORIENTED_EDGE('',*,*,#8476,.T.);
#8904 = ORIENTED_EDGE('',*,*,#8882,.T.);
#8905 = ORIENTED_EDGE('',*,*,#8906,.F.);
#8906 = EDGE_CURVE('',#8897,#8866,#8907,.T.);
#8907 = LINE('',#8908,#8909);
#8908 = CARTESIAN_POINT('',(2.47,7.E-02,10.66));
#8909 = VECTOR('',#8910,1.);
#8910 = DIRECTION('',(1.,0.,0.));
#8911 = PLANE('',#8912);
#8912 = AXIS2_PLACEMENT_3D('',#8913,#8914,#8915);
#8913 = CARTESIAN_POINT('',(2.47,0.195,10.535));
#8914 = DIRECTION('',(0.,0.707106781187,0.707106781187));
#8915 = DIRECTION('',(-1.,0.,0.));
#8916 = ADVANCED_FACE('',(#8917),#8935,.T.);
#8917 = FACE_BOUND('',#8918,.F.);
#8918 = EDGE_LOOP('',(#8919,#8927,#8933,#8934));
#8919 = ORIENTED_EDGE('',*,*,#8920,.T.);
#8920 = EDGE_CURVE('',#8897,#8921,#8923,.T.);
#8921 = VERTEX_POINT('',#8922);
#8922 = CARTESIAN_POINT('',(2.47,-7.E-02,10.66));
#8923 = LINE('',#8924,#8925);
#8924 = CARTESIAN_POINT('',(2.47,0.32,10.66));
#8925 = VECTOR('',#8926,1.);
#8926 = DIRECTION('',(0.,-1.,0.));
#8927 = ORIENTED_EDGE('',*,*,#8928,.T.);
#8928 = EDGE_CURVE('',#8921,#8493,#8929,.T.);
#8929 = LINE('',#8930,#8931);
#8930 = CARTESIAN_POINT('',(2.451666666667,-8.833333333333E-02,
    10.641666666667));
#8931 = VECTOR('',#8932,1.);
#8932 = DIRECTION('',(-0.57735026919,-0.57735026919,-0.57735026919));
#8933 = ORIENTED_EDGE('',*,*,#8492,.F.);
#8934 = ORIENTED_EDGE('',*,*,#8896,.T.);
#8935 = PLANE('',#8936);
#8936 = AXIS2_PLACEMENT_3D('',#8937,#8938,#8939);
#8937 = CARTESIAN_POINT('',(2.345,0.32,10.535));
#8938 = DIRECTION('',(-0.707106781187,0.,0.707106781187));
#8939 = DIRECTION('',(0.,1.,0.));
#8940 = ADVANCED_FACE('',(#8941),#8952,.T.);
#8941 = FACE_BOUND('',#8942,.F.);
#8942 = EDGE_LOOP('',(#8943,#8944,#8950,#8951));
#8943 = ORIENTED_EDGE('',*,*,#8928,.F.);
#8944 = ORIENTED_EDGE('',*,*,#8945,.T.);
#8945 = EDGE_CURVE('',#8921,#8868,#8946,.T.);
#8946 = LINE('',#8947,#8948);
#8947 = CARTESIAN_POINT('',(2.47,-7.E-02,10.66));
#8948 = VECTOR('',#8949,1.);
#8949 = DIRECTION('',(1.,0.,0.));
#8950 = ORIENTED_EDGE('',*,*,#8875,.T.);
#8951 = ORIENTED_EDGE('',*,*,#8516,.F.);
#8952 = PLANE('',#8953);
#8953 = AXIS2_PLACEMENT_3D('',#8954,#8955,#8956);
#8954 = CARTESIAN_POINT('',(2.47,-0.195,10.535));
#8955 = DIRECTION('',(0.,-0.707106781187,0.707106781187));
#8956 = DIRECTION('',(-1.,0.,0.));
#8957 = ADVANCED_FACE('',(#8958),#8983,.F.);
#8958 = FACE_BOUND('',#8959,.T.);
#8959 = EDGE_LOOP('',(#8960,#8970,#8976,#8977));
#8960 = ORIENTED_EDGE('',*,*,#8961,.T.);
#8961 = EDGE_CURVE('',#8962,#8964,#8966,.T.);
#8962 = VERTEX_POINT('',#8963);
#8963 = CARTESIAN_POINT('',(7.E-02,7.E-02,10.66));
#8964 = VERTEX_POINT('',#8965);
#8965 = CARTESIAN_POINT('',(7.E-02,-7.E-02,10.66));
#8966 = LINE('',#8967,#8968);
#8967 = CARTESIAN_POINT('',(7.E-02,0.32,10.66));
#8968 = VECTOR('',#8969,1.);
#8969 = DIRECTION('',(0.,-1.,0.));
#8970 = ORIENTED_EDGE('',*,*,#8971,.T.);
#8971 = EDGE_CURVE('',#8964,#8541,#8972,.T.);
#8972 = LINE('',#8973,#8974);
#8973 = CARTESIAN_POINT('',(6.5E-02,-6.5E-02,10.665));
#8974 = VECTOR('',#8975,1.);
#8975 = DIRECTION('',(0.57735026919,-0.57735026919,-0.57735026919));
#8976 = ORIENTED_EDGE('',*,*,#8540,.F.);
#8977 = ORIENTED_EDGE('',*,*,#8978,.T.);
#8978 = EDGE_CURVE('',#8533,#8962,#8979,.T.);
#8979 = LINE('',#8980,#8981);
#8980 = CARTESIAN_POINT('',(0.171666666667,0.171666666667,
    10.558333333333));
#8981 = VECTOR('',#8982,1.);
#8982 = DIRECTION('',(-0.57735026919,-0.57735026919,0.57735026919));
#8983 = PLANE('',#8984);
#8984 = AXIS2_PLACEMENT_3D('',#8985,#8986,#8987);
#8985 = CARTESIAN_POINT('',(0.195,0.32,10.535));
#8986 = DIRECTION('',(-0.707106781187,0.,-0.707106781187));
#8987 = DIRECTION('',(0.,1.,0.));
#8988 = ADVANCED_FACE('',(#8989),#9007,.T.);
#8989 = FACE_BOUND('',#8990,.F.);
#8990 = EDGE_LOOP('',(#8991,#8999,#9000,#9001));
#8991 = ORIENTED_EDGE('',*,*,#8992,.F.);
#8992 = EDGE_CURVE('',#8563,#8993,#8995,.T.);
#8993 = VERTEX_POINT('',#8994);
#8994 = CARTESIAN_POINT('',(-7.E-02,7.E-02,10.66));
#8995 = LINE('',#8996,#8997);
#8996 = CARTESIAN_POINT('',(-0.195,0.195,10.535));
#8997 = VECTOR('',#8998,1.);
#8998 = DIRECTION('',(0.57735026919,-0.57735026919,0.57735026919));
#8999 = ORIENTED_EDGE('',*,*,#8572,.T.);
#9000 = ORIENTED_EDGE('',*,*,#8978,.T.);
#9001 = ORIENTED_EDGE('',*,*,#9002,.F.);
#9002 = EDGE_CURVE('',#8993,#8962,#9003,.T.);
#9003 = LINE('',#9004,#9005);
#9004 = CARTESIAN_POINT('',(-7.E-02,7.E-02,10.66));
#9005 = VECTOR('',#9006,1.);
#9006 = DIRECTION('',(1.,0.,0.));
#9007 = PLANE('',#9008);
#9008 = AXIS2_PLACEMENT_3D('',#9009,#9010,#9011);
#9009 = CARTESIAN_POINT('',(-7.E-02,0.195,10.535));
#9010 = DIRECTION('',(0.,0.707106781187,0.707106781187));
#9011 = DIRECTION('',(-1.,0.,0.));
#9012 = ADVANCED_FACE('',(#9013),#9031,.T.);
#9013 = FACE_BOUND('',#9014,.F.);
#9014 = EDGE_LOOP('',(#9015,#9023,#9029,#9030));
#9015 = ORIENTED_EDGE('',*,*,#9016,.T.);
#9016 = EDGE_CURVE('',#8993,#9017,#9019,.T.);
#9017 = VERTEX_POINT('',#9018);
#9018 = CARTESIAN_POINT('',(-7.E-02,-7.E-02,10.66));
#9019 = LINE('',#9020,#9021);
#9020 = CARTESIAN_POINT('',(-7.E-02,0.32,10.66));
#9021 = VECTOR('',#9022,1.);
#9022 = DIRECTION('',(0.,-1.,0.));
#9023 = ORIENTED_EDGE('',*,*,#9024,.T.);
#9024 = EDGE_CURVE('',#9017,#8589,#9025,.T.);
#9025 = LINE('',#9026,#9027);
#9026 = CARTESIAN_POINT('',(-8.833333333333E-02,-8.833333333333E-02,
    10.641666666667));
#9027 = VECTOR('',#9028,1.);
#9028 = DIRECTION('',(-0.57735026919,-0.57735026919,-0.57735026919));
#9029 = ORIENTED_EDGE('',*,*,#8588,.F.);
#9030 = ORIENTED_EDGE('',*,*,#8992,.T.);
#9031 = PLANE('',#9032);
#9032 = AXIS2_PLACEMENT_3D('',#9033,#9034,#9035);
#9033 = CARTESIAN_POINT('',(-0.195,0.32,10.535));
#9034 = DIRECTION('',(-0.707106781187,0.,0.707106781187));
#9035 = DIRECTION('',(0.,1.,0.));
#9036 = ADVANCED_FACE('',(#9037),#9048,.T.);
#9037 = FACE_BOUND('',#9038,.F.);
#9038 = EDGE_LOOP('',(#9039,#9040,#9046,#9047));
#9039 = ORIENTED_EDGE('',*,*,#9024,.F.);
#9040 = ORIENTED_EDGE('',*,*,#9041,.T.);
#9041 = EDGE_CURVE('',#9017,#8964,#9042,.T.);
#9042 = LINE('',#9043,#9044);
#9043 = CARTESIAN_POINT('',(-7.E-02,-7.E-02,10.66));
#9044 = VECTOR('',#9045,1.);
#9045 = DIRECTION('',(1.,0.,0.));
#9046 = ORIENTED_EDGE('',*,*,#8971,.T.);
#9047 = ORIENTED_EDGE('',*,*,#8612,.F.);
#9048 = PLANE('',#9049);
#9049 = AXIS2_PLACEMENT_3D('',#9050,#9051,#9052);
#9050 = CARTESIAN_POINT('',(-7.E-02,-0.195,10.535));
#9051 = DIRECTION('',(0.,-0.707106781187,0.707106781187));
#9052 = DIRECTION('',(-1.,0.,0.));
#9053 = ADVANCED_FACE('',(#9054),#9060,.F.);
#9054 = FACE_BOUND('',#9055,.F.);
#9055 = EDGE_LOOP('',(#9056,#9057,#9058,#9059));
#9056 = ORIENTED_EDGE('',*,*,#8673,.F.);
#9057 = ORIENTED_EDGE('',*,*,#8753,.T.);
#9058 = ORIENTED_EDGE('',*,*,#8728,.T.);
#9059 = ORIENTED_EDGE('',*,*,#8705,.F.);
#9060 = PLANE('',#9061);
#9061 = AXIS2_PLACEMENT_3D('',#9062,#9063,#9064);
#9062 = CARTESIAN_POINT('',(-0.32,-0.32,-3.56));
#9063 = DIRECTION('',(0.,0.,1.));
#9064 = DIRECTION('',(0.,1.,0.));
#9065 = ADVANCED_FACE('',(#9066),#9072,.F.);
#9066 = FACE_BOUND('',#9067,.F.);
#9067 = EDGE_LOOP('',(#9068,#9069,#9070,#9071));
#9068 = ORIENTED_EDGE('',*,*,#8824,.F.);
#9069 = ORIENTED_EDGE('',*,*,#8808,.T.);
#9070 = ORIENTED_EDGE('',*,*,#8769,.T.);
#9071 = ORIENTED_EDGE('',*,*,#8849,.F.);
#9072 = PLANE('',#9073);
#9073 = AXIS2_PLACEMENT_3D('',#9074,#9075,#9076);
#9074 = CARTESIAN_POINT('',(2.22,-0.32,-3.56));
#9075 = DIRECTION('',(0.,0.,1.));
#9076 = DIRECTION('',(0.,1.,0.));
#9077 = ADVANCED_FACE('',(#9078),#9084,.F.);
#9078 = FACE_BOUND('',#9079,.F.);
#9079 = EDGE_LOOP('',(#9080,#9081,#9082,#9083));
#9080 = ORIENTED_EDGE('',*,*,#8920,.F.);
#9081 = ORIENTED_EDGE('',*,*,#8906,.T.);
#9082 = ORIENTED_EDGE('',*,*,#8865,.T.);
#9083 = ORIENTED_EDGE('',*,*,#8945,.F.);
#9084 = PLANE('',#9085);
#9085 = AXIS2_PLACEMENT_3D('',#9086,#9087,#9088);
#9086 = CARTESIAN_POINT('',(2.22,0.32,10.66));
#9087 = DIRECTION('',(0.,0.,-1.));
#9088 = DIRECTION('',(0.,-1.,0.));
#9089 = ADVANCED_FACE('',(#9090),#9096,.F.);
#9090 = FACE_BOUND('',#9091,.F.);
#9091 = EDGE_LOOP('',(#9092,#9093,#9094,#9095));
#9092 = ORIENTED_EDGE('',*,*,#9016,.F.);
#9093 = ORIENTED_EDGE('',*,*,#9002,.T.);
#9094 = ORIENTED_EDGE('',*,*,#8961,.T.);
#9095 = ORIENTED_EDGE('',*,*,#9041,.F.);
#9096 = PLANE('',#9097);
#9097 = AXIS2_PLACEMENT_3D('',#9098,#9099,#9100);
#9098 = CARTESIAN_POINT('',(-0.32,0.32,10.66));
#9099 = DIRECTION('',(0.,0.,-1.));
#9100 = DIRECTION('',(0.,-1.,0.));
#9101 = ( GEOMETRIC_REPRESENTATION_CONTEXT(3) 
GLOBAL_UNCERTAINTY_ASSIGNED_CONTEXT((#9105)) 
GLOBAL_UNIT_ASSIGNED_CONTEXT((#9102,#9103,#9104)) REPRESENTATION_CONTEXT
('Context #1','3D Context with UNIT and UNCERTAINTY') );
#9102 = ( LENGTH_UNIT() NAMED_UNIT(*) SI_UNIT(.MILLI.,.METRE.) );
#9103 = ( NAMED_UNIT(*) PLANE_ANGLE_UNIT() SI_UNIT($,.RADIAN.) );
#9104 = ( NAMED_UNIT(*) SI_UNIT($,.STERADIAN.) SOLID_ANGLE_UNIT() );
#9105 = UNCERTAINTY_MEASURE_WITH_UNIT(LENGTH_MEASURE(1.E-07),#9102,
  'distance_accuracy_value','confusion accuracy');
#9106 = CONTEXT_DEPENDENT_SHAPE_REPRESENTATION(#9107,#9109);
#9107 = ( REPRESENTATION_RELATIONSHIP('','',#7233,#10) 
REPRESENTATION_RELATIONSHIP_WITH_TRANSFORMATION(#9108) 
SHAPE_REPRESENTATION_RELATIONSHIP() );
#9108 = ITEM_DEFINED_TRANSFORMATION('','',#11,#39);
#9109 = PRODUCT_DEFINITION_SHAPE('Placement','Placement of an item',
  #9110);
#9110 = NEXT_ASSEMBLY_USAGE_OCCURRENCE('7','OUT48V_1','',#5,#7228,$);
#9111 = PRODUCT_RELATED_PRODUCT_CATEGORY('part',$,(#7230));
#9112 = CONTEXT_DEPENDENT_SHAPE_REPRESENTATION(#9113,#9115);
#9113 = ( REPRESENTATION_RELATIONSHIP('','',#7233,#10) 
REPRESENTATION_RELATIONSHIP_WITH_TRANSFORMATION(#9114) 
SHAPE_REPRESENTATION_RELATIONSHIP() );
#9114 = ITEM_DEFINED_TRANSFORMATION('','',#11,#43);
#9115 = PRODUCT_DEFINITION_SHAPE('Placement','Placement of an item',
  #9116);
#9116 = NEXT_ASSEMBLY_USAGE_OCCURRENCE('8','J12V1','',#5,#7228,$);
#9117 = CONTEXT_DEPENDENT_SHAPE_REPRESENTATION(#9118,#9120);
#9118 = ( REPRESENTATION_RELATIONSHIP('','',#1528,#10) 
REPRESENTATION_RELATIONSHIP_WITH_TRANSFORMATION(#9119) 
SHAPE_REPRESENTATION_RELATIONSHIP() );
#9119 = ITEM_DEFINED_TRANSFORMATION('','',#11,#47);
#9120 = PRODUCT_DEFINITION_SHAPE('Placement','Placement of an item',
  #9121);
#9121 = NEXT_ASSEMBLY_USAGE_OCCURRENCE('9','J5','',#5,#1523,$);
#9122 = CONTEXT_DEPENDENT_SHAPE_REPRESENTATION(#9123,#9125);
#9123 = ( REPRESENTATION_RELATIONSHIP('','',#7233,#10) 
REPRESENTATION_RELATIONSHIP_WITH_TRANSFORMATION(#9124) 
SHAPE_REPRESENTATION_RELATIONSHIP() );
#9124 = ITEM_DEFINED_TRANSFORMATION('','',#11,#51);
#9125 = PRODUCT_DEFINITION_SHAPE('Placement','Placement of an item',
  #9126);
#9126 = NEXT_ASSEMBLY_USAGE_OCCURRENCE('10','IN48V_1','',#5,#7228,$);
#9127 = CONTEXT_DEPENDENT_SHAPE_REPRESENTATION(#9128,#9130);
#9128 = ( REPRESENTATION_RELATIONSHIP('','',#1528,#10) 
REPRESENTATION_RELATIONSHIP_WITH_TRANSFORMATION(#9129) 
SHAPE_REPRESENTATION_RELATIONSHIP() );
#9129 = ITEM_DEFINED_TRANSFORMATION('','',#11,#55);
#9130 = PRODUCT_DEFINITION_SHAPE('Placement','Placement of an item',
  #9131);
#9131 = NEXT_ASSEMBLY_USAGE_OCCURRENCE('11','matrix_out1','',#5,#1523,$
  );
#9132 = CONTEXT_DEPENDENT_SHAPE_REPRESENTATION(#9133,#9135);
#9133 = ( REPRESENTATION_RELATIONSHIP('','',#1528,#10) 
REPRESENTATION_RELATIONSHIP_WITH_TRANSFORMATION(#9134) 
SHAPE_REPRESENTATION_RELATIONSHIP() );
#9134 = ITEM_DEFINED_TRANSFORMATION('','',#11,#59);
#9135 = PRODUCT_DEFINITION_SHAPE('Placement','Placement of an item',
  #9136);
#9136 = NEXT_ASSEMBLY_USAGE_OCCURRENCE('12','J2','',#5,#1523,$);
#9137 = SHAPE_DEFINITION_REPRESENTATION(#9138,#9144);
#9138 = PRODUCT_DEFINITION_SHAPE('','',#9139);
#9139 = PRODUCT_DEFINITION('design','',#9140,#9143);
#9140 = PRODUCT_DEFINITION_FORMATION('','',#9141);
#9141 = PRODUCT('R_0805_2012Metric','R_0805_2012Metric','',(#9142));
#9142 = PRODUCT_CONTEXT('',#2,'mechanical');
#9143 = PRODUCT_DEFINITION_CONTEXT('part definition',#2,'design');
#9144 = ADVANCED_BREP_SHAPE_REPRESENTATION('',(#11,#9145),#9935);
#9145 = MANIFOLD_SOLID_BREP('',#9146);
#9146 = CLOSED_SHELL('',(#9147,#9187,#9270,#9295,#9320,#9387,#9404,#9421
    ,#9470,#9487,#9504,#9553,#9570,#9639,#9670,#9694,#9763,#9787,#9804,
    #9821,#9838,#9855,#9872,#9889,#9906,#9923));
#9147 = ADVANCED_FACE('',(#9148),#9182,.F.);
#9148 = FACE_BOUND('',#9149,.F.);
#9149 = EDGE_LOOP('',(#9150,#9160,#9168,#9176));
#9150 = ORIENTED_EDGE('',*,*,#9151,.F.);
#9151 = EDGE_CURVE('',#9152,#9154,#9156,.T.);
#9152 = VERTEX_POINT('',#9153);
#9153 = CARTESIAN_POINT('',(-1.,-0.6,4.5E-02));
#9154 = VERTEX_POINT('',#9155);
#9155 = CARTESIAN_POINT('',(-1.,-0.6,0.405));
#9156 = LINE('',#9157,#9158);
#9157 = CARTESIAN_POINT('',(-1.,-0.6,0.));
#9158 = VECTOR('',#9159,1.);
#9159 = DIRECTION('',(0.,0.,1.));
#9160 = ORIENTED_EDGE('',*,*,#9161,.T.);
#9161 = EDGE_CURVE('',#9152,#9162,#9164,.T.);
#9162 = VERTEX_POINT('',#9163);
#9163 = CARTESIAN_POINT('',(-1.,0.6,4.5E-02));
#9164 = LINE('',#9165,#9166);
#9165 = CARTESIAN_POINT('',(-1.,-0.6,4.5E-02));
#9166 = VECTOR('',#9167,1.);
#9167 = DIRECTION('',(0.,1.,0.));
#9168 = ORIENTED_EDGE('',*,*,#9169,.T.);
#9169 = EDGE_CURVE('',#9162,#9170,#9172,.T.);
#9170 = VERTEX_POINT('',#9171);
#9171 = CARTESIAN_POINT('',(-1.,0.6,0.405));
#9172 = LINE('',#9173,#9174);
#9173 = CARTESIAN_POINT('',(-1.,0.6,0.));
#9174 = VECTOR('',#9175,1.);
#9175 = DIRECTION('',(0.,0.,1.));
#9176 = ORIENTED_EDGE('',*,*,#9177,.F.);
#9177 = EDGE_CURVE('',#9154,#9170,#9178,.T.);
#9178 = LINE('',#9179,#9180);
#9179 = CARTESIAN_POINT('',(-1.,-0.6,0.405));
#9180 = VECTOR('',#9181,1.);
#9181 = DIRECTION('',(0.,1.,0.));
#9182 = PLANE('',#9183);
#9183 = AXIS2_PLACEMENT_3D('',#9184,#9185,#9186);
#9184 = CARTESIAN_POINT('',(-1.,-0.6,0.));
#9185 = DIRECTION('',(1.,0.,0.));
#9186 = DIRECTION('',(0.,0.,1.));
#9187 = ADVANCED_FACE('',(#9188),#9265,.F.);
#9188 = FACE_BOUND('',#9189,.F.);
#9189 = EDGE_LOOP('',(#9190,#9200,#9207,#9208,#9217,#9225,#9234,#9242,
    #9250,#9258));
#9190 = ORIENTED_EDGE('',*,*,#9191,.F.);
#9191 = EDGE_CURVE('',#9192,#9194,#9196,.T.);
#9192 = VERTEX_POINT('',#9193);
#9193 = CARTESIAN_POINT('',(-0.955,-0.6,-2.775557561563E-17));
#9194 = VERTEX_POINT('',#9195);
#9195 = CARTESIAN_POINT('',(-0.745,-0.6,-2.775557561563E-17));
#9196 = LINE('',#9197,#9198);
#9197 = CARTESIAN_POINT('',(-1.,-0.6,0.));
#9198 = VECTOR('',#9199,1.);
#9199 = DIRECTION('',(1.,0.,0.));
#9200 = ORIENTED_EDGE('',*,*,#9201,.F.);
#9201 = EDGE_CURVE('',#9152,#9192,#9202,.T.);
#9202 = CIRCLE('',#9203,4.5E-02);
#9203 = AXIS2_PLACEMENT_3D('',#9204,#9205,#9206);
#9204 = CARTESIAN_POINT('',(-0.955,-0.6,4.5E-02));
#9205 = DIRECTION('',(0.,-1.,0.));
#9206 = DIRECTION('',(0.,0.,1.));
#9207 = ORIENTED_EDGE('',*,*,#9151,.T.);
#9208 = ORIENTED_EDGE('',*,*,#9209,.T.);
#9209 = EDGE_CURVE('',#9154,#9210,#9212,.T.);
#9210 = VERTEX_POINT('',#9211);
#9211 = CARTESIAN_POINT('',(-0.955,-0.6,0.45));
#9212 = CIRCLE('',#9213,4.5E-02);
#9213 = AXIS2_PLACEMENT_3D('',#9214,#9215,#9216);
#9214 = CARTESIAN_POINT('',(-0.955,-0.6,0.405));
#9215 = DIRECTION('',(0.,1.,0.));
#9216 = DIRECTION('',(0.,-0.,1.));
#9217 = ORIENTED_EDGE('',*,*,#9218,.T.);
#9218 = EDGE_CURVE('',#9210,#9219,#9221,.T.);
#9219 = VERTEX_POINT('',#9220);
#9220 = CARTESIAN_POINT('',(-0.745,-0.6,0.45));
#9221 = LINE('',#9222,#9223);
#9222 = CARTESIAN_POINT('',(-1.,-0.6,0.45));
#9223 = VECTOR('',#9224,1.);
#9224 = DIRECTION('',(1.,0.,0.));
#9225 = ORIENTED_EDGE('',*,*,#9226,.F.);
#9226 = EDGE_CURVE('',#9227,#9219,#9229,.T.);
#9227 = VERTEX_POINT('',#9228);
#9228 = CARTESIAN_POINT('',(-0.7,-0.6,0.405));
#9229 = CIRCLE('',#9230,4.5E-02);
#9230 = AXIS2_PLACEMENT_3D('',#9231,#9232,#9233);
#9231 = CARTESIAN_POINT('',(-0.745,-0.6,0.405));
#9232 = DIRECTION('',(0.,-1.,0.));
#9233 = DIRECTION('',(0.,0.,1.));
#9234 = ORIENTED_EDGE('',*,*,#9235,.F.);
#9235 = EDGE_CURVE('',#9236,#9227,#9238,.T.);
#9236 = VERTEX_POINT('',#9237);
#9237 = CARTESIAN_POINT('',(-0.955,-0.6,0.405));
#9238 = LINE('',#9239,#9240);
#9239 = CARTESIAN_POINT('',(-0.955,-0.6,0.405));
#9240 = VECTOR('',#9241,1.);
#9241 = DIRECTION('',(1.,0.,0.));
#9242 = ORIENTED_EDGE('',*,*,#9243,.F.);
#9243 = EDGE_CURVE('',#9244,#9236,#9246,.T.);
#9244 = VERTEX_POINT('',#9245);
#9245 = CARTESIAN_POINT('',(-0.955,-0.6,4.5E-02));
#9246 = LINE('',#9247,#9248);
#9247 = CARTESIAN_POINT('',(-0.955,-0.6,4.5E-02));
#9248 = VECTOR('',#9249,1.);
#9249 = DIRECTION('',(0.,0.,1.));
#9250 = ORIENTED_EDGE('',*,*,#9251,.T.);
#9251 = EDGE_CURVE('',#9244,#9252,#9254,.T.);
#9252 = VERTEX_POINT('',#9253);
#9253 = CARTESIAN_POINT('',(-0.7,-0.6,4.5E-02));
#9254 = LINE('',#9255,#9256);
#9255 = CARTESIAN_POINT('',(-0.955,-0.6,4.5E-02));
#9256 = VECTOR('',#9257,1.);
#9257 = DIRECTION('',(1.,0.,0.));
#9258 = ORIENTED_EDGE('',*,*,#9259,.T.);
#9259 = EDGE_CURVE('',#9252,#9194,#9260,.T.);
#9260 = CIRCLE('',#9261,4.5E-02);
#9261 = AXIS2_PLACEMENT_3D('',#9262,#9263,#9264);
#9262 = CARTESIAN_POINT('',(-0.745,-0.6,4.5E-02));
#9263 = DIRECTION('',(0.,1.,0.));
#9264 = DIRECTION('',(0.,-0.,1.));
#9265 = PLANE('',#9266);
#9266 = AXIS2_PLACEMENT_3D('',#9267,#9268,#9269);
#9267 = CARTESIAN_POINT('',(-1.,-0.6,0.));
#9268 = DIRECTION('',(0.,1.,0.));
#9269 = DIRECTION('',(0.,-0.,1.));
#9270 = ADVANCED_FACE('',(#9271),#9290,.T.);
#9271 = FACE_BOUND('',#9272,.T.);
#9272 = EDGE_LOOP('',(#9273,#9274,#9283,#9289));
#9273 = ORIENTED_EDGE('',*,*,#9161,.T.);
#9274 = ORIENTED_EDGE('',*,*,#9275,.T.);
#9275 = EDGE_CURVE('',#9162,#9276,#9278,.T.);
#9276 = VERTEX_POINT('',#9277);
#9277 = CARTESIAN_POINT('',(-0.955,0.6,-2.775557561563E-17));
#9278 = CIRCLE('',#9279,4.5E-02);
#9279 = AXIS2_PLACEMENT_3D('',#9280,#9281,#9282);
#9280 = CARTESIAN_POINT('',(-0.955,0.6,4.5E-02));
#9281 = DIRECTION('',(0.,-1.,0.));
#9282 = DIRECTION('',(0.,0.,1.));
#9283 = ORIENTED_EDGE('',*,*,#9284,.F.);
#9284 = EDGE_CURVE('',#9192,#9276,#9285,.T.);
#9285 = LINE('',#9286,#9287);
#9286 = CARTESIAN_POINT('',(-0.955,-0.6,-2.775557561563E-17));
#9287 = VECTOR('',#9288,1.);
#9288 = DIRECTION('',(0.,1.,0.));
#9289 = ORIENTED_EDGE('',*,*,#9201,.F.);
#9290 = CYLINDRICAL_SURFACE('',#9291,4.5E-02);
#9291 = AXIS2_PLACEMENT_3D('',#9292,#9293,#9294);
#9292 = CARTESIAN_POINT('',(-0.955,-0.6,4.5E-02));
#9293 = DIRECTION('',(0.,1.,0.));
#9294 = DIRECTION('',(-1.,0.,0.));
#9295 = ADVANCED_FACE('',(#9296),#9315,.T.);
#9296 = FACE_BOUND('',#9297,.T.);
#9297 = EDGE_LOOP('',(#9298,#9299,#9307,#9314));
#9298 = ORIENTED_EDGE('',*,*,#9209,.T.);
#9299 = ORIENTED_EDGE('',*,*,#9300,.T.);
#9300 = EDGE_CURVE('',#9210,#9301,#9303,.T.);
#9301 = VERTEX_POINT('',#9302);
#9302 = CARTESIAN_POINT('',(-0.955,0.6,0.45));
#9303 = LINE('',#9304,#9305);
#9304 = CARTESIAN_POINT('',(-0.955,-0.6,0.45));
#9305 = VECTOR('',#9306,1.);
#9306 = DIRECTION('',(0.,1.,0.));
#9307 = ORIENTED_EDGE('',*,*,#9308,.F.);
#9308 = EDGE_CURVE('',#9170,#9301,#9309,.T.);
#9309 = CIRCLE('',#9310,4.5E-02);
#9310 = AXIS2_PLACEMENT_3D('',#9311,#9312,#9313);
#9311 = CARTESIAN_POINT('',(-0.955,0.6,0.405));
#9312 = DIRECTION('',(0.,1.,0.));
#9313 = DIRECTION('',(0.,-0.,1.));
#9314 = ORIENTED_EDGE('',*,*,#9177,.F.);
#9315 = CYLINDRICAL_SURFACE('',#9316,4.5E-02);
#9316 = AXIS2_PLACEMENT_3D('',#9317,#9318,#9319);
#9317 = CARTESIAN_POINT('',(-0.955,-0.6,0.405));
#9318 = DIRECTION('',(0.,1.,0.));
#9319 = DIRECTION('',(-1.,0.,0.));
#9320 = ADVANCED_FACE('',(#9321),#9382,.T.);
#9321 = FACE_BOUND('',#9322,.T.);
#9322 = EDGE_LOOP('',(#9323,#9331,#9332,#9333,#9334,#9342,#9351,#9359,
    #9367,#9375));
#9323 = ORIENTED_EDGE('',*,*,#9324,.F.);
#9324 = EDGE_CURVE('',#9276,#9325,#9327,.T.);
#9325 = VERTEX_POINT('',#9326);
#9326 = CARTESIAN_POINT('',(-0.745,0.6,-2.775557561563E-17));
#9327 = LINE('',#9328,#9329);
#9328 = CARTESIAN_POINT('',(-1.,0.6,0.));
#9329 = VECTOR('',#9330,1.);
#9330 = DIRECTION('',(1.,0.,0.));
#9331 = ORIENTED_EDGE('',*,*,#9275,.F.);
#9332 = ORIENTED_EDGE('',*,*,#9169,.T.);
#9333 = ORIENTED_EDGE('',*,*,#9308,.T.);
#9334 = ORIENTED_EDGE('',*,*,#9335,.T.);
#9335 = EDGE_CURVE('',#9301,#9336,#9338,.T.);
#9336 = VERTEX_POINT('',#9337);
#9337 = CARTESIAN_POINT('',(-0.745,0.6,0.45));
#9338 = LINE('',#9339,#9340);
#9339 = CARTESIAN_POINT('',(-1.,0.6,0.45));
#9340 = VECTOR('',#9341,1.);
#9341 = DIRECTION('',(1.,0.,0.));
#9342 = ORIENTED_EDGE('',*,*,#9343,.F.);
#9343 = EDGE_CURVE('',#9344,#9336,#9346,.T.);
#9344 = VERTEX_POINT('',#9345);
#9345 = CARTESIAN_POINT('',(-0.7,0.6,0.405));
#9346 = CIRCLE('',#9347,4.5E-02);
#9347 = AXIS2_PLACEMENT_3D('',#9348,#9349,#9350);
#9348 = CARTESIAN_POINT('',(-0.745,0.6,0.405));
#9349 = DIRECTION('',(0.,-1.,0.));
#9350 = DIRECTION('',(0.,0.,1.));
#9351 = ORIENTED_EDGE('',*,*,#9352,.F.);
#9352 = EDGE_CURVE('',#9353,#9344,#9355,.T.);
#9353 = VERTEX_POINT('',#9354);
#9354 = CARTESIAN_POINT('',(-0.955,0.6,0.405));
#9355 = LINE('',#9356,#9357);
#9356 = CARTESIAN_POINT('',(-0.955,0.6,0.405));
#9357 = VECTOR('',#9358,1.);
#9358 = DIRECTION('',(1.,0.,0.));
#9359 = ORIENTED_EDGE('',*,*,#9360,.F.);
#9360 = EDGE_CURVE('',#9361,#9353,#9363,.T.);
#9361 = VERTEX_POINT('',#9362);
#9362 = CARTESIAN_POINT('',(-0.955,0.6,4.5E-02));
#9363 = LINE('',#9364,#9365);
#9364 = CARTESIAN_POINT('',(-0.955,0.6,4.5E-02));
#9365 = VECTOR('',#9366,1.);
#9366 = DIRECTION('',(0.,0.,1.));
#9367 = ORIENTED_EDGE('',*,*,#9368,.T.);
#9368 = EDGE_CURVE('',#9361,#9369,#9371,.T.);
#9369 = VERTEX_POINT('',#9370);
#9370 = CARTESIAN_POINT('',(-0.7,0.6,4.5E-02));
#9371 = LINE('',#9372,#9373);
#9372 = CARTESIAN_POINT('',(-0.955,0.6,4.5E-02));
#9373 = VECTOR('',#9374,1.);
#9374 = DIRECTION('',(1.,0.,0.));
#9375 = ORIENTED_EDGE('',*,*,#9376,.T.);
#9376 = EDGE_CURVE('',#9369,#9325,#9377,.T.);
#9377 = CIRCLE('',#9378,4.5E-02);
#9378 = AXIS2_PLACEMENT_3D('',#9379,#9380,#9381);
#9379 = CARTESIAN_POINT('',(-0.745,0.6,4.5E-02));
#9380 = DIRECTION('',(0.,1.,0.));
#9381 = DIRECTION('',(0.,-0.,1.));
#9382 = PLANE('',#9383);
#9383 = AXIS2_PLACEMENT_3D('',#9384,#9385,#9386);
#9384 = CARTESIAN_POINT('',(-1.,0.6,0.));
#9385 = DIRECTION('',(0.,1.,0.));
#9386 = DIRECTION('',(0.,-0.,1.));
#9387 = ADVANCED_FACE('',(#9388),#9399,.F.);
#9388 = FACE_BOUND('',#9389,.F.);
#9389 = EDGE_LOOP('',(#9390,#9391,#9392,#9393));
#9390 = ORIENTED_EDGE('',*,*,#9324,.F.);
#9391 = ORIENTED_EDGE('',*,*,#9284,.F.);
#9392 = ORIENTED_EDGE('',*,*,#9191,.T.);
#9393 = ORIENTED_EDGE('',*,*,#9394,.T.);
#9394 = EDGE_CURVE('',#9194,#9325,#9395,.T.);
#9395 = LINE('',#9396,#9397);
#9396 = CARTESIAN_POINT('',(-0.745,-0.6,-2.775557561563E-17));
#9397 = VECTOR('',#9398,1.);
#9398 = DIRECTION('',(0.,1.,0.));
#9399 = PLANE('',#9400);
#9400 = AXIS2_PLACEMENT_3D('',#9401,#9402,#9403);
#9401 = CARTESIAN_POINT('',(-1.,-0.6,0.));
#9402 = DIRECTION('',(0.,0.,1.));
#9403 = DIRECTION('',(1.,0.,-0.));
#9404 = ADVANCED_FACE('',(#9405),#9416,.T.);
#9405 = FACE_BOUND('',#9406,.T.);
#9406 = EDGE_LOOP('',(#9407,#9408,#9409,#9410));
#9407 = ORIENTED_EDGE('',*,*,#9259,.T.);
#9408 = ORIENTED_EDGE('',*,*,#9394,.T.);
#9409 = ORIENTED_EDGE('',*,*,#9376,.F.);
#9410 = ORIENTED_EDGE('',*,*,#9411,.F.);
#9411 = EDGE_CURVE('',#9252,#9369,#9412,.T.);
#9412 = LINE('',#9413,#9414);
#9413 = CARTESIAN_POINT('',(-0.7,-0.6,4.5E-02));
#9414 = VECTOR('',#9415,1.);
#9415 = DIRECTION('',(0.,1.,0.));
#9416 = CYLINDRICAL_SURFACE('',#9417,4.5E-02);
#9417 = AXIS2_PLACEMENT_3D('',#9418,#9419,#9420);
#9418 = CARTESIAN_POINT('',(-0.745,-0.6,4.5E-02));
#9419 = DIRECTION('',(0.,1.,0.));
#9420 = DIRECTION('',(1.,0.,0.));
#9421 = ADVANCED_FACE('',(#9422),#9465,.F.);
#9422 = FACE_BOUND('',#9423,.F.);
#9423 = EDGE_LOOP('',(#9424,#9425,#9426,#9427,#9435,#9443,#9451,#9459));
#9424 = ORIENTED_EDGE('',*,*,#9251,.F.);
#9425 = ORIENTED_EDGE('',*,*,#9243,.T.);
#9426 = ORIENTED_EDGE('',*,*,#9235,.T.);
#9427 = ORIENTED_EDGE('',*,*,#9428,.T.);
#9428 = EDGE_CURVE('',#9227,#9429,#9431,.T.);
#9429 = VERTEX_POINT('',#9430);
#9430 = CARTESIAN_POINT('',(0.7,-0.6,0.405));
#9431 = LINE('',#9432,#9433);
#9432 = CARTESIAN_POINT('',(-0.7,-0.6,0.405));
#9433 = VECTOR('',#9434,1.);
#9434 = DIRECTION('',(1.,0.,0.));
#9435 = ORIENTED_EDGE('',*,*,#9436,.T.);
#9436 = EDGE_CURVE('',#9429,#9437,#9439,.T.);
#9437 = VERTEX_POINT('',#9438);
#9438 = CARTESIAN_POINT('',(0.955,-0.6,0.405));
#9439 = LINE('',#9440,#9441);
#9440 = CARTESIAN_POINT('',(-0.955,-0.6,0.405));
#9441 = VECTOR('',#9442,1.);
#9442 = DIRECTION('',(1.,0.,0.));
#9443 = ORIENTED_EDGE('',*,*,#9444,.F.);
#9444 = EDGE_CURVE('',#9445,#9437,#9447,.T.);
#9445 = VERTEX_POINT('',#9446);
#9446 = CARTESIAN_POINT('',(0.955,-0.6,4.5E-02));
#9447 = LINE('',#9448,#9449);
#9448 = CARTESIAN_POINT('',(0.955,-0.6,4.5E-02));
#9449 = VECTOR('',#9450,1.);
#9450 = DIRECTION('',(0.,0.,1.));
#9451 = ORIENTED_EDGE('',*,*,#9452,.F.);
#9452 = EDGE_CURVE('',#9453,#9445,#9455,.T.);
#9453 = VERTEX_POINT('',#9454);
#9454 = CARTESIAN_POINT('',(0.7,-0.6,4.5E-02));
#9455 = LINE('',#9456,#9457);
#9456 = CARTESIAN_POINT('',(-0.955,-0.6,4.5E-02));
#9457 = VECTOR('',#9458,1.);
#9458 = DIRECTION('',(1.,0.,0.));
#9459 = ORIENTED_EDGE('',*,*,#9460,.F.);
#9460 = EDGE_CURVE('',#9252,#9453,#9461,.T.);
#9461 = LINE('',#9462,#9463);
#9462 = CARTESIAN_POINT('',(-0.955,-0.6,4.5E-02));
#9463 = VECTOR('',#9464,1.);
#9464 = DIRECTION('',(1.,0.,0.));
#9465 = PLANE('',#9466);
#9466 = AXIS2_PLACEMENT_3D('',#9467,#9468,#9469);
#9467 = CARTESIAN_POINT('',(-0.955,-0.6,4.5E-02));
#9468 = DIRECTION('',(0.,1.,0.));
#9469 = DIRECTION('',(0.,-0.,1.));
#9470 = ADVANCED_FACE('',(#9471),#9482,.T.);
#9471 = FACE_BOUND('',#9472,.T.);
#9472 = EDGE_LOOP('',(#9473,#9474,#9475,#9476));
#9473 = ORIENTED_EDGE('',*,*,#9335,.F.);
#9474 = ORIENTED_EDGE('',*,*,#9300,.F.);
#9475 = ORIENTED_EDGE('',*,*,#9218,.T.);
#9476 = ORIENTED_EDGE('',*,*,#9477,.T.);
#9477 = EDGE_CURVE('',#9219,#9336,#9478,.T.);
#9478 = LINE('',#9479,#9480);
#9479 = CARTESIAN_POINT('',(-0.745,-0.6,0.45));
#9480 = VECTOR('',#9481,1.);
#9481 = DIRECTION('',(0.,1.,0.));
#9482 = PLANE('',#9483);
#9483 = AXIS2_PLACEMENT_3D('',#9484,#9485,#9486);
#9484 = CARTESIAN_POINT('',(-1.,-0.6,0.45));
#9485 = DIRECTION('',(0.,0.,1.));
#9486 = DIRECTION('',(1.,0.,-0.));
#9487 = ADVANCED_FACE('',(#9488),#9499,.T.);
#9488 = FACE_BOUND('',#9489,.T.);
#9489 = EDGE_LOOP('',(#9490,#9496,#9497,#9498));
#9490 = ORIENTED_EDGE('',*,*,#9491,.T.);
#9491 = EDGE_CURVE('',#9227,#9344,#9492,.T.);
#9492 = LINE('',#9493,#9494);
#9493 = CARTESIAN_POINT('',(-0.7,-0.6,0.405));
#9494 = VECTOR('',#9495,1.);
#9495 = DIRECTION('',(0.,1.,0.));
#9496 = ORIENTED_EDGE('',*,*,#9343,.T.);
#9497 = ORIENTED_EDGE('',*,*,#9477,.F.);
#9498 = ORIENTED_EDGE('',*,*,#9226,.F.);
#9499 = CYLINDRICAL_SURFACE('',#9500,4.5E-02);
#9500 = AXIS2_PLACEMENT_3D('',#9501,#9502,#9503);
#9501 = CARTESIAN_POINT('',(-0.745,-0.6,0.405));
#9502 = DIRECTION('',(0.,1.,0.));
#9503 = DIRECTION('',(1.,0.,0.));
#9504 = ADVANCED_FACE('',(#9505),#9548,.T.);
#9505 = FACE_BOUND('',#9506,.T.);
#9506 = EDGE_LOOP('',(#9507,#9508,#9509,#9510,#9518,#9526,#9534,#9542));
#9507 = ORIENTED_EDGE('',*,*,#9368,.F.);
#9508 = ORIENTED_EDGE('',*,*,#9360,.T.);
#9509 = ORIENTED_EDGE('',*,*,#9352,.T.);
#9510 = ORIENTED_EDGE('',*,*,#9511,.T.);
#9511 = EDGE_CURVE('',#9344,#9512,#9514,.T.);
#9512 = VERTEX_POINT('',#9513);
#9513 = CARTESIAN_POINT('',(0.7,0.6,0.405));
#9514 = LINE('',#9515,#9516);
#9515 = CARTESIAN_POINT('',(-0.7,0.6,0.405));
#9516 = VECTOR('',#9517,1.);
#9517 = DIRECTION('',(1.,0.,0.));
#9518 = ORIENTED_EDGE('',*,*,#9519,.T.);
#9519 = EDGE_CURVE('',#9512,#9520,#9522,.T.);
#9520 = VERTEX_POINT('',#9521);
#9521 = CARTESIAN_POINT('',(0.955,0.6,0.405));
#9522 = LINE('',#9523,#9524);
#9523 = CARTESIAN_POINT('',(-0.955,0.6,0.405));
#9524 = VECTOR('',#9525,1.);
#9525 = DIRECTION('',(1.,0.,0.));
#9526 = ORIENTED_EDGE('',*,*,#9527,.F.);
#9527 = EDGE_CURVE('',#9528,#9520,#9530,.T.);
#9528 = VERTEX_POINT('',#9529);
#9529 = CARTESIAN_POINT('',(0.955,0.6,4.5E-02));
#9530 = LINE('',#9531,#9532);
#9531 = CARTESIAN_POINT('',(0.955,0.6,4.5E-02));
#9532 = VECTOR('',#9533,1.);
#9533 = DIRECTION('',(0.,0.,1.));
#9534 = ORIENTED_EDGE('',*,*,#9535,.F.);
#9535 = EDGE_CURVE('',#9536,#9528,#9538,.T.);
#9536 = VERTEX_POINT('',#9537);
#9537 = CARTESIAN_POINT('',(0.7,0.6,4.5E-02));
#9538 = LINE('',#9539,#9540);
#9539 = CARTESIAN_POINT('',(-0.955,0.6,4.5E-02));
#9540 = VECTOR('',#9541,1.);
#9541 = DIRECTION('',(1.,0.,0.));
#9542 = ORIENTED_EDGE('',*,*,#9543,.F.);
#9543 = EDGE_CURVE('',#9369,#9536,#9544,.T.);
#9544 = LINE('',#9545,#9546);
#9545 = CARTESIAN_POINT('',(-0.955,0.6,4.5E-02));
#9546 = VECTOR('',#9547,1.);
#9547 = DIRECTION('',(1.,0.,0.));
#9548 = PLANE('',#9549);
#9549 = AXIS2_PLACEMENT_3D('',#9550,#9551,#9552);
#9550 = CARTESIAN_POINT('',(-0.955,0.6,4.5E-02));
#9551 = DIRECTION('',(0.,1.,0.));
#9552 = DIRECTION('',(0.,-0.,1.));
#9553 = ADVANCED_FACE('',(#9554),#9565,.F.);
#9554 = FACE_BOUND('',#9555,.F.);
#9555 = EDGE_LOOP('',(#9556,#9557,#9558,#9564));
#9556 = ORIENTED_EDGE('',*,*,#9411,.F.);
#9557 = ORIENTED_EDGE('',*,*,#9460,.T.);
#9558 = ORIENTED_EDGE('',*,*,#9559,.T.);
#9559 = EDGE_CURVE('',#9453,#9536,#9560,.T.);
#9560 = LINE('',#9561,#9562);
#9561 = CARTESIAN_POINT('',(0.7,-0.6,4.5E-02));
#9562 = VECTOR('',#9563,1.);
#9563 = DIRECTION('',(0.,1.,0.));
#9564 = ORIENTED_EDGE('',*,*,#9543,.F.);
#9565 = PLANE('',#9566);
#9566 = AXIS2_PLACEMENT_3D('',#9567,#9568,#9569);
#9567 = CARTESIAN_POINT('',(-0.955,-0.6,4.5E-02));
#9568 = DIRECTION('',(0.,0.,1.));
#9569 = DIRECTION('',(1.,0.,-0.));
#9570 = ADVANCED_FACE('',(#9571),#9634,.F.);
#9571 = FACE_BOUND('',#9572,.F.);
#9572 = EDGE_LOOP('',(#9573,#9583,#9590,#9591,#9592,#9593,#9602,#9610,
    #9619,#9627));
#9573 = ORIENTED_EDGE('',*,*,#9574,.F.);
#9574 = EDGE_CURVE('',#9575,#9577,#9579,.T.);
#9575 = VERTEX_POINT('',#9576);
#9576 = CARTESIAN_POINT('',(0.745,-0.6,-2.775557561563E-17));
#9577 = VERTEX_POINT('',#9578);
#9578 = CARTESIAN_POINT('',(0.955,-0.6,-2.775557561563E-17));
#9579 = LINE('',#9580,#9581);
#9580 = CARTESIAN_POINT('',(0.7,-0.6,0.));
#9581 = VECTOR('',#9582,1.);
#9582 = DIRECTION('',(1.,0.,0.));
#9583 = ORIENTED_EDGE('',*,*,#9584,.F.);
#9584 = EDGE_CURVE('',#9453,#9575,#9585,.T.);
#9585 = CIRCLE('',#9586,4.5E-02);
#9586 = AXIS2_PLACEMENT_3D('',#9587,#9588,#9589);
#9587 = CARTESIAN_POINT('',(0.745,-0.6,4.5E-02));
#9588 = DIRECTION('',(0.,-1.,0.));
#9589 = DIRECTION('',(0.,0.,1.));
#9590 = ORIENTED_EDGE('',*,*,#9452,.T.);
#9591 = ORIENTED_EDGE('',*,*,#9444,.T.);
#9592 = ORIENTED_EDGE('',*,*,#9436,.F.);
#9593 = ORIENTED_EDGE('',*,*,#9594,.T.);
#9594 = EDGE_CURVE('',#9429,#9595,#9597,.T.);
#9595 = VERTEX_POINT('',#9596);
#9596 = CARTESIAN_POINT('',(0.745,-0.6,0.45));
#9597 = CIRCLE('',#9598,4.5E-02);
#9598 = AXIS2_PLACEMENT_3D('',#9599,#9600,#9601);
#9599 = CARTESIAN_POINT('',(0.745,-0.6,0.405));
#9600 = DIRECTION('',(0.,1.,0.));
#9601 = DIRECTION('',(0.,-0.,1.));
#9602 = ORIENTED_EDGE('',*,*,#9603,.T.);
#9603 = EDGE_CURVE('',#9595,#9604,#9606,.T.);
#9604 = VERTEX_POINT('',#9605);
#9605 = CARTESIAN_POINT('',(0.955,-0.6,0.45));
#9606 = LINE('',#9607,#9608);
#9607 = CARTESIAN_POINT('',(0.7,-0.6,0.45));
#9608 = VECTOR('',#9609,1.);
#9609 = DIRECTION('',(1.,0.,0.));
#9610 = ORIENTED_EDGE('',*,*,#9611,.F.);
#9611 = EDGE_CURVE('',#9612,#9604,#9614,.T.);
#9612 = VERTEX_POINT('',#9613);
#9613 = CARTESIAN_POINT('',(1.,-0.6,0.405));
#9614 = CIRCLE('',#9615,4.5E-02);
#9615 = AXIS2_PLACEMENT_3D('',#9616,#9617,#9618);
#9616 = CARTESIAN_POINT('',(0.955,-0.6,0.405));
#9617 = DIRECTION('',(0.,-1.,0.));
#9618 = DIRECTION('',(0.,0.,1.));
#9619 = ORIENTED_EDGE('',*,*,#9620,.F.);
#9620 = EDGE_CURVE('',#9621,#9612,#9623,.T.);
#9621 = VERTEX_POINT('',#9622);
#9622 = CARTESIAN_POINT('',(1.,-0.6,4.5E-02));
#9623 = LINE('',#9624,#9625);
#9624 = CARTESIAN_POINT('',(1.,-0.6,0.));
#9625 = VECTOR('',#9626,1.);
#9626 = DIRECTION('',(0.,0.,1.));
#9627 = ORIENTED_EDGE('',*,*,#9628,.T.);
#9628 = EDGE_CURVE('',#9621,#9577,#9629,.T.);
#9629 = CIRCLE('',#9630,4.5E-02);
#9630 = AXIS2_PLACEMENT_3D('',#9631,#9632,#9633);
#9631 = CARTESIAN_POINT('',(0.955,-0.6,4.5E-02));
#9632 = DIRECTION('',(0.,1.,0.));
#9633 = DIRECTION('',(0.,-0.,1.));
#9634 = PLANE('',#9635);
#9635 = AXIS2_PLACEMENT_3D('',#9636,#9637,#9638);
#9636 = CARTESIAN_POINT('',(0.7,-0.6,0.));
#9637 = DIRECTION('',(0.,1.,0.));
#9638 = DIRECTION('',(0.,-0.,1.));
#9639 = ADVANCED_FACE('',(#9640),#9665,.F.);
#9640 = FACE_BOUND('',#9641,.F.);
#9641 = EDGE_LOOP('',(#9642,#9643,#9651,#9659));
#9642 = ORIENTED_EDGE('',*,*,#9428,.F.);
#9643 = ORIENTED_EDGE('',*,*,#9644,.T.);
#9644 = EDGE_CURVE('',#9227,#9645,#9647,.T.);
#9645 = VERTEX_POINT('',#9646);
#9646 = CARTESIAN_POINT('',(-0.7,-0.6,0.45));
#9647 = LINE('',#9648,#9649);
#9648 = CARTESIAN_POINT('',(-0.7,-0.6,0.405));
#9649 = VECTOR('',#9650,1.);
#9650 = DIRECTION('',(0.,0.,1.));
#9651 = ORIENTED_EDGE('',*,*,#9652,.T.);
#9652 = EDGE_CURVE('',#9645,#9653,#9655,.T.);
#9653 = VERTEX_POINT('',#9654);
#9654 = CARTESIAN_POINT('',(0.7,-0.6,0.45));
#9655 = LINE('',#9656,#9657);
#9656 = CARTESIAN_POINT('',(-0.7,-0.6,0.45));
#9657 = VECTOR('',#9658,1.);
#9658 = DIRECTION('',(1.,0.,0.));
#9659 = ORIENTED_EDGE('',*,*,#9660,.F.);
#9660 = EDGE_CURVE('',#9429,#9653,#9661,.T.);
#9661 = LINE('',#9662,#9663);
#9662 = CARTESIAN_POINT('',(0.7,-0.6,0.405));
#9663 = VECTOR('',#9664,1.);
#9664 = DIRECTION('',(0.,0.,1.));
#9665 = PLANE('',#9666);
#9666 = AXIS2_PLACEMENT_3D('',#9667,#9668,#9669);
#9667 = CARTESIAN_POINT('',(-0.7,-0.6,0.405));
#9668 = DIRECTION('',(0.,1.,0.));
#9669 = DIRECTION('',(0.,-0.,1.));
#9670 = ADVANCED_FACE('',(#9671),#9689,.F.);
#9671 = FACE_BOUND('',#9672,.F.);
#9672 = EDGE_LOOP('',(#9673,#9674,#9675,#9683));
#9673 = ORIENTED_EDGE('',*,*,#9644,.F.);
#9674 = ORIENTED_EDGE('',*,*,#9491,.T.);
#9675 = ORIENTED_EDGE('',*,*,#9676,.T.);
#9676 = EDGE_CURVE('',#9344,#9677,#9679,.T.);
#9677 = VERTEX_POINT('',#9678);
#9678 = CARTESIAN_POINT('',(-0.7,0.6,0.45));
#9679 = LINE('',#9680,#9681);
#9680 = CARTESIAN_POINT('',(-0.7,0.6,0.405));
#9681 = VECTOR('',#9682,1.);
#9682 = DIRECTION('',(0.,0.,1.));
#9683 = ORIENTED_EDGE('',*,*,#9684,.F.);
#9684 = EDGE_CURVE('',#9645,#9677,#9685,.T.);
#9685 = LINE('',#9686,#9687);
#9686 = CARTESIAN_POINT('',(-0.7,-0.6,0.45));
#9687 = VECTOR('',#9688,1.);
#9688 = DIRECTION('',(0.,1.,0.));
#9689 = PLANE('',#9690);
#9690 = AXIS2_PLACEMENT_3D('',#9691,#9692,#9693);
#9691 = CARTESIAN_POINT('',(-0.7,-0.6,0.405));
#9692 = DIRECTION('',(1.,0.,0.));
#9693 = DIRECTION('',(0.,0.,1.));
#9694 = ADVANCED_FACE('',(#9695),#9758,.T.);
#9695 = FACE_BOUND('',#9696,.T.);
#9696 = EDGE_LOOP('',(#9697,#9707,#9714,#9715,#9716,#9717,#9726,#9734,
    #9743,#9751));
#9697 = ORIENTED_EDGE('',*,*,#9698,.F.);
#9698 = EDGE_CURVE('',#9699,#9701,#9703,.T.);
#9699 = VERTEX_POINT('',#9700);
#9700 = CARTESIAN_POINT('',(0.745,0.6,-2.775557561563E-17));
#9701 = VERTEX_POINT('',#9702);
#9702 = CARTESIAN_POINT('',(0.955,0.6,-2.775557561563E-17));
#9703 = LINE('',#9704,#9705);
#9704 = CARTESIAN_POINT('',(0.7,0.6,0.));
#9705 = VECTOR('',#9706,1.);
#9706 = DIRECTION('',(1.,0.,0.));
#9707 = ORIENTED_EDGE('',*,*,#9708,.F.);
#9708 = EDGE_CURVE('',#9536,#9699,#9709,.T.);
#9709 = CIRCLE('',#9710,4.5E-02);
#9710 = AXIS2_PLACEMENT_3D('',#9711,#9712,#9713);
#9711 = CARTESIAN_POINT('',(0.745,0.6,4.5E-02));
#9712 = DIRECTION('',(0.,-1.,0.));
#9713 = DIRECTION('',(0.,0.,1.));
#9714 = ORIENTED_EDGE('',*,*,#9535,.T.);
#9715 = ORIENTED_EDGE('',*,*,#9527,.T.);
#9716 = ORIENTED_EDGE('',*,*,#9519,.F.);
#9717 = ORIENTED_EDGE('',*,*,#9718,.T.);
#9718 = EDGE_CURVE('',#9512,#9719,#9721,.T.);
#9719 = VERTEX_POINT('',#9720);
#9720 = CARTESIAN_POINT('',(0.745,0.6,0.45));
#9721 = CIRCLE('',#9722,4.5E-02);
#9722 = AXIS2_PLACEMENT_3D('',#9723,#9724,#9725);
#9723 = CARTESIAN_POINT('',(0.745,0.6,0.405));
#9724 = DIRECTION('',(0.,1.,0.));
#9725 = DIRECTION('',(0.,-0.,1.));
#9726 = ORIENTED_EDGE('',*,*,#9727,.T.);
#9727 = EDGE_CURVE('',#9719,#9728,#9730,.T.);
#9728 = VERTEX_POINT('',#9729);
#9729 = CARTESIAN_POINT('',(0.955,0.6,0.45));
#9730 = LINE('',#9731,#9732);
#9731 = CARTESIAN_POINT('',(0.7,0.6,0.45));
#9732 = VECTOR('',#9733,1.);
#9733 = DIRECTION('',(1.,0.,0.));
#9734 = ORIENTED_EDGE('',*,*,#9735,.F.);
#9735 = EDGE_CURVE('',#9736,#9728,#9738,.T.);
#9736 = VERTEX_POINT('',#9737);
#9737 = CARTESIAN_POINT('',(1.,0.6,0.405));
#9738 = CIRCLE('',#9739,4.5E-02);
#9739 = AXIS2_PLACEMENT_3D('',#9740,#9741,#9742);
#9740 = CARTESIAN_POINT('',(0.955,0.6,0.405));
#9741 = DIRECTION('',(0.,-1.,0.));
#9742 = DIRECTION('',(0.,0.,1.));
#9743 = ORIENTED_EDGE('',*,*,#9744,.F.);
#9744 = EDGE_CURVE('',#9745,#9736,#9747,.T.);
#9745 = VERTEX_POINT('',#9746);
#9746 = CARTESIAN_POINT('',(1.,0.6,4.5E-02));
#9747 = LINE('',#9748,#9749);
#9748 = CARTESIAN_POINT('',(1.,0.6,0.));
#9749 = VECTOR('',#9750,1.);
#9750 = DIRECTION('',(0.,0.,1.));
#9751 = ORIENTED_EDGE('',*,*,#9752,.T.);
#9752 = EDGE_CURVE('',#9745,#9701,#9753,.T.);
#9753 = CIRCLE('',#9754,4.5E-02);
#9754 = AXIS2_PLACEMENT_3D('',#9755,#9756,#9757);
#9755 = CARTESIAN_POINT('',(0.955,0.6,4.5E-02));
#9756 = DIRECTION('',(0.,1.,0.));
#9757 = DIRECTION('',(0.,-0.,1.));
#9758 = PLANE('',#9759);
#9759 = AXIS2_PLACEMENT_3D('',#9760,#9761,#9762);
#9760 = CARTESIAN_POINT('',(0.7,0.6,0.));
#9761 = DIRECTION('',(0.,1.,0.));
#9762 = DIRECTION('',(0.,-0.,1.));
#9763 = ADVANCED_FACE('',(#9764),#9782,.T.);
#9764 = FACE_BOUND('',#9765,.T.);
#9765 = EDGE_LOOP('',(#9766,#9767,#9768,#9776));
#9766 = ORIENTED_EDGE('',*,*,#9511,.F.);
#9767 = ORIENTED_EDGE('',*,*,#9676,.T.);
#9768 = ORIENTED_EDGE('',*,*,#9769,.T.);
#9769 = EDGE_CURVE('',#9677,#9770,#9772,.T.);
#9770 = VERTEX_POINT('',#9771);
#9771 = CARTESIAN_POINT('',(0.7,0.6,0.45));
#9772 = LINE('',#9773,#9774);
#9773 = CARTESIAN_POINT('',(-0.7,0.6,0.45));
#9774 = VECTOR('',#9775,1.);
#9775 = DIRECTION('',(1.,0.,0.));
#9776 = ORIENTED_EDGE('',*,*,#9777,.F.);
#9777 = EDGE_CURVE('',#9512,#9770,#9778,.T.);
#9778 = LINE('',#9779,#9780);
#9779 = CARTESIAN_POINT('',(0.7,0.6,0.405));
#9780 = VECTOR('',#9781,1.);
#9781 = DIRECTION('',(0.,0.,1.));
#9782 = PLANE('',#9783);
#9783 = AXIS2_PLACEMENT_3D('',#9784,#9785,#9786);
#9784 = CARTESIAN_POINT('',(-0.7,0.6,0.405));
#9785 = DIRECTION('',(0.,1.,0.));
#9786 = DIRECTION('',(0.,-0.,1.));
#9787 = ADVANCED_FACE('',(#9788),#9799,.T.);
#9788 = FACE_BOUND('',#9789,.T.);
#9789 = EDGE_LOOP('',(#9790,#9791,#9792,#9798));
#9790 = ORIENTED_EDGE('',*,*,#9559,.T.);
#9791 = ORIENTED_EDGE('',*,*,#9708,.T.);
#9792 = ORIENTED_EDGE('',*,*,#9793,.F.);
#9793 = EDGE_CURVE('',#9575,#9699,#9794,.T.);
#9794 = LINE('',#9795,#9796);
#9795 = CARTESIAN_POINT('',(0.745,-0.6,-2.775557561563E-17));
#9796 = VECTOR('',#9797,1.);
#9797 = DIRECTION('',(0.,1.,0.));
#9798 = ORIENTED_EDGE('',*,*,#9584,.F.);
#9799 = CYLINDRICAL_SURFACE('',#9800,4.5E-02);
#9800 = AXIS2_PLACEMENT_3D('',#9801,#9802,#9803);
#9801 = CARTESIAN_POINT('',(0.745,-0.6,4.5E-02));
#9802 = DIRECTION('',(0.,1.,0.));
#9803 = DIRECTION('',(-1.,0.,0.));
#9804 = ADVANCED_FACE('',(#9805),#9816,.F.);
#9805 = FACE_BOUND('',#9806,.F.);
#9806 = EDGE_LOOP('',(#9807,#9808,#9809,#9810));
#9807 = ORIENTED_EDGE('',*,*,#9698,.F.);
#9808 = ORIENTED_EDGE('',*,*,#9793,.F.);
#9809 = ORIENTED_EDGE('',*,*,#9574,.T.);
#9810 = ORIENTED_EDGE('',*,*,#9811,.T.);
#9811 = EDGE_CURVE('',#9577,#9701,#9812,.T.);
#9812 = LINE('',#9813,#9814);
#9813 = CARTESIAN_POINT('',(0.955,-0.6,-2.775557561563E-17));
#9814 = VECTOR('',#9815,1.);
#9815 = DIRECTION('',(0.,1.,0.));
#9816 = PLANE('',#9817);
#9817 = AXIS2_PLACEMENT_3D('',#9818,#9819,#9820);
#9818 = CARTESIAN_POINT('',(0.7,-0.6,0.));
#9819 = DIRECTION('',(0.,0.,1.));
#9820 = DIRECTION('',(1.,0.,-0.));
#9821 = ADVANCED_FACE('',(#9822),#9833,.T.);
#9822 = FACE_BOUND('',#9823,.T.);
#9823 = EDGE_LOOP('',(#9824,#9825,#9826,#9827));
#9824 = ORIENTED_EDGE('',*,*,#9628,.T.);
#9825 = ORIENTED_EDGE('',*,*,#9811,.T.);
#9826 = ORIENTED_EDGE('',*,*,#9752,.F.);
#9827 = ORIENTED_EDGE('',*,*,#9828,.F.);
#9828 = EDGE_CURVE('',#9621,#9745,#9829,.T.);
#9829 = LINE('',#9830,#9831);
#9830 = CARTESIAN_POINT('',(1.,-0.6,4.5E-02));
#9831 = VECTOR('',#9832,1.);
#9832 = DIRECTION('',(0.,1.,0.));
#9833 = CYLINDRICAL_SURFACE('',#9834,4.5E-02);
#9834 = AXIS2_PLACEMENT_3D('',#9835,#9836,#9837);
#9835 = CARTESIAN_POINT('',(0.955,-0.6,4.5E-02));
#9836 = DIRECTION('',(0.,1.,0.));
#9837 = DIRECTION('',(1.,0.,0.));
#9838 = ADVANCED_FACE('',(#9839),#9850,.T.);
#9839 = FACE_BOUND('',#9840,.T.);
#9840 = EDGE_LOOP('',(#9841,#9842,#9843,#9844));
#9841 = ORIENTED_EDGE('',*,*,#9620,.F.);
#9842 = ORIENTED_EDGE('',*,*,#9828,.T.);
#9843 = ORIENTED_EDGE('',*,*,#9744,.T.);
#9844 = ORIENTED_EDGE('',*,*,#9845,.F.);
#9845 = EDGE_CURVE('',#9612,#9736,#9846,.T.);
#9846 = LINE('',#9847,#9848);
#9847 = CARTESIAN_POINT('',(1.,-0.6,0.405));
#9848 = VECTOR('',#9849,1.);
#9849 = DIRECTION('',(0.,1.,0.));
#9850 = PLANE('',#9851);
#9851 = AXIS2_PLACEMENT_3D('',#9852,#9853,#9854);
#9852 = CARTESIAN_POINT('',(1.,-0.6,0.));
#9853 = DIRECTION('',(1.,0.,0.));
#9854 = DIRECTION('',(0.,0.,1.));
#9855 = ADVANCED_FACE('',(#9856),#9867,.T.);
#9856 = FACE_BOUND('',#9857,.T.);
#9857 = EDGE_LOOP('',(#9858,#9859,#9860,#9866));
#9858 = ORIENTED_EDGE('',*,*,#9845,.T.);
#9859 = ORIENTED_EDGE('',*,*,#9735,.T.);
#9860 = ORIENTED_EDGE('',*,*,#9861,.F.);
#9861 = EDGE_CURVE('',#9604,#9728,#9862,.T.);
#9862 = LINE('',#9863,#9864);
#9863 = CARTESIAN_POINT('',(0.955,-0.6,0.45));
#9864 = VECTOR('',#9865,1.);
#9865 = DIRECTION('',(0.,1.,0.));
#9866 = ORIENTED_EDGE('',*,*,#9611,.F.);
#9867 = CYLINDRICAL_SURFACE('',#9868,4.5E-02);
#9868 = AXIS2_PLACEMENT_3D('',#9869,#9870,#9871);
#9869 = CARTESIAN_POINT('',(0.955,-0.6,0.405));
#9870 = DIRECTION('',(0.,1.,0.));
#9871 = DIRECTION('',(1.,0.,0.));
#9872 = ADVANCED_FACE('',(#9873),#9884,.T.);
#9873 = FACE_BOUND('',#9874,.T.);
#9874 = EDGE_LOOP('',(#9875,#9876,#9882,#9883));
#9875 = ORIENTED_EDGE('',*,*,#9727,.F.);
#9876 = ORIENTED_EDGE('',*,*,#9877,.F.);
#9877 = EDGE_CURVE('',#9595,#9719,#9878,.T.);
#9878 = LINE('',#9879,#9880);
#9879 = CARTESIAN_POINT('',(0.745,-0.6,0.45));
#9880 = VECTOR('',#9881,1.);
#9881 = DIRECTION('',(0.,1.,0.));
#9882 = ORIENTED_EDGE('',*,*,#9603,.T.);
#9883 = ORIENTED_EDGE('',*,*,#9861,.T.);
#9884 = PLANE('',#9885);
#9885 = AXIS2_PLACEMENT_3D('',#9886,#9887,#9888);
#9886 = CARTESIAN_POINT('',(0.7,-0.6,0.45));
#9887 = DIRECTION('',(0.,0.,1.));
#9888 = DIRECTION('',(1.,0.,-0.));
#9889 = ADVANCED_FACE('',(#9890),#9901,.T.);
#9890 = FACE_BOUND('',#9891,.T.);
#9891 = EDGE_LOOP('',(#9892,#9893,#9894,#9895));
#9892 = ORIENTED_EDGE('',*,*,#9594,.T.);
#9893 = ORIENTED_EDGE('',*,*,#9877,.T.);
#9894 = ORIENTED_EDGE('',*,*,#9718,.F.);
#9895 = ORIENTED_EDGE('',*,*,#9896,.F.);
#9896 = EDGE_CURVE('',#9429,#9512,#9897,.T.);
#9897 = LINE('',#9898,#9899);
#9898 = CARTESIAN_POINT('',(0.7,-0.6,0.405));
#9899 = VECTOR('',#9900,1.);
#9900 = DIRECTION('',(0.,1.,0.));
#9901 = CYLINDRICAL_SURFACE('',#9902,4.5E-02);
#9902 = AXIS2_PLACEMENT_3D('',#9903,#9904,#9905);
#9903 = CARTESIAN_POINT('',(0.745,-0.6,0.405));
#9904 = DIRECTION('',(0.,1.,0.));
#9905 = DIRECTION('',(-1.,0.,0.));
#9906 = ADVANCED_FACE('',(#9907),#9918,.T.);
#9907 = FACE_BOUND('',#9908,.T.);
#9908 = EDGE_LOOP('',(#9909,#9910,#9911,#9912));
#9909 = ORIENTED_EDGE('',*,*,#9660,.F.);
#9910 = ORIENTED_EDGE('',*,*,#9896,.T.);
#9911 = ORIENTED_EDGE('',*,*,#9777,.T.);
#9912 = ORIENTED_EDGE('',*,*,#9913,.F.);
#9913 = EDGE_CURVE('',#9653,#9770,#9914,.T.);
#9914 = LINE('',#9915,#9916);
#9915 = CARTESIAN_POINT('',(0.7,-0.6,0.45));
#9916 = VECTOR('',#9917,1.);
#9917 = DIRECTION('',(0.,1.,0.));
#9918 = PLANE('',#9919);
#9919 = AXIS2_PLACEMENT_3D('',#9920,#9921,#9922);
#9920 = CARTESIAN_POINT('',(0.7,-0.6,0.405));
#9921 = DIRECTION('',(1.,0.,0.));
#9922 = DIRECTION('',(0.,0.,1.));
#9923 = ADVANCED_FACE('',(#9924),#9930,.T.);
#9924 = FACE_BOUND('',#9925,.T.);
#9925 = EDGE_LOOP('',(#9926,#9927,#9928,#9929));
#9926 = ORIENTED_EDGE('',*,*,#9684,.F.);
#9927 = ORIENTED_EDGE('',*,*,#9652,.T.);
#9928 = ORIENTED_EDGE('',*,*,#9913,.T.);
#9929 = ORIENTED_EDGE('',*,*,#9769,.F.);
#9930 = PLANE('',#9931);
#9931 = AXIS2_PLACEMENT_3D('',#9932,#9933,#9934);
#9932 = CARTESIAN_POINT('',(-0.7,-0.6,0.45));
#9933 = DIRECTION('',(0.,0.,1.));
#9934 = DIRECTION('',(1.,0.,-0.));
#9935 = ( GEOMETRIC_REPRESENTATION_CONTEXT(3) 
GLOBAL_UNCERTAINTY_ASSIGNED_CONTEXT((#9939)) 
GLOBAL_UNIT_ASSIGNED_CONTEXT((#9936,#9937,#9938)) REPRESENTATION_CONTEXT
('Context #1','3D Context with UNIT and UNCERTAINTY') );
#9936 = ( LENGTH_UNIT() NAMED_UNIT(*) SI_UNIT(.MILLI.,.METRE.) );
#9937 = ( NAMED_UNIT(*) PLANE_ANGLE_UNIT() SI_UNIT($,.RADIAN.) );
#9938 = ( NAMED_UNIT(*) SI_UNIT($,.STERADIAN.) SOLID_ANGLE_UNIT() );
#9939 = UNCERTAINTY_MEASURE_WITH_UNIT(LENGTH_MEASURE(1.E-07),#9936,
  'distance_accuracy_value','confusion accuracy');
#9940 = CONTEXT_DEPENDENT_SHAPE_REPRESENTATION(#9941,#9943);
#9941 = ( REPRESENTATION_RELATIONSHIP('','',#9144,#10) 
REPRESENTATION_RELATIONSHIP_WITH_TRANSFORMATION(#9942) 
SHAPE_REPRESENTATION_RELATIONSHIP() );
#9942 = ITEM_DEFINED_TRANSFORMATION('','',#11,#63);
#9943 = PRODUCT_DEFINITION_SHAPE('Placement','Placement of an item',
  #9944);
#9944 = NEXT_ASSEMBLY_USAGE_OCCURRENCE('13','R4','',#5,#9139,$);
#9945 = PRODUCT_RELATED_PRODUCT_CATEGORY('part',$,(#9141));
#9946 = CONTEXT_DEPENDENT_SHAPE_REPRESENTATION(#9947,#9949);
#9947 = ( REPRESENTATION_RELATIONSHIP('','',#9144,#10) 
REPRESENTATION_RELATIONSHIP_WITH_TRANSFORMATION(#9948) 
SHAPE_REPRESENTATION_RELATIONSHIP() );
#9948 = ITEM_DEFINED_TRANSFORMATION('','',#11,#67);
#9949 = PRODUCT_DEFINITION_SHAPE('Placement','Placement of an item',
  #9950);
#9950 = NEXT_ASSEMBLY_USAGE_OCCURRENCE('14','R2','',#5,#9139,$);
#9951 = SHAPE_DEFINITION_REPRESENTATION(#9952,#9958);
#9952 = PRODUCT_DEFINITION_SHAPE('','',#9953);
#9953 = PRODUCT_DEFINITION('design','',#9954,#9957);
#9954 = PRODUCT_DEFINITION_FORMATION('','',#9955);
#9955 = PRODUCT('C_0805_2012Metric','C_0805_2012Metric','',(#9956));
#9956 = PRODUCT_CONTEXT('',#2,'mechanical');
#9957 = PRODUCT_DEFINITION_CONTEXT('part definition',#2,'design');
#9958 = ADVANCED_BREP_SHAPE_REPRESENTATION('',(#11,#9959),#10813);
#9959 = MANIFOLD_SOLID_BREP('',#9960);
#9960 = CLOSED_SHELL('',(#9961,#10037,#10068,#10093,#10118,#10142,#10166
    ,#10191,#10216,#10233,#10319,#10351,#10375,#10400,#10424,#10449,
    #10473,#10498,#10515,#10601,#10632,#10657,#10682,#10706,#10730,
    #10755,#10780,#10797));
#9961 = ADVANCED_FACE('',(#9962),#10032,.F.);
#9962 = FACE_BOUND('',#9963,.F.);
#9963 = EDGE_LOOP('',(#9964,#9974,#9983,#9991,#10000,#10008,#10017,
    #10025));
#9964 = ORIENTED_EDGE('',*,*,#9965,.F.);
#9965 = EDGE_CURVE('',#9966,#9968,#9970,.T.);
#9966 = VERTEX_POINT('',#9967);
#9967 = CARTESIAN_POINT('',(-1.,-0.625,4.E-02));
#9968 = VERTEX_POINT('',#9969);
#9969 = CARTESIAN_POINT('',(-1.,-0.625,1.21));
#9970 = LINE('',#9971,#9972);
#9971 = CARTESIAN_POINT('',(-1.,-0.625,0.));
#9972 = VECTOR('',#9973,1.);
#9973 = DIRECTION('',(0.,0.,1.));
#9974 = ORIENTED_EDGE('',*,*,#9975,.T.);
#9975 = EDGE_CURVE('',#9966,#9976,#9978,.T.);
#9976 = VERTEX_POINT('',#9977);
#9977 = CARTESIAN_POINT('',(-1.,-0.585,0.));
#9978 = CIRCLE('',#9979,4.E-02);
#9979 = AXIS2_PLACEMENT_3D('',#9980,#9981,#9982);
#9980 = CARTESIAN_POINT('',(-1.,-0.585,4.E-02));
#9981 = DIRECTION('',(1.,0.,-0.));
#9982 = DIRECTION('',(0.,0.,1.));
#9983 = ORIENTED_EDGE('',*,*,#9984,.T.);
#9984 = EDGE_CURVE('',#9976,#9985,#9987,.T.);
#9985 = VERTEX_POINT('',#9986);
#9986 = CARTESIAN_POINT('',(-1.,0.585,0.));
#9987 = LINE('',#9988,#9989);
#9988 = CARTESIAN_POINT('',(-1.,-0.625,0.));
#9989 = VECTOR('',#9990,1.);
#9990 = DIRECTION('',(0.,1.,0.));
#9991 = ORIENTED_EDGE('',*,*,#9992,.F.);
#9992 = EDGE_CURVE('',#9993,#9985,#9995,.T.);
#9993 = VERTEX_POINT('',#9994);
#9994 = CARTESIAN_POINT('',(-1.,0.625,4.E-02));
#9995 = CIRCLE('',#9996,4.E-02);
#9996 = AXIS2_PLACEMENT_3D('',#9997,#9998,#9999);
#9997 = CARTESIAN_POINT('',(-1.,0.585,4.E-02));
#9998 = DIRECTION('',(-1.,0.,0.));
#9999 = DIRECTION('',(0.,0.,1.));
#10000 = ORIENTED_EDGE('',*,*,#10001,.T.);
#10001 = EDGE_CURVE('',#9993,#10002,#10004,.T.);
#10002 = VERTEX_POINT('',#10003);
#10003 = CARTESIAN_POINT('',(-1.,0.625,1.21));
#10004 = LINE('',#10005,#10006);
#10005 = CARTESIAN_POINT('',(-1.,0.625,0.));
#10006 = VECTOR('',#10007,1.);
#10007 = DIRECTION('',(0.,0.,1.));
#10008 = ORIENTED_EDGE('',*,*,#10009,.T.);
#10009 = EDGE_CURVE('',#10002,#10010,#10012,.T.);
#10010 = VERTEX_POINT('',#10011);
#10011 = CARTESIAN_POINT('',(-1.,0.585,1.25));
#10012 = CIRCLE('',#10013,4.E-02);
#10013 = AXIS2_PLACEMENT_3D('',#10014,#10015,#10016);
#10014 = CARTESIAN_POINT('',(-1.,0.585,1.21));
#10015 = DIRECTION('',(1.,0.,-0.));
#10016 = DIRECTION('',(0.,0.,1.));
#10017 = ORIENTED_EDGE('',*,*,#10018,.F.);
#10018 = EDGE_CURVE('',#10019,#10010,#10021,.T.);
#10019 = VERTEX_POINT('',#10020);
#10020 = CARTESIAN_POINT('',(-1.,-0.585,1.25));
#10021 = LINE('',#10022,#10023);
#10022 = CARTESIAN_POINT('',(-1.,-0.625,1.25));
#10023 = VECTOR('',#10024,1.);
#10024 = DIRECTION('',(0.,1.,0.));
#10025 = ORIENTED_EDGE('',*,*,#10026,.F.);
#10026 = EDGE_CURVE('',#9968,#10019,#10027,.T.);
#10027 = CIRCLE('',#10028,4.E-02);
#10028 = AXIS2_PLACEMENT_3D('',#10029,#10030,#10031);
#10029 = CARTESIAN_POINT('',(-1.,-0.585,1.21));
#10030 = DIRECTION('',(-1.,0.,0.));
#10031 = DIRECTION('',(0.,0.,1.));
#10032 = PLANE('',#10033);
#10033 = AXIS2_PLACEMENT_3D('',#10034,#10035,#10036);
#10034 = CARTESIAN_POINT('',(-1.,-0.625,0.));
#10035 = DIRECTION('',(1.,0.,0.));
#10036 = DIRECTION('',(0.,0.,1.));
#10037 = ADVANCED_FACE('',(#10038),#10063,.F.);
#10038 = FACE_BOUND('',#10039,.F.);
#10039 = EDGE_LOOP('',(#10040,#10050,#10056,#10057));
#10040 = ORIENTED_EDGE('',*,*,#10041,.F.);
#10041 = EDGE_CURVE('',#10042,#10044,#10046,.T.);
#10042 = VERTEX_POINT('',#10043);
#10043 = CARTESIAN_POINT('',(-0.6,-0.625,4.E-02));
#10044 = VERTEX_POINT('',#10045);
#10045 = CARTESIAN_POINT('',(-0.6,-0.625,1.21));
#10046 = LINE('',#10047,#10048);
#10047 = CARTESIAN_POINT('',(-0.6,-0.625,0.));
#10048 = VECTOR('',#10049,1.);
#10049 = DIRECTION('',(0.,0.,1.));
#10050 = ORIENTED_EDGE('',*,*,#10051,.F.);
#10051 = EDGE_CURVE('',#9966,#10042,#10052,.T.);
#10052 = LINE('',#10053,#10054);
#10053 = CARTESIAN_POINT('',(-1.,-0.625,4.E-02));
#10054 = VECTOR('',#10055,1.);
#10055 = DIRECTION('',(1.,0.,0.));
#10056 = ORIENTED_EDGE('',*,*,#9965,.T.);
#10057 = ORIENTED_EDGE('',*,*,#10058,.T.);
#10058 = EDGE_CURVE('',#9968,#10044,#10059,.T.);
#10059 = LINE('',#10060,#10061);
#10060 = CARTESIAN_POINT('',(-1.,-0.625,1.21));
#10061 = VECTOR('',#10062,1.);
#10062 = DIRECTION('',(1.,0.,0.));
#10063 = PLANE('',#10064);
#10064 = AXIS2_PLACEMENT_3D('',#10065,#10066,#10067);
#10065 = CARTESIAN_POINT('',(-1.,-0.625,0.));
#10066 = DIRECTION('',(0.,1.,0.));
#10067 = DIRECTION('',(0.,-0.,1.));
#10068 = ADVANCED_FACE('',(#10069),#10088,.T.);
#10069 = FACE_BOUND('',#10070,.T.);
#10070 = EDGE_LOOP('',(#10071,#10072,#10080,#10087));
#10071 = ORIENTED_EDGE('',*,*,#9975,.T.);
#10072 = ORIENTED_EDGE('',*,*,#10073,.T.);
#10073 = EDGE_CURVE('',#9976,#10074,#10076,.T.);
#10074 = VERTEX_POINT('',#10075);
#10075 = CARTESIAN_POINT('',(-0.6,-0.585,0.));
#10076 = LINE('',#10077,#10078);
#10077 = CARTESIAN_POINT('',(-1.,-0.585,0.));
#10078 = VECTOR('',#10079,1.);
#10079 = DIRECTION('',(1.,0.,0.));
#10080 = ORIENTED_EDGE('',*,*,#10081,.F.);
#10081 = EDGE_CURVE('',#10042,#10074,#10082,.T.);
#10082 = CIRCLE('',#10083,4.E-02);
#10083 = AXIS2_PLACEMENT_3D('',#10084,#10085,#10086);
#10084 = CARTESIAN_POINT('',(-0.6,-0.585,4.E-02));
#10085 = DIRECTION('',(1.,0.,-0.));
#10086 = DIRECTION('',(0.,0.,1.));
#10087 = ORIENTED_EDGE('',*,*,#10051,.F.);
#10088 = CYLINDRICAL_SURFACE('',#10089,4.E-02);
#10089 = AXIS2_PLACEMENT_3D('',#10090,#10091,#10092);
#10090 = CARTESIAN_POINT('',(-1.,-0.585,4.E-02));
#10091 = DIRECTION('',(1.,0.,0.));
#10092 = DIRECTION('',(0.,-1.,0.));
#10093 = ADVANCED_FACE('',(#10094),#10113,.T.);
#10094 = FACE_BOUND('',#10095,.T.);
#10095 = EDGE_LOOP('',(#10096,#10097,#10106,#10112));
#10096 = ORIENTED_EDGE('',*,*,#10058,.T.);
#10097 = ORIENTED_EDGE('',*,*,#10098,.T.);
#10098 = EDGE_CURVE('',#10044,#10099,#10101,.T.);
#10099 = VERTEX_POINT('',#10100);
#10100 = CARTESIAN_POINT('',(-0.6,-0.585,1.25));
#10101 = CIRCLE('',#10102,4.E-02);
#10102 = AXIS2_PLACEMENT_3D('',#10103,#10104,#10105);
#10103 = CARTESIAN_POINT('',(-0.6,-0.585,1.21));
#10104 = DIRECTION('',(-1.,0.,0.));
#10105 = DIRECTION('',(0.,0.,1.));
#10106 = ORIENTED_EDGE('',*,*,#10107,.F.);
#10107 = EDGE_CURVE('',#10019,#10099,#10108,.T.);
#10108 = LINE('',#10109,#10110);
#10109 = CARTESIAN_POINT('',(-1.,-0.585,1.25));
#10110 = VECTOR('',#10111,1.);
#10111 = DIRECTION('',(1.,0.,0.));
#10112 = ORIENTED_EDGE('',*,*,#10026,.F.);
#10113 = CYLINDRICAL_SURFACE('',#10114,4.E-02);
#10114 = AXIS2_PLACEMENT_3D('',#10115,#10116,#10117);
#10115 = CARTESIAN_POINT('',(-1.,-0.585,1.21));
#10116 = DIRECTION('',(1.,0.,0.));
#10117 = DIRECTION('',(0.,-1.,0.));
#10118 = ADVANCED_FACE('',(#10119),#10137,.F.);
#10119 = FACE_BOUND('',#10120,.F.);
#10120 = EDGE_LOOP('',(#10121,#10122,#10123,#10131));
#10121 = ORIENTED_EDGE('',*,*,#9984,.F.);
#10122 = ORIENTED_EDGE('',*,*,#10073,.T.);
#10123 = ORIENTED_EDGE('',*,*,#10124,.T.);
#10124 = EDGE_CURVE('',#10074,#10125,#10127,.T.);
#10125 = VERTEX_POINT('',#10126);
#10126 = CARTESIAN_POINT('',(-0.6,0.585,0.));
#10127 = LINE('',#10128,#10129);
#10128 = CARTESIAN_POINT('',(-0.6,-0.625,0.));
#10129 = VECTOR('',#10130,1.);
#10130 = DIRECTION('',(0.,1.,0.));
#10131 = ORIENTED_EDGE('',*,*,#10132,.F.);
#10132 = EDGE_CURVE('',#9985,#10125,#10133,.T.);
#10133 = LINE('',#10134,#10135);
#10134 = CARTESIAN_POINT('',(-1.,0.585,0.));
#10135 = VECTOR('',#10136,1.);
#10136 = DIRECTION('',(1.,0.,0.));
#10137 = PLANE('',#10138);
#10138 = AXIS2_PLACEMENT_3D('',#10139,#10140,#10141);
#10139 = CARTESIAN_POINT('',(-1.,-0.625,0.));
#10140 = DIRECTION('',(0.,0.,1.));
#10141 = DIRECTION('',(1.,0.,-0.));
#10142 = ADVANCED_FACE('',(#10143),#10161,.T.);
#10143 = FACE_BOUND('',#10144,.T.);
#10144 = EDGE_LOOP('',(#10145,#10146,#10147,#10155));
#10145 = ORIENTED_EDGE('',*,*,#10018,.F.);
#10146 = ORIENTED_EDGE('',*,*,#10107,.T.);
#10147 = ORIENTED_EDGE('',*,*,#10148,.T.);
#10148 = EDGE_CURVE('',#10099,#10149,#10151,.T.);
#10149 = VERTEX_POINT('',#10150);
#10150 = CARTESIAN_POINT('',(-0.6,0.585,1.25));
#10151 = LINE('',#10152,#10153);
#10152 = CARTESIAN_POINT('',(-0.6,-0.625,1.25));
#10153 = VECTOR('',#10154,1.);
#10154 = DIRECTION('',(0.,1.,0.));
#10155 = ORIENTED_EDGE('',*,*,#10156,.F.);
#10156 = EDGE_CURVE('',#10010,#10149,#10157,.T.);
#10157 = LINE('',#10158,#10159);
#10158 = CARTESIAN_POINT('',(-1.,0.585,1.25));
#10159 = VECTOR('',#10160,1.);
#10160 = DIRECTION('',(1.,0.,0.));
#10161 = PLANE('',#10162);
#10162 = AXIS2_PLACEMENT_3D('',#10163,#10164,#10165);
#10163 = CARTESIAN_POINT('',(-1.,-0.625,1.25));
#10164 = DIRECTION('',(0.,0.,1.));
#10165 = DIRECTION('',(1.,0.,-0.));
#10166 = ADVANCED_FACE('',(#10167),#10186,.T.);
#10167 = FACE_BOUND('',#10168,.T.);
#10168 = EDGE_LOOP('',(#10169,#10177,#10184,#10185));
#10169 = ORIENTED_EDGE('',*,*,#10170,.T.);
#10170 = EDGE_CURVE('',#9993,#10171,#10173,.T.);
#10171 = VERTEX_POINT('',#10172);
#10172 = CARTESIAN_POINT('',(-0.6,0.625,4.E-02));
#10173 = LINE('',#10174,#10175);
#10174 = CARTESIAN_POINT('',(-1.,0.625,4.E-02));
#10175 = VECTOR('',#10176,1.);
#10176 = DIRECTION('',(1.,0.,0.));
#10177 = ORIENTED_EDGE('',*,*,#10178,.T.);
#10178 = EDGE_CURVE('',#10171,#10125,#10179,.T.);
#10179 = CIRCLE('',#10180,4.E-02);
#10180 = AXIS2_PLACEMENT_3D('',#10181,#10182,#10183);
#10181 = CARTESIAN_POINT('',(-0.6,0.585,4.E-02));
#10182 = DIRECTION('',(-1.,0.,0.));
#10183 = DIRECTION('',(0.,0.,1.));
#10184 = ORIENTED_EDGE('',*,*,#10132,.F.);
#10185 = ORIENTED_EDGE('',*,*,#9992,.F.);
#10186 = CYLINDRICAL_SURFACE('',#10187,4.E-02);
#10187 = AXIS2_PLACEMENT_3D('',#10188,#10189,#10190);
#10188 = CARTESIAN_POINT('',(-1.,0.585,4.E-02));
#10189 = DIRECTION('',(1.,0.,0.));
#10190 = DIRECTION('',(-0.,1.,0.));
#10191 = ADVANCED_FACE('',(#10192),#10211,.T.);
#10192 = FACE_BOUND('',#10193,.T.);
#10193 = EDGE_LOOP('',(#10194,#10195,#10196,#10205));
#10194 = ORIENTED_EDGE('',*,*,#10009,.T.);
#10195 = ORIENTED_EDGE('',*,*,#10156,.T.);
#10196 = ORIENTED_EDGE('',*,*,#10197,.F.);
#10197 = EDGE_CURVE('',#10198,#10149,#10200,.T.);
#10198 = VERTEX_POINT('',#10199);
#10199 = CARTESIAN_POINT('',(-0.6,0.625,1.21));
#10200 = CIRCLE('',#10201,4.E-02);
#10201 = AXIS2_PLACEMENT_3D('',#10202,#10203,#10204);
#10202 = CARTESIAN_POINT('',(-0.6,0.585,1.21));
#10203 = DIRECTION('',(1.,0.,-0.));
#10204 = DIRECTION('',(0.,0.,1.));
#10205 = ORIENTED_EDGE('',*,*,#10206,.F.);
#10206 = EDGE_CURVE('',#10002,#10198,#10207,.T.);
#10207 = LINE('',#10208,#10209);
#10208 = CARTESIAN_POINT('',(-1.,0.625,1.21));
#10209 = VECTOR('',#10210,1.);
#10210 = DIRECTION('',(1.,0.,0.));
#10211 = CYLINDRICAL_SURFACE('',#10212,4.E-02);
#10212 = AXIS2_PLACEMENT_3D('',#10213,#10214,#10215);
#10213 = CARTESIAN_POINT('',(-1.,0.585,1.21));
#10214 = DIRECTION('',(1.,0.,0.));
#10215 = DIRECTION('',(-0.,1.,0.));
#10216 = ADVANCED_FACE('',(#10217),#10228,.T.);
#10217 = FACE_BOUND('',#10218,.T.);
#10218 = EDGE_LOOP('',(#10219,#10225,#10226,#10227));
#10219 = ORIENTED_EDGE('',*,*,#10220,.F.);
#10220 = EDGE_CURVE('',#10171,#10198,#10221,.T.);
#10221 = LINE('',#10222,#10223);
#10222 = CARTESIAN_POINT('',(-0.6,0.625,0.));
#10223 = VECTOR('',#10224,1.);
#10224 = DIRECTION('',(0.,0.,1.));
#10225 = ORIENTED_EDGE('',*,*,#10170,.F.);
#10226 = ORIENTED_EDGE('',*,*,#10001,.T.);
#10227 = ORIENTED_EDGE('',*,*,#10206,.T.);
#10228 = PLANE('',#10229);
#10229 = AXIS2_PLACEMENT_3D('',#10230,#10231,#10232);
#10230 = CARTESIAN_POINT('',(-1.,0.625,0.));
#10231 = DIRECTION('',(0.,1.,0.));
#10232 = DIRECTION('',(0.,-0.,1.));
#10233 = ADVANCED_FACE('',(#10234,#10244),#10314,.T.);
#10234 = FACE_BOUND('',#10235,.T.);
#10235 = EDGE_LOOP('',(#10236,#10237,#10238,#10239,#10240,#10241,#10242,
    #10243));
#10236 = ORIENTED_EDGE('',*,*,#10041,.F.);
#10237 = ORIENTED_EDGE('',*,*,#10081,.T.);
#10238 = ORIENTED_EDGE('',*,*,#10124,.T.);
#10239 = ORIENTED_EDGE('',*,*,#10178,.F.);
#10240 = ORIENTED_EDGE('',*,*,#10220,.T.);
#10241 = ORIENTED_EDGE('',*,*,#10197,.T.);
#10242 = ORIENTED_EDGE('',*,*,#10148,.F.);
#10243 = ORIENTED_EDGE('',*,*,#10098,.F.);
#10244 = FACE_BOUND('',#10245,.T.);
#10245 = EDGE_LOOP('',(#10246,#10257,#10265,#10274,#10282,#10291,#10299,
    #10308));
#10246 = ORIENTED_EDGE('',*,*,#10247,.F.);
#10247 = EDGE_CURVE('',#10248,#10250,#10252,.T.);
#10248 = VERTEX_POINT('',#10249);
#10249 = CARTESIAN_POINT('',(-0.6,-0.585,8.E-02));
#10250 = VERTEX_POINT('',#10251);
#10251 = CARTESIAN_POINT('',(-0.6,-0.545,4.E-02));
#10252 = CIRCLE('',#10253,4.E-02);
#10253 = AXIS2_PLACEMENT_3D('',#10254,#10255,#10256);
#10254 = CARTESIAN_POINT('',(-0.6,-0.545,8.E-02));
#10255 = DIRECTION('',(1.,0.,-0.));
#10256 = DIRECTION('',(0.,0.,1.));
#10257 = ORIENTED_EDGE('',*,*,#10258,.T.);
#10258 = EDGE_CURVE('',#10248,#10259,#10261,.T.);
#10259 = VERTEX_POINT('',#10260);
#10260 = CARTESIAN_POINT('',(-0.6,-0.585,1.17));
#10261 = LINE('',#10262,#10263);
#10262 = CARTESIAN_POINT('',(-0.6,-0.585,4.E-02));
#10263 = VECTOR('',#10264,1.);
#10264 = DIRECTION('',(0.,0.,1.));
#10265 = ORIENTED_EDGE('',*,*,#10266,.T.);
#10266 = EDGE_CURVE('',#10259,#10267,#10269,.T.);
#10267 = VERTEX_POINT('',#10268);
#10268 = CARTESIAN_POINT('',(-0.6,-0.545,1.21));
#10269 = CIRCLE('',#10270,4.E-02);
#10270 = AXIS2_PLACEMENT_3D('',#10271,#10272,#10273);
#10271 = CARTESIAN_POINT('',(-0.6,-0.545,1.17));
#10272 = DIRECTION('',(-1.,0.,0.));
#10273 = DIRECTION('',(0.,0.,1.));
#10274 = ORIENTED_EDGE('',*,*,#10275,.T.);
#10275 = EDGE_CURVE('',#10267,#10276,#10278,.T.);
#10276 = VERTEX_POINT('',#10277);
#10277 = CARTESIAN_POINT('',(-0.6,0.545,1.21));
#10278 = LINE('',#10279,#10280);
#10279 = CARTESIAN_POINT('',(-0.6,-0.585,1.21));
#10280 = VECTOR('',#10281,1.);
#10281 = DIRECTION('',(0.,1.,0.));
#10282 = ORIENTED_EDGE('',*,*,#10283,.F.);
#10283 = EDGE_CURVE('',#10284,#10276,#10286,.T.);
#10284 = VERTEX_POINT('',#10285);
#10285 = CARTESIAN_POINT('',(-0.6,0.585,1.17));
#10286 = CIRCLE('',#10287,4.E-02);
#10287 = AXIS2_PLACEMENT_3D('',#10288,#10289,#10290);
#10288 = CARTESIAN_POINT('',(-0.6,0.545,1.17));
#10289 = DIRECTION('',(1.,0.,-0.));
#10290 = DIRECTION('',(0.,0.,1.));
#10291 = ORIENTED_EDGE('',*,*,#10292,.F.);
#10292 = EDGE_CURVE('',#10293,#10284,#10295,.T.);
#10293 = VERTEX_POINT('',#10294);
#10294 = CARTESIAN_POINT('',(-0.6,0.585,8.E-02));
#10295 = LINE('',#10296,#10297);
#10296 = CARTESIAN_POINT('',(-0.6,0.585,4.E-02));
#10297 = VECTOR('',#10298,1.);
#10298 = DIRECTION('',(0.,0.,1.));
#10299 = ORIENTED_EDGE('',*,*,#10300,.T.);
#10300 = EDGE_CURVE('',#10293,#10301,#10303,.T.);
#10301 = VERTEX_POINT('',#10302);
#10302 = CARTESIAN_POINT('',(-0.6,0.545,4.E-02));
#10303 = CIRCLE('',#10304,4.E-02);
#10304 = AXIS2_PLACEMENT_3D('',#10305,#10306,#10307);
#10305 = CARTESIAN_POINT('',(-0.6,0.545,8.E-02));
#10306 = DIRECTION('',(-1.,0.,0.));
#10307 = DIRECTION('',(0.,0.,1.));
#10308 = ORIENTED_EDGE('',*,*,#10309,.F.);
#10309 = EDGE_CURVE('',#10250,#10301,#10310,.T.);
#10310 = LINE('',#10311,#10312);
#10311 = CARTESIAN_POINT('',(-0.6,-0.585,4.E-02));
#10312 = VECTOR('',#10313,1.);
#10313 = DIRECTION('',(0.,1.,0.));
#10314 = PLANE('',#10315);
#10315 = AXIS2_PLACEMENT_3D('',#10316,#10317,#10318);
#10316 = CARTESIAN_POINT('',(-0.6,-0.625,0.));
#10317 = DIRECTION('',(1.,0.,0.));
#10318 = DIRECTION('',(0.,0.,1.));
#10319 = ADVANCED_FACE('',(#10320),#10346,.T.);
#10320 = FACE_BOUND('',#10321,.T.);
#10321 = EDGE_LOOP('',(#10322,#10323,#10331,#10340));
#10322 = ORIENTED_EDGE('',*,*,#10247,.T.);
#10323 = ORIENTED_EDGE('',*,*,#10324,.T.);
#10324 = EDGE_CURVE('',#10250,#10325,#10327,.T.);
#10325 = VERTEX_POINT('',#10326);
#10326 = CARTESIAN_POINT('',(0.6,-0.545,4.E-02));
#10327 = LINE('',#10328,#10329);
#10328 = CARTESIAN_POINT('',(-0.6,-0.545,4.E-02));
#10329 = VECTOR('',#10330,1.);
#10330 = DIRECTION('',(1.,0.,0.));
#10331 = ORIENTED_EDGE('',*,*,#10332,.F.);
#10332 = EDGE_CURVE('',#10333,#10325,#10335,.T.);
#10333 = VERTEX_POINT('',#10334);
#10334 = CARTESIAN_POINT('',(0.6,-0.585,8.E-02));
#10335 = CIRCLE('',#10336,4.E-02);
#10336 = AXIS2_PLACEMENT_3D('',#10337,#10338,#10339);
#10337 = CARTESIAN_POINT('',(0.6,-0.545,8.E-02));
#10338 = DIRECTION('',(1.,0.,-0.));
#10339 = DIRECTION('',(0.,0.,1.));
#10340 = ORIENTED_EDGE('',*,*,#10341,.F.);
#10341 = EDGE_CURVE('',#10248,#10333,#10342,.T.);
#10342 = LINE('',#10343,#10344);
#10343 = CARTESIAN_POINT('',(-0.6,-0.585,8.E-02));
#10344 = VECTOR('',#10345,1.);
#10345 = DIRECTION('',(1.,0.,0.));
#10346 = CYLINDRICAL_SURFACE('',#10347,4.E-02);
#10347 = AXIS2_PLACEMENT_3D('',#10348,#10349,#10350);
#10348 = CARTESIAN_POINT('',(-0.6,-0.545,8.E-02));
#10349 = DIRECTION('',(1.,0.,0.));
#10350 = DIRECTION('',(0.,-1.,0.));
#10351 = ADVANCED_FACE('',(#10352),#10370,.F.);
#10352 = FACE_BOUND('',#10353,.F.);
#10353 = EDGE_LOOP('',(#10354,#10355,#10356,#10364));
#10354 = ORIENTED_EDGE('',*,*,#10309,.F.);
#10355 = ORIENTED_EDGE('',*,*,#10324,.T.);
#10356 = ORIENTED_EDGE('',*,*,#10357,.T.);
#10357 = EDGE_CURVE('',#10325,#10358,#10360,.T.);
#10358 = VERTEX_POINT('',#10359);
#10359 = CARTESIAN_POINT('',(0.6,0.545,4.E-02));
#10360 = LINE('',#10361,#10362);
#10361 = CARTESIAN_POINT('',(0.6,-0.585,4.E-02));
#10362 = VECTOR('',#10363,1.);
#10363 = DIRECTION('',(0.,1.,0.));
#10364 = ORIENTED_EDGE('',*,*,#10365,.F.);
#10365 = EDGE_CURVE('',#10301,#10358,#10366,.T.);
#10366 = LINE('',#10367,#10368);
#10367 = CARTESIAN_POINT('',(-0.6,0.545,4.E-02));
#10368 = VECTOR('',#10369,1.);
#10369 = DIRECTION('',(1.,0.,0.));
#10370 = PLANE('',#10371);
#10371 = AXIS2_PLACEMENT_3D('',#10372,#10373,#10374);
#10372 = CARTESIAN_POINT('',(-0.6,-0.585,4.E-02));
#10373 = DIRECTION('',(0.,0.,1.));
#10374 = DIRECTION('',(1.,0.,-0.));
#10375 = ADVANCED_FACE('',(#10376),#10395,.T.);
#10376 = FACE_BOUND('',#10377,.T.);
#10377 = EDGE_LOOP('',(#10378,#10386,#10393,#10394));
#10378 = ORIENTED_EDGE('',*,*,#10379,.T.);
#10379 = EDGE_CURVE('',#10293,#10380,#10382,.T.);
#10380 = VERTEX_POINT('',#10381);
#10381 = CARTESIAN_POINT('',(0.6,0.585,8.E-02));
#10382 = LINE('',#10383,#10384);
#10383 = CARTESIAN_POINT('',(-0.6,0.585,8.E-02));
#10384 = VECTOR('',#10385,1.);
#10385 = DIRECTION('',(1.,0.,0.));
#10386 = ORIENTED_EDGE('',*,*,#10387,.T.);
#10387 = EDGE_CURVE('',#10380,#10358,#10388,.T.);
#10388 = CIRCLE('',#10389,4.E-02);
#10389 = AXIS2_PLACEMENT_3D('',#10390,#10391,#10392);
#10390 = CARTESIAN_POINT('',(0.6,0.545,8.E-02));
#10391 = DIRECTION('',(-1.,0.,0.));
#10392 = DIRECTION('',(0.,0.,1.));
#10393 = ORIENTED_EDGE('',*,*,#10365,.F.);
#10394 = ORIENTED_EDGE('',*,*,#10300,.F.);
#10395 = CYLINDRICAL_SURFACE('',#10396,4.E-02);
#10396 = AXIS2_PLACEMENT_3D('',#10397,#10398,#10399);
#10397 = CARTESIAN_POINT('',(-0.6,0.545,8.E-02));
#10398 = DIRECTION('',(1.,0.,0.));
#10399 = DIRECTION('',(-0.,1.,0.));
#10400 = ADVANCED_FACE('',(#10401),#10419,.T.);
#10401 = FACE_BOUND('',#10402,.T.);
#10402 = EDGE_LOOP('',(#10403,#10411,#10412,#10413));
#10403 = ORIENTED_EDGE('',*,*,#10404,.F.);
#10404 = EDGE_CURVE('',#10380,#10405,#10407,.T.);
#10405 = VERTEX_POINT('',#10406);
#10406 = CARTESIAN_POINT('',(0.6,0.585,1.17));
#10407 = LINE('',#10408,#10409);
#10408 = CARTESIAN_POINT('',(0.6,0.585,4.E-02));
#10409 = VECTOR('',#10410,1.);
#10410 = DIRECTION('',(0.,0.,1.));
#10411 = ORIENTED_EDGE('',*,*,#10379,.F.);
#10412 = ORIENTED_EDGE('',*,*,#10292,.T.);
#10413 = ORIENTED_EDGE('',*,*,#10414,.T.);
#10414 = EDGE_CURVE('',#10284,#10405,#10415,.T.);
#10415 = LINE('',#10416,#10417);
#10416 = CARTESIAN_POINT('',(-0.6,0.585,1.17));
#10417 = VECTOR('',#10418,1.);
#10418 = DIRECTION('',(1.,0.,0.));
#10419 = PLANE('',#10420);
#10420 = AXIS2_PLACEMENT_3D('',#10421,#10422,#10423);
#10421 = CARTESIAN_POINT('',(-0.6,0.585,4.E-02));
#10422 = DIRECTION('',(0.,1.,0.));
#10423 = DIRECTION('',(0.,-0.,1.));
#10424 = ADVANCED_FACE('',(#10425),#10444,.T.);
#10425 = FACE_BOUND('',#10426,.T.);
#10426 = EDGE_LOOP('',(#10427,#10428,#10436,#10443));
#10427 = ORIENTED_EDGE('',*,*,#10283,.T.);
#10428 = ORIENTED_EDGE('',*,*,#10429,.T.);
#10429 = EDGE_CURVE('',#10276,#10430,#10432,.T.);
#10430 = VERTEX_POINT('',#10431);
#10431 = CARTESIAN_POINT('',(0.6,0.545,1.21));
#10432 = LINE('',#10433,#10434);
#10433 = CARTESIAN_POINT('',(-0.6,0.545,1.21));
#10434 = VECTOR('',#10435,1.);
#10435 = DIRECTION('',(1.,0.,0.));
#10436 = ORIENTED_EDGE('',*,*,#10437,.F.);
#10437 = EDGE_CURVE('',#10405,#10430,#10438,.T.);
#10438 = CIRCLE('',#10439,4.E-02);
#10439 = AXIS2_PLACEMENT_3D('',#10440,#10441,#10442);
#10440 = CARTESIAN_POINT('',(0.6,0.545,1.17));
#10441 = DIRECTION('',(1.,0.,-0.));
#10442 = DIRECTION('',(0.,0.,1.));
#10443 = ORIENTED_EDGE('',*,*,#10414,.F.);
#10444 = CYLINDRICAL_SURFACE('',#10445,4.E-02);
#10445 = AXIS2_PLACEMENT_3D('',#10446,#10447,#10448);
#10446 = CARTESIAN_POINT('',(-0.6,0.545,1.17));
#10447 = DIRECTION('',(1.,0.,0.));
#10448 = DIRECTION('',(-0.,1.,0.));
#10449 = ADVANCED_FACE('',(#10450),#10468,.T.);
#10450 = FACE_BOUND('',#10451,.T.);
#10451 = EDGE_LOOP('',(#10452,#10453,#10461,#10467));
#10452 = ORIENTED_EDGE('',*,*,#10275,.F.);
#10453 = ORIENTED_EDGE('',*,*,#10454,.T.);
#10454 = EDGE_CURVE('',#10267,#10455,#10457,.T.);
#10455 = VERTEX_POINT('',#10456);
#10456 = CARTESIAN_POINT('',(0.6,-0.545,1.21));
#10457 = LINE('',#10458,#10459);
#10458 = CARTESIAN_POINT('',(-0.6,-0.545,1.21));
#10459 = VECTOR('',#10460,1.);
#10460 = DIRECTION('',(1.,0.,0.));
#10461 = ORIENTED_EDGE('',*,*,#10462,.T.);
#10462 = EDGE_CURVE('',#10455,#10430,#10463,.T.);
#10463 = LINE('',#10464,#10465);
#10464 = CARTESIAN_POINT('',(0.6,-0.585,1.21));
#10465 = VECTOR('',#10466,1.);
#10466 = DIRECTION('',(0.,1.,0.));
#10467 = ORIENTED_EDGE('',*,*,#10429,.F.);
#10468 = PLANE('',#10469);
#10469 = AXIS2_PLACEMENT_3D('',#10470,#10471,#10472);
#10470 = CARTESIAN_POINT('',(-0.6,-0.585,1.21));
#10471 = DIRECTION('',(0.,0.,1.));
#10472 = DIRECTION('',(1.,0.,-0.));
#10473 = ADVANCED_FACE('',(#10474),#10493,.T.);
#10474 = FACE_BOUND('',#10475,.T.);
#10475 = EDGE_LOOP('',(#10476,#10484,#10491,#10492));
#10476 = ORIENTED_EDGE('',*,*,#10477,.T.);
#10477 = EDGE_CURVE('',#10259,#10478,#10480,.T.);
#10478 = VERTEX_POINT('',#10479);
#10479 = CARTESIAN_POINT('',(0.6,-0.585,1.17));
#10480 = LINE('',#10481,#10482);
#10481 = CARTESIAN_POINT('',(-0.6,-0.585,1.17));
#10482 = VECTOR('',#10483,1.);
#10483 = DIRECTION('',(1.,0.,0.));
#10484 = ORIENTED_EDGE('',*,*,#10485,.T.);
#10485 = EDGE_CURVE('',#10478,#10455,#10486,.T.);
#10486 = CIRCLE('',#10487,4.E-02);
#10487 = AXIS2_PLACEMENT_3D('',#10488,#10489,#10490);
#10488 = CARTESIAN_POINT('',(0.6,-0.545,1.17));
#10489 = DIRECTION('',(-1.,0.,0.));
#10490 = DIRECTION('',(0.,0.,1.));
#10491 = ORIENTED_EDGE('',*,*,#10454,.F.);
#10492 = ORIENTED_EDGE('',*,*,#10266,.F.);
#10493 = CYLINDRICAL_SURFACE('',#10494,4.E-02);
#10494 = AXIS2_PLACEMENT_3D('',#10495,#10496,#10497);
#10495 = CARTESIAN_POINT('',(-0.6,-0.545,1.17));
#10496 = DIRECTION('',(1.,0.,0.));
#10497 = DIRECTION('',(0.,-1.,0.));
#10498 = ADVANCED_FACE('',(#10499),#10510,.F.);
#10499 = FACE_BOUND('',#10500,.F.);
#10500 = EDGE_LOOP('',(#10501,#10507,#10508,#10509));
#10501 = ORIENTED_EDGE('',*,*,#10502,.F.);
#10502 = EDGE_CURVE('',#10333,#10478,#10503,.T.);
#10503 = LINE('',#10504,#10505);
#10504 = CARTESIAN_POINT('',(0.6,-0.585,4.E-02));
#10505 = VECTOR('',#10506,1.);
#10506 = DIRECTION('',(0.,0.,1.));
#10507 = ORIENTED_EDGE('',*,*,#10341,.F.);
#10508 = ORIENTED_EDGE('',*,*,#10258,.T.);
#10509 = ORIENTED_EDGE('',*,*,#10477,.T.);
#10510 = PLANE('',#10511);
#10511 = AXIS2_PLACEMENT_3D('',#10512,#10513,#10514);
#10512 = CARTESIAN_POINT('',(-0.6,-0.585,4.E-02));
#10513 = DIRECTION('',(0.,1.,0.));
#10514 = DIRECTION('',(0.,-0.,1.));
#10515 = ADVANCED_FACE('',(#10516,#10586),#10596,.F.);
#10516 = FACE_BOUND('',#10517,.F.);
#10517 = EDGE_LOOP('',(#10518,#10528,#10537,#10545,#10554,#10562,#10571,
    #10579));
#10518 = ORIENTED_EDGE('',*,*,#10519,.F.);
#10519 = EDGE_CURVE('',#10520,#10522,#10524,.T.);
#10520 = VERTEX_POINT('',#10521);
#10521 = CARTESIAN_POINT('',(0.6,-0.625,4.E-02));
#10522 = VERTEX_POINT('',#10523);
#10523 = CARTESIAN_POINT('',(0.6,-0.625,1.21));
#10524 = LINE('',#10525,#10526);
#10525 = CARTESIAN_POINT('',(0.6,-0.625,0.));
#10526 = VECTOR('',#10527,1.);
#10527 = DIRECTION('',(0.,0.,1.));
#10528 = ORIENTED_EDGE('',*,*,#10529,.T.);
#10529 = EDGE_CURVE('',#10520,#10530,#10532,.T.);
#10530 = VERTEX_POINT('',#10531);
#10531 = CARTESIAN_POINT('',(0.6,-0.585,0.));
#10532 = CIRCLE('',#10533,4.E-02);
#10533 = AXIS2_PLACEMENT_3D('',#10534,#10535,#10536);
#10534 = CARTESIAN_POINT('',(0.6,-0.585,4.E-02));
#10535 = DIRECTION('',(1.,0.,-0.));
#10536 = DIRECTION('',(0.,0.,1.));
#10537 = ORIENTED_EDGE('',*,*,#10538,.T.);
#10538 = EDGE_CURVE('',#10530,#10539,#10541,.T.);
#10539 = VERTEX_POINT('',#10540);
#10540 = CARTESIAN_POINT('',(0.6,0.585,0.));
#10541 = LINE('',#10542,#10543);
#10542 = CARTESIAN_POINT('',(0.6,-0.625,0.));
#10543 = VECTOR('',#10544,1.);
#10544 = DIRECTION('',(0.,1.,0.));
#10545 = ORIENTED_EDGE('',*,*,#10546,.F.);
#10546 = EDGE_CURVE('',#10547,#10539,#10549,.T.);
#10547 = VERTEX_POINT('',#10548);
#10548 = CARTESIAN_POINT('',(0.6,0.625,4.E-02));
#10549 = CIRCLE('',#10550,4.E-02);
#10550 = AXIS2_PLACEMENT_3D('',#10551,#10552,#10553);
#10551 = CARTESIAN_POINT('',(0.6,0.585,4.E-02));
#10552 = DIRECTION('',(-1.,0.,0.));
#10553 = DIRECTION('',(0.,0.,1.));
#10554 = ORIENTED_EDGE('',*,*,#10555,.T.);
#10555 = EDGE_CURVE('',#10547,#10556,#10558,.T.);
#10556 = VERTEX_POINT('',#10557);
#10557 = CARTESIAN_POINT('',(0.6,0.625,1.21));
#10558 = LINE('',#10559,#10560);
#10559 = CARTESIAN_POINT('',(0.6,0.625,0.));
#10560 = VECTOR('',#10561,1.);
#10561 = DIRECTION('',(0.,0.,1.));
#10562 = ORIENTED_EDGE('',*,*,#10563,.T.);
#10563 = EDGE_CURVE('',#10556,#10564,#10566,.T.);
#10564 = VERTEX_POINT('',#10565);
#10565 = CARTESIAN_POINT('',(0.6,0.585,1.25));
#10566 = CIRCLE('',#10567,4.E-02);
#10567 = AXIS2_PLACEMENT_3D('',#10568,#10569,#10570);
#10568 = CARTESIAN_POINT('',(0.6,0.585,1.21));
#10569 = DIRECTION('',(1.,0.,-0.));
#10570 = DIRECTION('',(0.,0.,1.));
#10571 = ORIENTED_EDGE('',*,*,#10572,.F.);
#10572 = EDGE_CURVE('',#10573,#10564,#10575,.T.);
#10573 = VERTEX_POINT('',#10574);
#10574 = CARTESIAN_POINT('',(0.6,-0.585,1.25));
#10575 = LINE('',#10576,#10577);
#10576 = CARTESIAN_POINT('',(0.6,-0.625,1.25));
#10577 = VECTOR('',#10578,1.);
#10578 = DIRECTION('',(0.,1.,0.));
#10579 = ORIENTED_EDGE('',*,*,#10580,.F.);
#10580 = EDGE_CURVE('',#10522,#10573,#10581,.T.);
#10581 = CIRCLE('',#10582,4.E-02);
#10582 = AXIS2_PLACEMENT_3D('',#10583,#10584,#10585);
#10583 = CARTESIAN_POINT('',(0.6,-0.585,1.21));
#10584 = DIRECTION('',(-1.,0.,0.));
#10585 = DIRECTION('',(0.,0.,1.));
#10586 = FACE_BOUND('',#10587,.F.);
#10587 = EDGE_LOOP('',(#10588,#10589,#10590,#10591,#10592,#10593,#10594,
    #10595));
#10588 = ORIENTED_EDGE('',*,*,#10332,.F.);
#10589 = ORIENTED_EDGE('',*,*,#10502,.T.);
#10590 = ORIENTED_EDGE('',*,*,#10485,.T.);
#10591 = ORIENTED_EDGE('',*,*,#10462,.T.);
#10592 = ORIENTED_EDGE('',*,*,#10437,.F.);
#10593 = ORIENTED_EDGE('',*,*,#10404,.F.);
#10594 = ORIENTED_EDGE('',*,*,#10387,.T.);
#10595 = ORIENTED_EDGE('',*,*,#10357,.F.);
#10596 = PLANE('',#10597);
#10597 = AXIS2_PLACEMENT_3D('',#10598,#10599,#10600);
#10598 = CARTESIAN_POINT('',(0.6,-0.625,0.));
#10599 = DIRECTION('',(1.,0.,0.));
#10600 = DIRECTION('',(0.,0.,1.));
#10601 = ADVANCED_FACE('',(#10602),#10627,.F.);
#10602 = FACE_BOUND('',#10603,.F.);
#10603 = EDGE_LOOP('',(#10604,#10614,#10620,#10621));
#10604 = ORIENTED_EDGE('',*,*,#10605,.F.);
#10605 = EDGE_CURVE('',#10606,#10608,#10610,.T.);
#10606 = VERTEX_POINT('',#10607);
#10607 = CARTESIAN_POINT('',(1.,-0.625,4.E-02));
#10608 = VERTEX_POINT('',#10609);
#10609 = CARTESIAN_POINT('',(1.,-0.625,1.21));
#10610 = LINE('',#10611,#10612);
#10611 = CARTESIAN_POINT('',(1.,-0.625,0.));
#10612 = VECTOR('',#10613,1.);
#10613 = DIRECTION('',(0.,0.,1.));
#10614 = ORIENTED_EDGE('',*,*,#10615,.F.);
#10615 = EDGE_CURVE('',#10520,#10606,#10616,.T.);
#10616 = LINE('',#10617,#10618);
#10617 = CARTESIAN_POINT('',(0.6,-0.625,4.E-02));
#10618 = VECTOR('',#10619,1.);
#10619 = DIRECTION('',(1.,0.,0.));
#10620 = ORIENTED_EDGE('',*,*,#10519,.T.);
#10621 = ORIENTED_EDGE('',*,*,#10622,.T.);
#10622 = EDGE_CURVE('',#10522,#10608,#10623,.T.);
#10623 = LINE('',#10624,#10625);
#10624 = CARTESIAN_POINT('',(0.6,-0.625,1.21));
#10625 = VECTOR('',#10626,1.);
#10626 = DIRECTION('',(1.,0.,0.));
#10627 = PLANE('',#10628);
#10628 = AXIS2_PLACEMENT_3D('',#10629,#10630,#10631);
#10629 = CARTESIAN_POINT('',(0.6,-0.625,0.));
#10630 = DIRECTION('',(0.,1.,0.));
#10631 = DIRECTION('',(0.,-0.,1.));
#10632 = ADVANCED_FACE('',(#10633),#10652,.T.);
#10633 = FACE_BOUND('',#10634,.T.);
#10634 = EDGE_LOOP('',(#10635,#10636,#10644,#10651));
#10635 = ORIENTED_EDGE('',*,*,#10529,.T.);
#10636 = ORIENTED_EDGE('',*,*,#10637,.T.);
#10637 = EDGE_CURVE('',#10530,#10638,#10640,.T.);
#10638 = VERTEX_POINT('',#10639);
#10639 = CARTESIAN_POINT('',(1.,-0.585,0.));
#10640 = LINE('',#10641,#10642);
#10641 = CARTESIAN_POINT('',(0.6,-0.585,0.));
#10642 = VECTOR('',#10643,1.);
#10643 = DIRECTION('',(1.,0.,0.));
#10644 = ORIENTED_EDGE('',*,*,#10645,.F.);
#10645 = EDGE_CURVE('',#10606,#10638,#10646,.T.);
#10646 = CIRCLE('',#10647,4.E-02);
#10647 = AXIS2_PLACEMENT_3D('',#10648,#10649,#10650);
#10648 = CARTESIAN_POINT('',(1.,-0.585,4.E-02));
#10649 = DIRECTION('',(1.,0.,-0.));
#10650 = DIRECTION('',(0.,0.,1.));
#10651 = ORIENTED_EDGE('',*,*,#10615,.F.);
#10652 = CYLINDRICAL_SURFACE('',#10653,4.E-02);
#10653 = AXIS2_PLACEMENT_3D('',#10654,#10655,#10656);
#10654 = CARTESIAN_POINT('',(0.6,-0.585,4.E-02));
#10655 = DIRECTION('',(1.,0.,0.));
#10656 = DIRECTION('',(0.,-1.,0.));
#10657 = ADVANCED_FACE('',(#10658),#10677,.T.);
#10658 = FACE_BOUND('',#10659,.T.);
#10659 = EDGE_LOOP('',(#10660,#10661,#10670,#10676));
#10660 = ORIENTED_EDGE('',*,*,#10622,.T.);
#10661 = ORIENTED_EDGE('',*,*,#10662,.T.);
#10662 = EDGE_CURVE('',#10608,#10663,#10665,.T.);
#10663 = VERTEX_POINT('',#10664);
#10664 = CARTESIAN_POINT('',(1.,-0.585,1.25));
#10665 = CIRCLE('',#10666,4.E-02);
#10666 = AXIS2_PLACEMENT_3D('',#10667,#10668,#10669);
#10667 = CARTESIAN_POINT('',(1.,-0.585,1.21));
#10668 = DIRECTION('',(-1.,0.,0.));
#10669 = DIRECTION('',(0.,0.,1.));
#10670 = ORIENTED_EDGE('',*,*,#10671,.F.);
#10671 = EDGE_CURVE('',#10573,#10663,#10672,.T.);
#10672 = LINE('',#10673,#10674);
#10673 = CARTESIAN_POINT('',(0.6,-0.585,1.25));
#10674 = VECTOR('',#10675,1.);
#10675 = DIRECTION('',(1.,0.,0.));
#10676 = ORIENTED_EDGE('',*,*,#10580,.F.);
#10677 = CYLINDRICAL_SURFACE('',#10678,4.E-02);
#10678 = AXIS2_PLACEMENT_3D('',#10679,#10680,#10681);
#10679 = CARTESIAN_POINT('',(0.6,-0.585,1.21));
#10680 = DIRECTION('',(1.,0.,0.));
#10681 = DIRECTION('',(0.,-1.,0.));
#10682 = ADVANCED_FACE('',(#10683),#10701,.F.);
#10683 = FACE_BOUND('',#10684,.F.);
#10684 = EDGE_LOOP('',(#10685,#10686,#10687,#10695));
#10685 = ORIENTED_EDGE('',*,*,#10538,.F.);
#10686 = ORIENTED_EDGE('',*,*,#10637,.T.);
#10687 = ORIENTED_EDGE('',*,*,#10688,.T.);
#10688 = EDGE_CURVE('',#10638,#10689,#10691,.T.);
#10689 = VERTEX_POINT('',#10690);
#10690 = CARTESIAN_POINT('',(1.,0.585,0.));
#10691 = LINE('',#10692,#10693);
#10692 = CARTESIAN_POINT('',(1.,-0.625,0.));
#10693 = VECTOR('',#10694,1.);
#10694 = DIRECTION('',(0.,1.,0.));
#10695 = ORIENTED_EDGE('',*,*,#10696,.F.);
#10696 = EDGE_CURVE('',#10539,#10689,#10697,.T.);
#10697 = LINE('',#10698,#10699);
#10698 = CARTESIAN_POINT('',(0.6,0.585,0.));
#10699 = VECTOR('',#10700,1.);
#10700 = DIRECTION('',(1.,0.,0.));
#10701 = PLANE('',#10702);
#10702 = AXIS2_PLACEMENT_3D('',#10703,#10704,#10705);
#10703 = CARTESIAN_POINT('',(0.6,-0.625,0.));
#10704 = DIRECTION('',(0.,0.,1.));
#10705 = DIRECTION('',(1.,0.,-0.));
#10706 = ADVANCED_FACE('',(#10707),#10725,.T.);
#10707 = FACE_BOUND('',#10708,.T.);
#10708 = EDGE_LOOP('',(#10709,#10710,#10711,#10719));
#10709 = ORIENTED_EDGE('',*,*,#10572,.F.);
#10710 = ORIENTED_EDGE('',*,*,#10671,.T.);
#10711 = ORIENTED_EDGE('',*,*,#10712,.T.);
#10712 = EDGE_CURVE('',#10663,#10713,#10715,.T.);
#10713 = VERTEX_POINT('',#10714);
#10714 = CARTESIAN_POINT('',(1.,0.585,1.25));
#10715 = LINE('',#10716,#10717);
#10716 = CARTESIAN_POINT('',(1.,-0.625,1.25));
#10717 = VECTOR('',#10718,1.);
#10718 = DIRECTION('',(0.,1.,0.));
#10719 = ORIENTED_EDGE('',*,*,#10720,.F.);
#10720 = EDGE_CURVE('',#10564,#10713,#10721,.T.);
#10721 = LINE('',#10722,#10723);
#10722 = CARTESIAN_POINT('',(0.6,0.585,1.25));
#10723 = VECTOR('',#10724,1.);
#10724 = DIRECTION('',(1.,0.,0.));
#10725 = PLANE('',#10726);
#10726 = AXIS2_PLACEMENT_3D('',#10727,#10728,#10729);
#10727 = CARTESIAN_POINT('',(0.6,-0.625,1.25));
#10728 = DIRECTION('',(0.,0.,1.));
#10729 = DIRECTION('',(1.,0.,-0.));
#10730 = ADVANCED_FACE('',(#10731),#10750,.T.);
#10731 = FACE_BOUND('',#10732,.T.);
#10732 = EDGE_LOOP('',(#10733,#10741,#10748,#10749));
#10733 = ORIENTED_EDGE('',*,*,#10734,.T.);
#10734 = EDGE_CURVE('',#10547,#10735,#10737,.T.);
#10735 = VERTEX_POINT('',#10736);
#10736 = CARTESIAN_POINT('',(1.,0.625,4.E-02));
#10737 = LINE('',#10738,#10739);
#10738 = CARTESIAN_POINT('',(0.6,0.625,4.E-02));
#10739 = VECTOR('',#10740,1.);
#10740 = DIRECTION('',(1.,0.,0.));
#10741 = ORIENTED_EDGE('',*,*,#10742,.T.);
#10742 = EDGE_CURVE('',#10735,#10689,#10743,.T.);
#10743 = CIRCLE('',#10744,4.E-02);
#10744 = AXIS2_PLACEMENT_3D('',#10745,#10746,#10747);
#10745 = CARTESIAN_POINT('',(1.,0.585,4.E-02));
#10746 = DIRECTION('',(-1.,0.,0.));
#10747 = DIRECTION('',(0.,0.,1.));
#10748 = ORIENTED_EDGE('',*,*,#10696,.F.);
#10749 = ORIENTED_EDGE('',*,*,#10546,.F.);
#10750 = CYLINDRICAL_SURFACE('',#10751,4.E-02);
#10751 = AXIS2_PLACEMENT_3D('',#10752,#10753,#10754);
#10752 = CARTESIAN_POINT('',(0.6,0.585,4.E-02));
#10753 = DIRECTION('',(1.,0.,0.));
#10754 = DIRECTION('',(-0.,1.,0.));
#10755 = ADVANCED_FACE('',(#10756),#10775,.T.);
#10756 = FACE_BOUND('',#10757,.T.);
#10757 = EDGE_LOOP('',(#10758,#10759,#10760,#10769));
#10758 = ORIENTED_EDGE('',*,*,#10563,.T.);
#10759 = ORIENTED_EDGE('',*,*,#10720,.T.);
#10760 = ORIENTED_EDGE('',*,*,#10761,.F.);
#10761 = EDGE_CURVE('',#10762,#10713,#10764,.T.);
#10762 = VERTEX_POINT('',#10763);
#10763 = CARTESIAN_POINT('',(1.,0.625,1.21));
#10764 = CIRCLE('',#10765,4.E-02);
#10765 = AXIS2_PLACEMENT_3D('',#10766,#10767,#10768);
#10766 = CARTESIAN_POINT('',(1.,0.585,1.21));
#10767 = DIRECTION('',(1.,0.,-0.));
#10768 = DIRECTION('',(0.,0.,1.));
#10769 = ORIENTED_EDGE('',*,*,#10770,.F.);
#10770 = EDGE_CURVE('',#10556,#10762,#10771,.T.);
#10771 = LINE('',#10772,#10773);
#10772 = CARTESIAN_POINT('',(0.6,0.625,1.21));
#10773 = VECTOR('',#10774,1.);
#10774 = DIRECTION('',(1.,0.,0.));
#10775 = CYLINDRICAL_SURFACE('',#10776,4.E-02);
#10776 = AXIS2_PLACEMENT_3D('',#10777,#10778,#10779);
#10777 = CARTESIAN_POINT('',(0.6,0.585,1.21));
#10778 = DIRECTION('',(1.,0.,0.));
#10779 = DIRECTION('',(-0.,1.,0.));
#10780 = ADVANCED_FACE('',(#10781),#10792,.T.);
#10781 = FACE_BOUND('',#10782,.T.);
#10782 = EDGE_LOOP('',(#10783,#10789,#10790,#10791));
#10783 = ORIENTED_EDGE('',*,*,#10784,.F.);
#10784 = EDGE_CURVE('',#10735,#10762,#10785,.T.);
#10785 = LINE('',#10786,#10787);
#10786 = CARTESIAN_POINT('',(1.,0.625,0.));
#10787 = VECTOR('',#10788,1.);
#10788 = DIRECTION('',(0.,0.,1.));
#10789 = ORIENTED_EDGE('',*,*,#10734,.F.);
#10790 = ORIENTED_EDGE('',*,*,#10555,.T.);
#10791 = ORIENTED_EDGE('',*,*,#10770,.T.);
#10792 = PLANE('',#10793);
#10793 = AXIS2_PLACEMENT_3D('',#10794,#10795,#10796);
#10794 = CARTESIAN_POINT('',(0.6,0.625,0.));
#10795 = DIRECTION('',(0.,1.,0.));
#10796 = DIRECTION('',(0.,-0.,1.));
#10797 = ADVANCED_FACE('',(#10798),#10808,.T.);
#10798 = FACE_BOUND('',#10799,.T.);
#10799 = EDGE_LOOP('',(#10800,#10801,#10802,#10803,#10804,#10805,#10806,
    #10807));
#10800 = ORIENTED_EDGE('',*,*,#10605,.F.);
#10801 = ORIENTED_EDGE('',*,*,#10645,.T.);
#10802 = ORIENTED_EDGE('',*,*,#10688,.T.);
#10803 = ORIENTED_EDGE('',*,*,#10742,.F.);
#10804 = ORIENTED_EDGE('',*,*,#10784,.T.);
#10805 = ORIENTED_EDGE('',*,*,#10761,.T.);
#10806 = ORIENTED_EDGE('',*,*,#10712,.F.);
#10807 = ORIENTED_EDGE('',*,*,#10662,.F.);
#10808 = PLANE('',#10809);
#10809 = AXIS2_PLACEMENT_3D('',#10810,#10811,#10812);
#10810 = CARTESIAN_POINT('',(1.,-0.625,0.));
#10811 = DIRECTION('',(1.,0.,0.));
#10812 = DIRECTION('',(0.,0.,1.));
#10813 = ( GEOMETRIC_REPRESENTATION_CONTEXT(3) 
GLOBAL_UNCERTAINTY_ASSIGNED_CONTEXT((#10817)) 
GLOBAL_UNIT_ASSIGNED_CONTEXT((#10814,#10815,#10816)) 
REPRESENTATION_CONTEXT('Context #1',
  '3D Context with UNIT and UNCERTAINTY') );
#10814 = ( LENGTH_UNIT() NAMED_UNIT(*) SI_UNIT(.MILLI.,.METRE.) );
#10815 = ( NAMED_UNIT(*) PLANE_ANGLE_UNIT() SI_UNIT($,.RADIAN.) );
#10816 = ( NAMED_UNIT(*) SI_UNIT($,.STERADIAN.) SOLID_ANGLE_UNIT() );
#10817 = UNCERTAINTY_MEASURE_WITH_UNIT(LENGTH_MEASURE(1.E-07),#10814,
  'distance_accuracy_value','confusion accuracy');
#10818 = CONTEXT_DEPENDENT_SHAPE_REPRESENTATION(#10819,#10821);
#10819 = ( REPRESENTATION_RELATIONSHIP('','',#9958,#10) 
REPRESENTATION_RELATIONSHIP_WITH_TRANSFORMATION(#10820) 
SHAPE_REPRESENTATION_RELATIONSHIP() );
#10820 = ITEM_DEFINED_TRANSFORMATION('','',#11,#71);
#10821 = PRODUCT_DEFINITION_SHAPE('Placement','Placement of an item',
  #10822);
#10822 = NEXT_ASSEMBLY_USAGE_OCCURRENCE('15','C6','',#5,#9953,$);
#10823 = PRODUCT_RELATED_PRODUCT_CATEGORY('part',$,(#9955));
#10824 = SHAPE_DEFINITION_REPRESENTATION(#10825,#10831);
#10825 = PRODUCT_DEFINITION_SHAPE('','',#10826);
#10826 = PRODUCT_DEFINITION('design','',#10827,#10830);
#10827 = PRODUCT_DEFINITION_FORMATION('','',#10828);
#10828 = PRODUCT('SOT-23','SOT-23','',(#10829));
#10829 = PRODUCT_CONTEXT('',#2,'mechanical');
#10830 = PRODUCT_DEFINITION_CONTEXT('part definition',#2,'design');
#10831 = ADVANCED_BREP_SHAPE_REPRESENTATION('',(#11,#10832),#12814);
#10832 = MANIFOLD_SOLID_BREP('',#10833);
#10833 = CLOSED_SHELL('',(#10834,#10872,#10935,#10958,#10987,#11010,
    #11065,#11104,#11127,#11150,#11167,#11190,#11278,#11294,#11324,
    #11357,#11388,#11421,#11438,#11455,#11488,#11518,#11541,#11564,
    #11581,#11610,#11664,#11687,#11710,#11733,#11772,#11794,#11838,
    #11913,#11937,#12005,#12022,#12097,#12121,#12189,#12264,#12288,
    #12356,#12373,#12390,#12436,#12452,#12468,#12485,#12497,#12514,
    #12531,#12548,#12565,#12582,#12599,#12611,#12628,#12645,#12662,
    #12679,#12696,#12708,#12725,#12742,#12759,#12776,#12793,#12805));
#10834 = ADVANCED_FACE('',(#10835),#10867,.F.);
#10835 = FACE_BOUND('',#10836,.F.);
#10836 = EDGE_LOOP('',(#10837,#10847,#10854,#10862));
#10837 = ORIENTED_EDGE('',*,*,#10838,.T.);
#10838 = EDGE_CURVE('',#10839,#10841,#10843,.T.);
#10839 = VERTEX_POINT('',#10840);
#10840 = CARTESIAN_POINT('',(-0.571621551758,1.433243103516,0.1));
#10841 = VERTEX_POINT('',#10842);
#10842 = CARTESIAN_POINT('',(0.571621551758,1.433243103516,0.1));
#10843 = LINE('',#10844,#10845);
#10844 = CARTESIAN_POINT('',(-0.571621551758,1.433243103516,0.1));
#10845 = VECTOR('',#10846,1.);
#10846 = DIRECTION('',(1.,1.110223024625E-16,0.));
#10847 = ORIENTED_EDGE('',*,*,#10848,.T.);
#10848 = EDGE_CURVE('',#10841,#10849,#10851,.T.);
#10849 = VERTEX_POINT('',#10850);
#10850 = CARTESIAN_POINT('',(0.605,1.5,0.575));
#10851 = B_SPLINE_CURVE_WITH_KNOTS('',1,(#10852,#10853),.UNSPECIFIED.,
  .F.,.F.,(2,2),(0.,1.),.PIECEWISE_BEZIER_KNOTS.);
#10852 = CARTESIAN_POINT('',(0.571621551758,1.433243103516,0.1));
#10853 = CARTESIAN_POINT('',(0.605,1.5,0.575));
#10854 = ORIENTED_EDGE('',*,*,#10855,.F.);
#10855 = EDGE_CURVE('',#10856,#10849,#10858,.T.);
#10856 = VERTEX_POINT('',#10857);
#10857 = CARTESIAN_POINT('',(-0.605,1.5,0.575));
#10858 = LINE('',#10859,#10860);
#10859 = CARTESIAN_POINT('',(-0.605,1.5,0.575));
#10860 = VECTOR('',#10861,1.);
#10861 = DIRECTION('',(1.,1.110223024625E-16,0.));
#10862 = ORIENTED_EDGE('',*,*,#10863,.F.);
#10863 = EDGE_CURVE('',#10839,#10856,#10864,.T.);
#10864 = B_SPLINE_CURVE_WITH_KNOTS('',1,(#10865,#10866),.UNSPECIFIED.,
  .F.,.F.,(2,2),(0.,1.),.PIECEWISE_BEZIER_KNOTS.);
#10865 = CARTESIAN_POINT('',(-0.571621551758,1.433243103516,0.1));
#10866 = CARTESIAN_POINT('',(-0.605,1.5,0.575));
#10867 = B_SPLINE_SURFACE_WITH_KNOTS('',1,1,(
    (#10868,#10869)
    ,(#10870,#10871
    )),.UNSPECIFIED.,.F.,.F.,.F.,(2,2),(2,2),(0.,1.21),(0.,1.),
  .PIECEWISE_BEZIER_KNOTS.);
#10868 = CARTESIAN_POINT('',(-0.571621551758,1.433243103516,0.1));
#10869 = CARTESIAN_POINT('',(-0.605,1.5,0.575));
#10870 = CARTESIAN_POINT('',(0.571621551758,1.433243103516,0.1));
#10871 = CARTESIAN_POINT('',(0.605,1.5,0.575));
#10872 = ADVANCED_FACE('',(#10873),#10930,.T.);
#10873 = FACE_BOUND('',#10874,.T.);
#10874 = EDGE_LOOP('',(#10875,#10876,#10884,#10892,#10900,#10908,#10916,
    #10924));
#10875 = ORIENTED_EDGE('',*,*,#10838,.T.);
#10876 = ORIENTED_EDGE('',*,*,#10877,.T.);
#10877 = EDGE_CURVE('',#10841,#10878,#10880,.T.);
#10878 = VERTEX_POINT('',#10879);
#10879 = CARTESIAN_POINT('',(0.633243103516,1.371621551758,0.1));
#10880 = LINE('',#10881,#10882);
#10881 = CARTESIAN_POINT('',(0.571621551758,1.433243103516,0.1));
#10882 = VECTOR('',#10883,1.);
#10883 = DIRECTION('',(0.707106781187,-0.707106781187,0.));
#10884 = ORIENTED_EDGE('',*,*,#10885,.T.);
#10885 = EDGE_CURVE('',#10878,#10886,#10888,.T.);
#10886 = VERTEX_POINT('',#10887);
#10887 = CARTESIAN_POINT('',(0.633243103516,-1.371621551758,0.1));
#10888 = LINE('',#10889,#10890);
#10889 = CARTESIAN_POINT('',(0.633243103516,1.371621551758,0.1));
#10890 = VECTOR('',#10891,1.);
#10891 = DIRECTION('',(1.110223024625E-16,-1.,0.));
#10892 = ORIENTED_EDGE('',*,*,#10893,.T.);
#10893 = EDGE_CURVE('',#10886,#10894,#10896,.T.);
#10894 = VERTEX_POINT('',#10895);
#10895 = CARTESIAN_POINT('',(0.571621551758,-1.433243103516,0.1));
#10896 = LINE('',#10897,#10898);
#10897 = CARTESIAN_POINT('',(0.633243103516,-1.371621551758,0.1));
#10898 = VECTOR('',#10899,1.);
#10899 = DIRECTION('',(-0.707106781187,-0.707106781187,0.));
#10900 = ORIENTED_EDGE('',*,*,#10901,.T.);
#10901 = EDGE_CURVE('',#10894,#10902,#10904,.T.);
#10902 = VERTEX_POINT('',#10903);
#10903 = CARTESIAN_POINT('',(-0.571621551758,-1.433243103516,0.1));
#10904 = LINE('',#10905,#10906);
#10905 = CARTESIAN_POINT('',(0.571621551758,-1.433243103516,0.1));
#10906 = VECTOR('',#10907,1.);
#10907 = DIRECTION('',(-1.,-1.110223024625E-16,0.));
#10908 = ORIENTED_EDGE('',*,*,#10909,.T.);
#10909 = EDGE_CURVE('',#10902,#10910,#10912,.T.);
#10910 = VERTEX_POINT('',#10911);
#10911 = CARTESIAN_POINT('',(-0.633243103516,-1.371621551758,0.1));
#10912 = LINE('',#10913,#10914);
#10913 = CARTESIAN_POINT('',(-0.571621551758,-1.433243103516,0.1));
#10914 = VECTOR('',#10915,1.);
#10915 = DIRECTION('',(-0.707106781187,0.707106781187,0.));
#10916 = ORIENTED_EDGE('',*,*,#10917,.T.);
#10917 = EDGE_CURVE('',#10910,#10918,#10920,.T.);
#10918 = VERTEX_POINT('',#10919);
#10919 = CARTESIAN_POINT('',(-0.633243103516,1.371621551758,0.1));
#10920 = LINE('',#10921,#10922);
#10921 = CARTESIAN_POINT('',(-0.633243103516,-1.371621551758,0.1));
#10922 = VECTOR('',#10923,1.);
#10923 = DIRECTION('',(-1.110223024625E-16,1.,0.));
#10924 = ORIENTED_EDGE('',*,*,#10925,.T.);
#10925 = EDGE_CURVE('',#10918,#10839,#10926,.T.);
#10926 = LINE('',#10927,#10928);
#10927 = CARTESIAN_POINT('',(-0.633243103516,1.371621551758,0.1));
#10928 = VECTOR('',#10929,1.);
#10929 = DIRECTION('',(0.707106781187,0.707106781187,0.));
#10930 = PLANE('',#10931);
#10931 = AXIS2_PLACEMENT_3D('',#10932,#10933,#10934);
#10932 = CARTESIAN_POINT('',(-0.571621551758,1.433243103516,0.1));
#10933 = DIRECTION('',(0.,0.,-1.));
#10934 = DIRECTION('',(0.370454302632,-0.928850692879,0.));
#10935 = ADVANCED_FACE('',(#10936),#10953,.F.);
#10936 = FACE_BOUND('',#10937,.F.);
#10937 = EDGE_LOOP('',(#10938,#10939,#10946,#10952));
#10938 = ORIENTED_EDGE('',*,*,#10877,.T.);
#10939 = ORIENTED_EDGE('',*,*,#10940,.T.);
#10940 = EDGE_CURVE('',#10878,#10941,#10943,.T.);
#10941 = VERTEX_POINT('',#10942);
#10942 = CARTESIAN_POINT('',(0.7,1.405,0.575));
#10943 = B_SPLINE_CURVE_WITH_KNOTS('',1,(#10944,#10945),.UNSPECIFIED.,
  .F.,.F.,(2,2),(0.,1.),.PIECEWISE_BEZIER_KNOTS.);
#10944 = CARTESIAN_POINT('',(0.633243103516,1.371621551758,0.1));
#10945 = CARTESIAN_POINT('',(0.7,1.405,0.575));
#10946 = ORIENTED_EDGE('',*,*,#10947,.F.);
#10947 = EDGE_CURVE('',#10849,#10941,#10948,.T.);
#10948 = LINE('',#10949,#10950);
#10949 = CARTESIAN_POINT('',(0.605,1.5,0.575));
#10950 = VECTOR('',#10951,1.);
#10951 = DIRECTION('',(0.707106781187,-0.707106781187,0.));
#10952 = ORIENTED_EDGE('',*,*,#10848,.F.);
#10953 = B_SPLINE_SURFACE_WITH_KNOTS('',1,1,(
    (#10954,#10955)
    ,(#10956,#10957
    )),.UNSPECIFIED.,.F.,.F.,.F.,(2,2),(2,2),(0.,0.134350288425),(0.,1.)
  ,.PIECEWISE_BEZIER_KNOTS.);
#10954 = CARTESIAN_POINT('',(0.571621551758,1.433243103516,0.1));
#10955 = CARTESIAN_POINT('',(0.605,1.5,0.575));
#10956 = CARTESIAN_POINT('',(0.633243103516,1.371621551758,0.1));
#10957 = CARTESIAN_POINT('',(0.7,1.405,0.575));
#10958 = ADVANCED_FACE('',(#10959),#10982,.F.);
#10959 = FACE_BOUND('',#10960,.F.);
#10960 = EDGE_LOOP('',(#10961,#10962,#10969,#10977));
#10961 = ORIENTED_EDGE('',*,*,#10855,.T.);
#10962 = ORIENTED_EDGE('',*,*,#10963,.T.);
#10963 = EDGE_CURVE('',#10849,#10964,#10966,.T.);
#10964 = VERTEX_POINT('',#10965);
#10965 = CARTESIAN_POINT('',(0.605,1.5,0.725));
#10966 = B_SPLINE_CURVE_WITH_KNOTS('',1,(#10967,#10968),.UNSPECIFIED.,
  .F.,.F.,(2,2),(0.,1.),.PIECEWISE_BEZIER_KNOTS.);
#10967 = CARTESIAN_POINT('',(0.605,1.5,0.575));
#10968 = CARTESIAN_POINT('',(0.605,1.5,0.725));
#10969 = ORIENTED_EDGE('',*,*,#10970,.F.);
#10970 = EDGE_CURVE('',#10971,#10964,#10973,.T.);
#10971 = VERTEX_POINT('',#10972);
#10972 = CARTESIAN_POINT('',(-0.605,1.5,0.725));
#10973 = LINE('',#10974,#10975);
#10974 = CARTESIAN_POINT('',(-0.605,1.5,0.725));
#10975 = VECTOR('',#10976,1.);
#10976 = DIRECTION('',(1.,1.110223024625E-16,0.));
#10977 = ORIENTED_EDGE('',*,*,#10978,.F.);
#10978 = EDGE_CURVE('',#10856,#10971,#10979,.T.);
#10979 = B_SPLINE_CURVE_WITH_KNOTS('',1,(#10980,#10981),.UNSPECIFIED.,
  .F.,.F.,(2,2),(0.,1.),.PIECEWISE_BEZIER_KNOTS.);
#10980 = CARTESIAN_POINT('',(-0.605,1.5,0.575));
#10981 = CARTESIAN_POINT('',(-0.605,1.5,0.725));
#10982 = PLANE('',#10983);
#10983 = AXIS2_PLACEMENT_3D('',#10984,#10985,#10986);
#10984 = CARTESIAN_POINT('',(-0.605,1.5,0.725));
#10985 = DIRECTION('',(1.110223024625E-16,-1.,0.));
#10986 = DIRECTION('',(1.,1.110223024625E-16,0.));
#10987 = ADVANCED_FACE('',(#10988),#11005,.F.);
#10988 = FACE_BOUND('',#10989,.F.);
#10989 = EDGE_LOOP('',(#10990,#10991,#10992,#11000));
#10990 = ORIENTED_EDGE('',*,*,#10925,.T.);
#10991 = ORIENTED_EDGE('',*,*,#10863,.T.);
#10992 = ORIENTED_EDGE('',*,*,#10993,.F.);
#10993 = EDGE_CURVE('',#10994,#10856,#10996,.T.);
#10994 = VERTEX_POINT('',#10995);
#10995 = CARTESIAN_POINT('',(-0.7,1.405,0.575));
#10996 = LINE('',#10997,#10998);
#10997 = CARTESIAN_POINT('',(-0.7,1.405,0.575));
#10998 = VECTOR('',#10999,1.);
#10999 = DIRECTION('',(0.707106781187,0.707106781187,0.));
#11000 = ORIENTED_EDGE('',*,*,#11001,.F.);
#11001 = EDGE_CURVE('',#10918,#10994,#11002,.T.);
#11002 = B_SPLINE_CURVE_WITH_KNOTS('',1,(#11003,#11004),.UNSPECIFIED.,
  .F.,.F.,(2,2),(0.,1.),.PIECEWISE_BEZIER_KNOTS.);
#11003 = CARTESIAN_POINT('',(-0.633243103516,1.371621551758,0.1));
#11004 = CARTESIAN_POINT('',(-0.7,1.405,0.575));
#11005 = B_SPLINE_SURFACE_WITH_KNOTS('',1,1,(
    (#11006,#11007)
    ,(#11008,#11009
    )),.UNSPECIFIED.,.F.,.F.,.F.,(2,2),(2,2),(0.,0.134350288425),(0.,1.)
  ,.PIECEWISE_BEZIER_KNOTS.);
#11006 = CARTESIAN_POINT('',(-0.633243103516,1.371621551758,0.1));
#11007 = CARTESIAN_POINT('',(-0.7,1.405,0.575));
#11008 = CARTESIAN_POINT('',(-0.571621551758,1.433243103516,0.1));
#11009 = CARTESIAN_POINT('',(-0.605,1.5,0.575));
#11010 = ADVANCED_FACE('',(#11011),#11060,.F.);
#11011 = FACE_BOUND('',#11012,.F.);
#11012 = EDGE_LOOP('',(#11013,#11014,#11015,#11023,#11031,#11039,#11047,
    #11055));
#11013 = ORIENTED_EDGE('',*,*,#10917,.T.);
#11014 = ORIENTED_EDGE('',*,*,#11001,.T.);
#11015 = ORIENTED_EDGE('',*,*,#11016,.F.);
#11016 = EDGE_CURVE('',#11017,#10994,#11019,.T.);
#11017 = VERTEX_POINT('',#11018);
#11018 = CARTESIAN_POINT('',(-0.7,1.15,0.575));
#11019 = LINE('',#11020,#11021);
#11020 = CARTESIAN_POINT('',(-0.7,-1.405,0.575));
#11021 = VECTOR('',#11022,1.);
#11022 = DIRECTION('',(-1.110223024625E-16,1.,0.));
#11023 = ORIENTED_EDGE('',*,*,#11024,.F.);
#11024 = EDGE_CURVE('',#11025,#11017,#11027,.T.);
#11025 = VERTEX_POINT('',#11026);
#11026 = CARTESIAN_POINT('',(-0.7,0.75,0.575));
#11027 = LINE('',#11028,#11029);
#11028 = CARTESIAN_POINT('',(-0.7,0.75,0.575));
#11029 = VECTOR('',#11030,1.);
#11030 = DIRECTION('',(1.144237745222E-17,1.,0.));
#11031 = ORIENTED_EDGE('',*,*,#11032,.F.);
#11032 = EDGE_CURVE('',#11033,#11025,#11035,.T.);
#11033 = VERTEX_POINT('',#11034);
#11034 = CARTESIAN_POINT('',(-0.7,-0.75,0.575));
#11035 = LINE('',#11036,#11037);
#11036 = CARTESIAN_POINT('',(-0.7,-1.405,0.575));
#11037 = VECTOR('',#11038,1.);
#11038 = DIRECTION('',(-1.110223024625E-16,1.,0.));
#11039 = ORIENTED_EDGE('',*,*,#11040,.F.);
#11040 = EDGE_CURVE('',#11041,#11033,#11043,.T.);
#11041 = VERTEX_POINT('',#11042);
#11042 = CARTESIAN_POINT('',(-0.7,-1.15,0.575));
#11043 = LINE('',#11044,#11045);
#11044 = CARTESIAN_POINT('',(-0.7,-1.15,0.575));
#11045 = VECTOR('',#11046,1.);
#11046 = DIRECTION('',(1.144237745222E-17,1.,0.));
#11047 = ORIENTED_EDGE('',*,*,#11048,.F.);
#11048 = EDGE_CURVE('',#11049,#11041,#11051,.T.);
#11049 = VERTEX_POINT('',#11050);
#11050 = CARTESIAN_POINT('',(-0.7,-1.405,0.575));
#11051 = LINE('',#11052,#11053);
#11052 = CARTESIAN_POINT('',(-0.7,-1.405,0.575));
#11053 = VECTOR('',#11054,1.);
#11054 = DIRECTION('',(-1.110223024625E-16,1.,0.));
#11055 = ORIENTED_EDGE('',*,*,#11056,.F.);
#11056 = EDGE_CURVE('',#10910,#11049,#11057,.T.);
#11057 = B_SPLINE_CURVE_WITH_KNOTS('',1,(#11058,#11059),.UNSPECIFIED.,
  .F.,.F.,(2,2),(0.,1.),.PIECEWISE_BEZIER_KNOTS.);
#11058 = CARTESIAN_POINT('',(-0.633243103516,-1.371621551758,0.1));
#11059 = CARTESIAN_POINT('',(-0.7,-1.405,0.575));
#11060 = B_SPLINE_SURFACE_WITH_KNOTS('',1,1,(
    (#11061,#11062)
    ,(#11063,#11064
    )),.UNSPECIFIED.,.F.,.F.,.F.,(2,2),(2,2),(0.,2.81),(0.,1.),
  .PIECEWISE_BEZIER_KNOTS.);
#11061 = CARTESIAN_POINT('',(-0.633243103516,-1.371621551758,0.1));
#11062 = CARTESIAN_POINT('',(-0.7,-1.405,0.575));
#11063 = CARTESIAN_POINT('',(-0.633243103516,1.371621551758,0.1));
#11064 = CARTESIAN_POINT('',(-0.7,1.405,0.575));
#11065 = ADVANCED_FACE('',(#11066),#11099,.F.);
#11066 = FACE_BOUND('',#11067,.F.);
#11067 = EDGE_LOOP('',(#11068,#11069,#11076,#11084,#11092,#11098));
#11068 = ORIENTED_EDGE('',*,*,#10885,.T.);
#11069 = ORIENTED_EDGE('',*,*,#11070,.T.);
#11070 = EDGE_CURVE('',#10886,#11071,#11073,.T.);
#11071 = VERTEX_POINT('',#11072);
#11072 = CARTESIAN_POINT('',(0.7,-1.405,0.575));
#11073 = B_SPLINE_CURVE_WITH_KNOTS('',1,(#11074,#11075),.UNSPECIFIED.,
  .F.,.F.,(2,2),(0.,1.),.PIECEWISE_BEZIER_KNOTS.);
#11074 = CARTESIAN_POINT('',(0.633243103516,-1.371621551758,0.1));
#11075 = CARTESIAN_POINT('',(0.7,-1.405,0.575));
#11076 = ORIENTED_EDGE('',*,*,#11077,.F.);
#11077 = EDGE_CURVE('',#11078,#11071,#11080,.T.);
#11078 = VERTEX_POINT('',#11079);
#11079 = CARTESIAN_POINT('',(0.7,-0.2,0.575));
#11080 = LINE('',#11081,#11082);
#11081 = CARTESIAN_POINT('',(0.7,1.405,0.575));
#11082 = VECTOR('',#11083,1.);
#11083 = DIRECTION('',(1.110223024625E-16,-1.,0.));
#11084 = ORIENTED_EDGE('',*,*,#11085,.F.);
#11085 = EDGE_CURVE('',#11086,#11078,#11088,.T.);
#11086 = VERTEX_POINT('',#11087);
#11087 = CARTESIAN_POINT('',(0.7,0.2,0.575));
#11088 = LINE('',#11089,#11090);
#11089 = CARTESIAN_POINT('',(0.7,0.2,0.575));
#11090 = VECTOR('',#11091,1.);
#11091 = DIRECTION('',(1.110223024625E-16,-1.,0.));
#11092 = ORIENTED_EDGE('',*,*,#11093,.F.);
#11093 = EDGE_CURVE('',#10941,#11086,#11094,.T.);
#11094 = LINE('',#11095,#11096);
#11095 = CARTESIAN_POINT('',(0.7,1.405,0.575));
#11096 = VECTOR('',#11097,1.);
#11097 = DIRECTION('',(1.110223024625E-16,-1.,0.));
#11098 = ORIENTED_EDGE('',*,*,#10940,.F.);
#11099 = B_SPLINE_SURFACE_WITH_KNOTS('',1,1,(
    (#11100,#11101)
    ,(#11102,#11103
    )),.UNSPECIFIED.,.F.,.F.,.F.,(2,2),(2,2),(0.,2.81),(0.,1.),
  .PIECEWISE_BEZIER_KNOTS.);
#11100 = CARTESIAN_POINT('',(0.633243103516,1.371621551758,0.1));
#11101 = CARTESIAN_POINT('',(0.7,1.405,0.575));
#11102 = CARTESIAN_POINT('',(0.633243103516,-1.371621551758,0.1));
#11103 = CARTESIAN_POINT('',(0.7,-1.405,0.575));
#11104 = ADVANCED_FACE('',(#11105),#11122,.F.);
#11105 = FACE_BOUND('',#11106,.F.);
#11106 = EDGE_LOOP('',(#11107,#11108,#11109,#11117));
#11107 = ORIENTED_EDGE('',*,*,#10909,.T.);
#11108 = ORIENTED_EDGE('',*,*,#11056,.T.);
#11109 = ORIENTED_EDGE('',*,*,#11110,.F.);
#11110 = EDGE_CURVE('',#11111,#11049,#11113,.T.);
#11111 = VERTEX_POINT('',#11112);
#11112 = CARTESIAN_POINT('',(-0.605,-1.5,0.575));
#11113 = LINE('',#11114,#11115);
#11114 = CARTESIAN_POINT('',(-0.605,-1.5,0.575));
#11115 = VECTOR('',#11116,1.);
#11116 = DIRECTION('',(-0.707106781187,0.707106781187,0.));
#11117 = ORIENTED_EDGE('',*,*,#11118,.F.);
#11118 = EDGE_CURVE('',#10902,#11111,#11119,.T.);
#11119 = B_SPLINE_CURVE_WITH_KNOTS('',1,(#11120,#11121),.UNSPECIFIED.,
  .F.,.F.,(2,2),(0.,1.),.PIECEWISE_BEZIER_KNOTS.);
#11120 = CARTESIAN_POINT('',(-0.571621551758,-1.433243103516,0.1));
#11121 = CARTESIAN_POINT('',(-0.605,-1.5,0.575));
#11122 = B_SPLINE_SURFACE_WITH_KNOTS('',1,1,(
    (#11123,#11124)
    ,(#11125,#11126
    )),.UNSPECIFIED.,.F.,.F.,.F.,(2,2),(2,2),(0.,0.134350288425),(0.,1.)
  ,.PIECEWISE_BEZIER_KNOTS.);
#11123 = CARTESIAN_POINT('',(-0.571621551758,-1.433243103516,0.1));
#11124 = CARTESIAN_POINT('',(-0.605,-1.5,0.575));
#11125 = CARTESIAN_POINT('',(-0.633243103516,-1.371621551758,0.1));
#11126 = CARTESIAN_POINT('',(-0.7,-1.405,0.575));
#11127 = ADVANCED_FACE('',(#11128),#11145,.F.);
#11128 = FACE_BOUND('',#11129,.F.);
#11129 = EDGE_LOOP('',(#11130,#11131,#11138,#11144));
#11130 = ORIENTED_EDGE('',*,*,#10893,.T.);
#11131 = ORIENTED_EDGE('',*,*,#11132,.T.);
#11132 = EDGE_CURVE('',#10894,#11133,#11135,.T.);
#11133 = VERTEX_POINT('',#11134);
#11134 = CARTESIAN_POINT('',(0.605,-1.5,0.575));
#11135 = B_SPLINE_CURVE_WITH_KNOTS('',1,(#11136,#11137),.UNSPECIFIED.,
  .F.,.F.,(2,2),(0.,1.),.PIECEWISE_BEZIER_KNOTS.);
#11136 = CARTESIAN_POINT('',(0.571621551758,-1.433243103516,0.1));
#11137 = CARTESIAN_POINT('',(0.605,-1.5,0.575));
#11138 = ORIENTED_EDGE('',*,*,#11139,.F.);
#11139 = EDGE_CURVE('',#11071,#11133,#11140,.T.);
#11140 = LINE('',#11141,#11142);
#11141 = CARTESIAN_POINT('',(0.7,-1.405,0.575));
#11142 = VECTOR('',#11143,1.);
#11143 = DIRECTION('',(-0.707106781187,-0.707106781187,0.));
#11144 = ORIENTED_EDGE('',*,*,#11070,.F.);
#11145 = B_SPLINE_SURFACE_WITH_KNOTS('',1,1,(
    (#11146,#11147)
    ,(#11148,#11149
    )),.UNSPECIFIED.,.F.,.F.,.F.,(2,2),(2,2),(0.,0.134350288425),(0.,1.)
  ,.PIECEWISE_BEZIER_KNOTS.);
#11146 = CARTESIAN_POINT('',(0.633243103516,-1.371621551758,0.1));
#11147 = CARTESIAN_POINT('',(0.7,-1.405,0.575));
#11148 = CARTESIAN_POINT('',(0.571621551758,-1.433243103516,0.1));
#11149 = CARTESIAN_POINT('',(0.605,-1.5,0.575));
#11150 = ADVANCED_FACE('',(#11151),#11162,.F.);
#11151 = FACE_BOUND('',#11152,.F.);
#11152 = EDGE_LOOP('',(#11153,#11154,#11155,#11161));
#11153 = ORIENTED_EDGE('',*,*,#10901,.T.);
#11154 = ORIENTED_EDGE('',*,*,#11118,.T.);
#11155 = ORIENTED_EDGE('',*,*,#11156,.F.);
#11156 = EDGE_CURVE('',#11133,#11111,#11157,.T.);
#11157 = LINE('',#11158,#11159);
#11158 = CARTESIAN_POINT('',(0.605,-1.5,0.575));
#11159 = VECTOR('',#11160,1.);
#11160 = DIRECTION('',(-1.,-1.110223024625E-16,0.));
#11161 = ORIENTED_EDGE('',*,*,#11132,.F.);
#11162 = B_SPLINE_SURFACE_WITH_KNOTS('',1,1,(
    (#11163,#11164)
    ,(#11165,#11166
    )),.UNSPECIFIED.,.F.,.F.,.F.,(2,2),(2,2),(0.,1.21),(0.,1.),
  .PIECEWISE_BEZIER_KNOTS.);
#11163 = CARTESIAN_POINT('',(0.571621551758,-1.433243103516,0.1));
#11164 = CARTESIAN_POINT('',(0.605,-1.5,0.575));
#11165 = CARTESIAN_POINT('',(-0.571621551758,-1.433243103516,0.1));
#11166 = CARTESIAN_POINT('',(-0.605,-1.5,0.575));
#11167 = ADVANCED_FACE('',(#11168),#11185,.F.);
#11168 = FACE_BOUND('',#11169,.F.);
#11169 = EDGE_LOOP('',(#11170,#11171,#11178,#11184));
#11170 = ORIENTED_EDGE('',*,*,#10947,.T.);
#11171 = ORIENTED_EDGE('',*,*,#11172,.T.);
#11172 = EDGE_CURVE('',#10941,#11173,#11175,.T.);
#11173 = VERTEX_POINT('',#11174);
#11174 = CARTESIAN_POINT('',(0.7,1.405,0.725));
#11175 = B_SPLINE_CURVE_WITH_KNOTS('',1,(#11176,#11177),.UNSPECIFIED.,
  .F.,.F.,(2,2),(0.,1.),.PIECEWISE_BEZIER_KNOTS.);
#11176 = CARTESIAN_POINT('',(0.7,1.405,0.575));
#11177 = CARTESIAN_POINT('',(0.7,1.405,0.725));
#11178 = ORIENTED_EDGE('',*,*,#11179,.F.);
#11179 = EDGE_CURVE('',#10964,#11173,#11180,.T.);
#11180 = LINE('',#11181,#11182);
#11181 = CARTESIAN_POINT('',(0.605,1.5,0.725));
#11182 = VECTOR('',#11183,1.);
#11183 = DIRECTION('',(0.707106781187,-0.707106781187,0.));
#11184 = ORIENTED_EDGE('',*,*,#10963,.F.);
#11185 = PLANE('',#11186);
#11186 = AXIS2_PLACEMENT_3D('',#11187,#11188,#11189);
#11187 = CARTESIAN_POINT('',(0.605,1.5,0.725));
#11188 = DIRECTION('',(-0.707106781187,-0.707106781187,0.));
#11189 = DIRECTION('',(0.707106781187,-0.707106781187,0.));
#11190 = ADVANCED_FACE('',(#11191),#11273,.F.);
#11191 = FACE_BOUND('',#11192,.F.);
#11192 = EDGE_LOOP('',(#11193,#11201,#11202,#11203,#11211,#11219,#11227,
    #11235,#11243,#11251,#11259,#11267));
#11193 = ORIENTED_EDGE('',*,*,#11194,.T.);
#11194 = EDGE_CURVE('',#11195,#10971,#11197,.T.);
#11195 = VERTEX_POINT('',#11196);
#11196 = CARTESIAN_POINT('',(-0.7,1.405,0.725));
#11197 = LINE('',#11198,#11199);
#11198 = CARTESIAN_POINT('',(-0.7,1.405,0.725));
#11199 = VECTOR('',#11200,1.);
#11200 = DIRECTION('',(0.707106781187,0.707106781187,0.));
#11201 = ORIENTED_EDGE('',*,*,#10970,.T.);
#11202 = ORIENTED_EDGE('',*,*,#11179,.T.);
#11203 = ORIENTED_EDGE('',*,*,#11204,.T.);
#11204 = EDGE_CURVE('',#11173,#11205,#11207,.T.);
#11205 = VERTEX_POINT('',#11206);
#11206 = CARTESIAN_POINT('',(0.7,0.2,0.725));
#11207 = LINE('',#11208,#11209);
#11208 = CARTESIAN_POINT('',(0.7,1.405,0.725));
#11209 = VECTOR('',#11210,1.);
#11210 = DIRECTION('',(1.110223024625E-16,-1.,0.));
#11211 = ORIENTED_EDGE('',*,*,#11212,.T.);
#11212 = EDGE_CURVE('',#11205,#11213,#11215,.T.);
#11213 = VERTEX_POINT('',#11214);
#11214 = CARTESIAN_POINT('',(0.675,0.2,0.725));
#11215 = LINE('',#11216,#11217);
#11216 = CARTESIAN_POINT('',(0.7,0.2,0.725));
#11217 = VECTOR('',#11218,1.);
#11218 = DIRECTION('',(-1.,-1.110223024625E-16,0.));
#11219 = ORIENTED_EDGE('',*,*,#11220,.F.);
#11220 = EDGE_CURVE('',#11221,#11213,#11223,.T.);
#11221 = VERTEX_POINT('',#11222);
#11222 = CARTESIAN_POINT('',(0.675,1.3925,0.725));
#11223 = LINE('',#11224,#11225);
#11224 = CARTESIAN_POINT('',(0.675,1.3925,0.725));
#11225 = VECTOR('',#11226,1.);
#11226 = DIRECTION('',(1.110223024625E-16,-1.,0.));
#11227 = ORIENTED_EDGE('',*,*,#11228,.F.);
#11228 = EDGE_CURVE('',#11229,#11221,#11231,.T.);
#11229 = VERTEX_POINT('',#11230);
#11230 = CARTESIAN_POINT('',(0.5925,1.475,0.725));
#11231 = LINE('',#11232,#11233);
#11232 = CARTESIAN_POINT('',(0.5925,1.475,0.725));
#11233 = VECTOR('',#11234,1.);
#11234 = DIRECTION('',(0.707106781187,-0.707106781187,0.));
#11235 = ORIENTED_EDGE('',*,*,#11236,.F.);
#11236 = EDGE_CURVE('',#11237,#11229,#11239,.T.);
#11237 = VERTEX_POINT('',#11238);
#11238 = CARTESIAN_POINT('',(-0.5925,1.475,0.725));
#11239 = LINE('',#11240,#11241);
#11240 = CARTESIAN_POINT('',(-0.5925,1.475,0.725));
#11241 = VECTOR('',#11242,1.);
#11242 = DIRECTION('',(1.,1.110223024625E-16,0.));
#11243 = ORIENTED_EDGE('',*,*,#11244,.F.);
#11244 = EDGE_CURVE('',#11245,#11237,#11247,.T.);
#11245 = VERTEX_POINT('',#11246);
#11246 = CARTESIAN_POINT('',(-0.675,1.3925,0.725));
#11247 = LINE('',#11248,#11249);
#11248 = CARTESIAN_POINT('',(-0.675,1.3925,0.725));
#11249 = VECTOR('',#11250,1.);
#11250 = DIRECTION('',(0.707106781187,0.707106781187,0.));
#11251 = ORIENTED_EDGE('',*,*,#11252,.F.);
#11252 = EDGE_CURVE('',#11253,#11245,#11255,.T.);
#11253 = VERTEX_POINT('',#11254);
#11254 = CARTESIAN_POINT('',(-0.675,1.15,0.725));
#11255 = LINE('',#11256,#11257);
#11256 = CARTESIAN_POINT('',(-0.675,-1.3925,0.725));
#11257 = VECTOR('',#11258,1.);
#11258 = DIRECTION('',(-1.110223024625E-16,1.,0.));
#11259 = ORIENTED_EDGE('',*,*,#11260,.F.);
#11260 = EDGE_CURVE('',#11261,#11253,#11263,.T.);
#11261 = VERTEX_POINT('',#11262);
#11262 = CARTESIAN_POINT('',(-0.7,1.15,0.725));
#11263 = LINE('',#11264,#11265);
#11264 = CARTESIAN_POINT('',(-0.7,1.15,0.725));
#11265 = VECTOR('',#11266,1.);
#11266 = DIRECTION('',(1.,-1.144237745222E-17,0.));
#11267 = ORIENTED_EDGE('',*,*,#11268,.T.);
#11268 = EDGE_CURVE('',#11261,#11195,#11269,.T.);
#11269 = LINE('',#11270,#11271);
#11270 = CARTESIAN_POINT('',(-0.7,-1.405,0.725));
#11271 = VECTOR('',#11272,1.);
#11272 = DIRECTION('',(-1.110223024625E-16,1.,0.));
#11273 = PLANE('',#11274);
#11274 = AXIS2_PLACEMENT_3D('',#11275,#11276,#11277);
#11275 = CARTESIAN_POINT('',(-1.486299604971E-16,1.4875,0.725));
#11276 = DIRECTION('',(1.022886882533E-31,-6.310887241768E-27,-1.));
#11277 = DIRECTION('',(1.,1.217738924546E-16,1.022886882525E-31));
#11278 = ADVANCED_FACE('',(#11279),#11289,.F.);
#11279 = FACE_BOUND('',#11280,.F.);
#11280 = EDGE_LOOP('',(#11281,#11282,#11283,#11284));
#11281 = ORIENTED_EDGE('',*,*,#10993,.T.);
#11282 = ORIENTED_EDGE('',*,*,#10978,.T.);
#11283 = ORIENTED_EDGE('',*,*,#11194,.F.);
#11284 = ORIENTED_EDGE('',*,*,#11285,.F.);
#11285 = EDGE_CURVE('',#10994,#11195,#11286,.T.);
#11286 = B_SPLINE_CURVE_WITH_KNOTS('',1,(#11287,#11288),.UNSPECIFIED.,
  .F.,.F.,(2,2),(0.,1.),.PIECEWISE_BEZIER_KNOTS.);
#11287 = CARTESIAN_POINT('',(-0.7,1.405,0.575));
#11288 = CARTESIAN_POINT('',(-0.7,1.405,0.725));
#11289 = PLANE('',#11290);
#11290 = AXIS2_PLACEMENT_3D('',#11291,#11292,#11293);
#11291 = CARTESIAN_POINT('',(-0.7,1.405,0.725));
#11292 = DIRECTION('',(0.707106781187,-0.707106781187,0.));
#11293 = DIRECTION('',(0.707106781187,0.707106781187,0.));
#11294 = ADVANCED_FACE('',(#11295),#11319,.F.);
#11295 = FACE_BOUND('',#11296,.F.);
#11296 = EDGE_LOOP('',(#11297,#11304,#11305,#11313));
#11297 = ORIENTED_EDGE('',*,*,#11298,.F.);
#11298 = EDGE_CURVE('',#11049,#11299,#11301,.T.);
#11299 = VERTEX_POINT('',#11300);
#11300 = CARTESIAN_POINT('',(-0.7,-1.405,0.725));
#11301 = B_SPLINE_CURVE_WITH_KNOTS('',1,(#11302,#11303),.UNSPECIFIED.,
  .F.,.F.,(2,2),(0.,1.),.PIECEWISE_BEZIER_KNOTS.);
#11302 = CARTESIAN_POINT('',(-0.7,-1.405,0.575));
#11303 = CARTESIAN_POINT('',(-0.7,-1.405,0.725));
#11304 = ORIENTED_EDGE('',*,*,#11048,.T.);
#11305 = ORIENTED_EDGE('',*,*,#11306,.T.);
#11306 = EDGE_CURVE('',#11041,#11307,#11309,.T.);
#11307 = VERTEX_POINT('',#11308);
#11308 = CARTESIAN_POINT('',(-0.7,-1.15,0.725));
#11309 = LINE('',#11310,#11311);
#11310 = CARTESIAN_POINT('',(-0.7,-1.15,0.529763586955));
#11311 = VECTOR('',#11312,1.);
#11312 = DIRECTION('',(0.,0.,1.));
#11313 = ORIENTED_EDGE('',*,*,#11314,.F.);
#11314 = EDGE_CURVE('',#11299,#11307,#11315,.T.);
#11315 = LINE('',#11316,#11317);
#11316 = CARTESIAN_POINT('',(-0.7,-1.405,0.725));
#11317 = VECTOR('',#11318,1.);
#11318 = DIRECTION('',(-1.110223024625E-16,1.,0.));
#11319 = PLANE('',#11320);
#11320 = AXIS2_PLACEMENT_3D('',#11321,#11322,#11323);
#11321 = CARTESIAN_POINT('',(-0.7,-1.405,0.725));
#11322 = DIRECTION('',(1.,1.110223024625E-16,0.));
#11323 = DIRECTION('',(-1.110223024625E-16,1.,0.));
#11324 = ADVANCED_FACE('',(#11325),#11352,.F.);
#11325 = FACE_BOUND('',#11326,.F.);
#11326 = EDGE_LOOP('',(#11327,#11328,#11337,#11345));
#11327 = ORIENTED_EDGE('',*,*,#11040,.T.);
#11328 = ORIENTED_EDGE('',*,*,#11329,.T.);
#11329 = EDGE_CURVE('',#11033,#11330,#11332,.T.);
#11330 = VERTEX_POINT('',#11331);
#11331 = CARTESIAN_POINT('',(-0.798480775301,-0.75,0.492364817767));
#11332 = CIRCLE('',#11333,0.1);
#11333 = AXIS2_PLACEMENT_3D('',#11334,#11335,#11336);
#11334 = CARTESIAN_POINT('',(-0.7,-0.75,0.475));
#11335 = DIRECTION('',(-1.144237745222E-17,-1.,-5.473822126269E-48));
#11336 = DIRECTION('',(2.22044604925E-15,-2.540718180781E-32,1.));
#11337 = ORIENTED_EDGE('',*,*,#11338,.F.);
#11338 = EDGE_CURVE('',#11339,#11330,#11341,.T.);
#11339 = VERTEX_POINT('',#11340);
#11340 = CARTESIAN_POINT('',(-0.798480775301,-1.15,0.492364817767));
#11341 = LINE('',#11342,#11343);
#11342 = CARTESIAN_POINT('',(-0.798480775301,-1.15,0.492364817767));
#11343 = VECTOR('',#11344,1.);
#11344 = DIRECTION('',(1.144237745222E-17,1.,0.));
#11345 = ORIENTED_EDGE('',*,*,#11346,.F.);
#11346 = EDGE_CURVE('',#11041,#11339,#11347,.T.);
#11347 = CIRCLE('',#11348,0.1);
#11348 = AXIS2_PLACEMENT_3D('',#11349,#11350,#11351);
#11349 = CARTESIAN_POINT('',(-0.7,-1.15,0.475));
#11350 = DIRECTION('',(-1.144237745222E-17,-1.,-5.473822126269E-48));
#11351 = DIRECTION('',(2.22044604925E-15,-2.540718180781E-32,1.));
#11352 = CYLINDRICAL_SURFACE('',#11353,0.1);
#11353 = AXIS2_PLACEMENT_3D('',#11354,#11355,#11356);
#11354 = CARTESIAN_POINT('',(-0.7,-1.15,0.475));
#11355 = DIRECTION('',(-1.144237745222E-17,-1.,0.));
#11356 = DIRECTION('',(2.22044604925E-15,-2.540718180781E-32,1.));
#11357 = ADVANCED_FACE('',(#11358),#11383,.F.);
#11358 = FACE_BOUND('',#11359,.F.);
#11359 = EDGE_LOOP('',(#11360,#11368,#11369,#11377));
#11360 = ORIENTED_EDGE('',*,*,#11361,.F.);
#11361 = EDGE_CURVE('',#11033,#11362,#11364,.T.);
#11362 = VERTEX_POINT('',#11363);
#11363 = CARTESIAN_POINT('',(-0.7,-0.75,0.725));
#11364 = LINE('',#11365,#11366);
#11365 = CARTESIAN_POINT('',(-0.7,-0.75,0.529763586955));
#11366 = VECTOR('',#11367,1.);
#11367 = DIRECTION('',(0.,0.,1.));
#11368 = ORIENTED_EDGE('',*,*,#11032,.T.);
#11369 = ORIENTED_EDGE('',*,*,#11370,.T.);
#11370 = EDGE_CURVE('',#11025,#11371,#11373,.T.);
#11371 = VERTEX_POINT('',#11372);
#11372 = CARTESIAN_POINT('',(-0.7,0.75,0.725));
#11373 = LINE('',#11374,#11375);
#11374 = CARTESIAN_POINT('',(-0.7,0.75,0.529763586955));
#11375 = VECTOR('',#11376,1.);
#11376 = DIRECTION('',(0.,0.,1.));
#11377 = ORIENTED_EDGE('',*,*,#11378,.F.);
#11378 = EDGE_CURVE('',#11362,#11371,#11379,.T.);
#11379 = LINE('',#11380,#11381);
#11380 = CARTESIAN_POINT('',(-0.7,-1.405,0.725));
#11381 = VECTOR('',#11382,1.);
#11382 = DIRECTION('',(-1.110223024625E-16,1.,0.));
#11383 = PLANE('',#11384);
#11384 = AXIS2_PLACEMENT_3D('',#11385,#11386,#11387);
#11385 = CARTESIAN_POINT('',(-0.7,-1.405,0.725));
#11386 = DIRECTION('',(1.,1.110223024625E-16,0.));
#11387 = DIRECTION('',(-1.110223024625E-16,1.,0.));
#11388 = ADVANCED_FACE('',(#11389),#11416,.F.);
#11389 = FACE_BOUND('',#11390,.F.);
#11390 = EDGE_LOOP('',(#11391,#11392,#11401,#11409));
#11391 = ORIENTED_EDGE('',*,*,#11024,.T.);
#11392 = ORIENTED_EDGE('',*,*,#11393,.T.);
#11393 = EDGE_CURVE('',#11017,#11394,#11396,.T.);
#11394 = VERTEX_POINT('',#11395);
#11395 = CARTESIAN_POINT('',(-0.798480775301,1.15,0.492364817767));
#11396 = CIRCLE('',#11397,0.1);
#11397 = AXIS2_PLACEMENT_3D('',#11398,#11399,#11400);
#11398 = CARTESIAN_POINT('',(-0.7,1.15,0.475));
#11399 = DIRECTION('',(-1.144237745222E-17,-1.,-5.473822126269E-48));
#11400 = DIRECTION('',(2.22044604925E-15,-2.540718180781E-32,1.));
#11401 = ORIENTED_EDGE('',*,*,#11402,.F.);
#11402 = EDGE_CURVE('',#11403,#11394,#11405,.T.);
#11403 = VERTEX_POINT('',#11404);
#11404 = CARTESIAN_POINT('',(-0.798480775301,0.75,0.492364817767));
#11405 = LINE('',#11406,#11407);
#11406 = CARTESIAN_POINT('',(-0.798480775301,0.75,0.492364817767));
#11407 = VECTOR('',#11408,1.);
#11408 = DIRECTION('',(1.144237745222E-17,1.,0.));
#11409 = ORIENTED_EDGE('',*,*,#11410,.F.);
#11410 = EDGE_CURVE('',#11025,#11403,#11411,.T.);
#11411 = CIRCLE('',#11412,0.1);
#11412 = AXIS2_PLACEMENT_3D('',#11413,#11414,#11415);
#11413 = CARTESIAN_POINT('',(-0.7,0.75,0.475));
#11414 = DIRECTION('',(-1.144237745222E-17,-1.,-5.473822126269E-48));
#11415 = DIRECTION('',(2.22044604925E-15,-2.540718180781E-32,1.));
#11416 = CYLINDRICAL_SURFACE('',#11417,0.1);
#11417 = AXIS2_PLACEMENT_3D('',#11418,#11419,#11420);
#11418 = CARTESIAN_POINT('',(-0.7,0.75,0.475));
#11419 = DIRECTION('',(-1.144237745222E-17,-1.,0.));
#11420 = DIRECTION('',(2.22044604925E-15,-2.540718180781E-32,1.));
#11421 = ADVANCED_FACE('',(#11422),#11433,.F.);
#11422 = FACE_BOUND('',#11423,.F.);
#11423 = EDGE_LOOP('',(#11424,#11430,#11431,#11432));
#11424 = ORIENTED_EDGE('',*,*,#11425,.F.);
#11425 = EDGE_CURVE('',#11017,#11261,#11426,.T.);
#11426 = LINE('',#11427,#11428);
#11427 = CARTESIAN_POINT('',(-0.7,1.15,0.529763586955));
#11428 = VECTOR('',#11429,1.);
#11429 = DIRECTION('',(0.,0.,1.));
#11430 = ORIENTED_EDGE('',*,*,#11016,.T.);
#11431 = ORIENTED_EDGE('',*,*,#11285,.T.);
#11432 = ORIENTED_EDGE('',*,*,#11268,.F.);
#11433 = PLANE('',#11434);
#11434 = AXIS2_PLACEMENT_3D('',#11435,#11436,#11437);
#11435 = CARTESIAN_POINT('',(-0.7,-1.405,0.725));
#11436 = DIRECTION('',(1.,1.110223024625E-16,0.));
#11437 = DIRECTION('',(-1.110223024625E-16,1.,0.));
#11438 = ADVANCED_FACE('',(#11439),#11450,.F.);
#11439 = FACE_BOUND('',#11440,.F.);
#11440 = EDGE_LOOP('',(#11441,#11442,#11443,#11449));
#11441 = ORIENTED_EDGE('',*,*,#11172,.F.);
#11442 = ORIENTED_EDGE('',*,*,#11093,.T.);
#11443 = ORIENTED_EDGE('',*,*,#11444,.T.);
#11444 = EDGE_CURVE('',#11086,#11205,#11445,.T.);
#11445 = LINE('',#11446,#11447);
#11446 = CARTESIAN_POINT('',(0.7,0.2,0.529763586955));
#11447 = VECTOR('',#11448,1.);
#11448 = DIRECTION('',(0.,0.,1.));
#11449 = ORIENTED_EDGE('',*,*,#11204,.F.);
#11450 = PLANE('',#11451);
#11451 = AXIS2_PLACEMENT_3D('',#11452,#11453,#11454);
#11452 = CARTESIAN_POINT('',(0.7,1.405,0.725));
#11453 = DIRECTION('',(-1.,-1.110223024625E-16,0.));
#11454 = DIRECTION('',(1.110223024625E-16,-1.,0.));
#11455 = ADVANCED_FACE('',(#11456),#11483,.F.);
#11456 = FACE_BOUND('',#11457,.F.);
#11457 = EDGE_LOOP('',(#11458,#11459,#11468,#11476));
#11458 = ORIENTED_EDGE('',*,*,#11085,.T.);
#11459 = ORIENTED_EDGE('',*,*,#11460,.T.);
#11460 = EDGE_CURVE('',#11078,#11461,#11463,.T.);
#11461 = VERTEX_POINT('',#11462);
#11462 = CARTESIAN_POINT('',(0.798480775301,-0.2,0.492364817767));
#11463 = CIRCLE('',#11464,0.1);
#11464 = AXIS2_PLACEMENT_3D('',#11465,#11466,#11467);
#11465 = CARTESIAN_POINT('',(0.7,-0.2,0.475));
#11466 = DIRECTION('',(-1.110223024625E-16,1.,0.));
#11467 = DIRECTION('',(-2.22044604925E-15,-2.465190328815E-31,1.));
#11468 = ORIENTED_EDGE('',*,*,#11469,.F.);
#11469 = EDGE_CURVE('',#11470,#11461,#11472,.T.);
#11470 = VERTEX_POINT('',#11471);
#11471 = CARTESIAN_POINT('',(0.798480775301,0.2,0.492364817767));
#11472 = LINE('',#11473,#11474);
#11473 = CARTESIAN_POINT('',(0.798480775301,0.2,0.492364817767));
#11474 = VECTOR('',#11475,1.);
#11475 = DIRECTION('',(1.110223024625E-16,-1.,0.));
#11476 = ORIENTED_EDGE('',*,*,#11477,.F.);
#11477 = EDGE_CURVE('',#11086,#11470,#11478,.T.);
#11478 = CIRCLE('',#11479,0.1);
#11479 = AXIS2_PLACEMENT_3D('',#11480,#11481,#11482);
#11480 = CARTESIAN_POINT('',(0.7,0.2,0.475));
#11481 = DIRECTION('',(-1.110223024625E-16,1.,0.));
#11482 = DIRECTION('',(-2.22044604925E-15,-2.465190328815E-31,1.));
#11483 = CYLINDRICAL_SURFACE('',#11484,0.1);
#11484 = AXIS2_PLACEMENT_3D('',#11485,#11486,#11487);
#11485 = CARTESIAN_POINT('',(0.7,0.2,0.475));
#11486 = DIRECTION('',(-1.110223024625E-16,1.,0.));
#11487 = DIRECTION('',(-2.22044604925E-15,-2.465190328815E-31,1.));
#11488 = ADVANCED_FACE('',(#11489),#11513,.F.);
#11489 = FACE_BOUND('',#11490,.F.);
#11490 = EDGE_LOOP('',(#11491,#11499,#11500,#11507));
#11491 = ORIENTED_EDGE('',*,*,#11492,.F.);
#11492 = EDGE_CURVE('',#11078,#11493,#11495,.T.);
#11493 = VERTEX_POINT('',#11494);
#11494 = CARTESIAN_POINT('',(0.7,-0.2,0.725));
#11495 = LINE('',#11496,#11497);
#11496 = CARTESIAN_POINT('',(0.7,-0.2,0.529763586955));
#11497 = VECTOR('',#11498,1.);
#11498 = DIRECTION('',(0.,0.,1.));
#11499 = ORIENTED_EDGE('',*,*,#11077,.T.);
#11500 = ORIENTED_EDGE('',*,*,#11501,.T.);
#11501 = EDGE_CURVE('',#11071,#11502,#11504,.T.);
#11502 = VERTEX_POINT('',#11503);
#11503 = CARTESIAN_POINT('',(0.7,-1.405,0.725));
#11504 = B_SPLINE_CURVE_WITH_KNOTS('',1,(#11505,#11506),.UNSPECIFIED.,
  .F.,.F.,(2,2),(0.,1.),.PIECEWISE_BEZIER_KNOTS.);
#11505 = CARTESIAN_POINT('',(0.7,-1.405,0.575));
#11506 = CARTESIAN_POINT('',(0.7,-1.405,0.725));
#11507 = ORIENTED_EDGE('',*,*,#11508,.F.);
#11508 = EDGE_CURVE('',#11493,#11502,#11509,.T.);
#11509 = LINE('',#11510,#11511);
#11510 = CARTESIAN_POINT('',(0.7,1.405,0.725));
#11511 = VECTOR('',#11512,1.);
#11512 = DIRECTION('',(1.110223024625E-16,-1.,0.));
#11513 = PLANE('',#11514);
#11514 = AXIS2_PLACEMENT_3D('',#11515,#11516,#11517);
#11515 = CARTESIAN_POINT('',(0.7,1.405,0.725));
#11516 = DIRECTION('',(-1.,-1.110223024625E-16,0.));
#11517 = DIRECTION('',(1.110223024625E-16,-1.,0.));
#11518 = ADVANCED_FACE('',(#11519),#11536,.F.);
#11519 = FACE_BOUND('',#11520,.F.);
#11520 = EDGE_LOOP('',(#11521,#11522,#11523,#11531));
#11521 = ORIENTED_EDGE('',*,*,#11110,.T.);
#11522 = ORIENTED_EDGE('',*,*,#11298,.T.);
#11523 = ORIENTED_EDGE('',*,*,#11524,.F.);
#11524 = EDGE_CURVE('',#11525,#11299,#11527,.T.);
#11525 = VERTEX_POINT('',#11526);
#11526 = CARTESIAN_POINT('',(-0.605,-1.5,0.725));
#11527 = LINE('',#11528,#11529);
#11528 = CARTESIAN_POINT('',(-0.605,-1.5,0.725));
#11529 = VECTOR('',#11530,1.);
#11530 = DIRECTION('',(-0.707106781187,0.707106781187,0.));
#11531 = ORIENTED_EDGE('',*,*,#11532,.F.);
#11532 = EDGE_CURVE('',#11111,#11525,#11533,.T.);
#11533 = B_SPLINE_CURVE_WITH_KNOTS('',1,(#11534,#11535),.UNSPECIFIED.,
  .F.,.F.,(2,2),(0.,1.),.PIECEWISE_BEZIER_KNOTS.);
#11534 = CARTESIAN_POINT('',(-0.605,-1.5,0.575));
#11535 = CARTESIAN_POINT('',(-0.605,-1.5,0.725));
#11536 = PLANE('',#11537);
#11537 = AXIS2_PLACEMENT_3D('',#11538,#11539,#11540);
#11538 = CARTESIAN_POINT('',(-0.605,-1.5,0.725));
#11539 = DIRECTION('',(0.707106781187,0.707106781187,0.));
#11540 = DIRECTION('',(-0.707106781187,0.707106781187,0.));
#11541 = ADVANCED_FACE('',(#11542),#11559,.F.);
#11542 = FACE_BOUND('',#11543,.F.);
#11543 = EDGE_LOOP('',(#11544,#11545,#11552,#11558));
#11544 = ORIENTED_EDGE('',*,*,#11139,.T.);
#11545 = ORIENTED_EDGE('',*,*,#11546,.T.);
#11546 = EDGE_CURVE('',#11133,#11547,#11549,.T.);
#11547 = VERTEX_POINT('',#11548);
#11548 = CARTESIAN_POINT('',(0.605,-1.5,0.725));
#11549 = B_SPLINE_CURVE_WITH_KNOTS('',1,(#11550,#11551),.UNSPECIFIED.,
  .F.,.F.,(2,2),(0.,1.),.PIECEWISE_BEZIER_KNOTS.);
#11550 = CARTESIAN_POINT('',(0.605,-1.5,0.575));
#11551 = CARTESIAN_POINT('',(0.605,-1.5,0.725));
#11552 = ORIENTED_EDGE('',*,*,#11553,.F.);
#11553 = EDGE_CURVE('',#11502,#11547,#11554,.T.);
#11554 = LINE('',#11555,#11556);
#11555 = CARTESIAN_POINT('',(0.7,-1.405,0.725));
#11556 = VECTOR('',#11557,1.);
#11557 = DIRECTION('',(-0.707106781187,-0.707106781187,0.));
#11558 = ORIENTED_EDGE('',*,*,#11501,.F.);
#11559 = PLANE('',#11560);
#11560 = AXIS2_PLACEMENT_3D('',#11561,#11562,#11563);
#11561 = CARTESIAN_POINT('',(0.7,-1.405,0.725));
#11562 = DIRECTION('',(-0.707106781187,0.707106781187,0.));
#11563 = DIRECTION('',(-0.707106781187,-0.707106781187,0.));
#11564 = ADVANCED_FACE('',(#11565),#11576,.F.);
#11565 = FACE_BOUND('',#11566,.F.);
#11566 = EDGE_LOOP('',(#11567,#11568,#11569,#11575));
#11567 = ORIENTED_EDGE('',*,*,#11156,.T.);
#11568 = ORIENTED_EDGE('',*,*,#11532,.T.);
#11569 = ORIENTED_EDGE('',*,*,#11570,.F.);
#11570 = EDGE_CURVE('',#11547,#11525,#11571,.T.);
#11571 = LINE('',#11572,#11573);
#11572 = CARTESIAN_POINT('',(0.605,-1.5,0.725));
#11573 = VECTOR('',#11574,1.);
#11574 = DIRECTION('',(-1.,-1.110223024625E-16,0.));
#11575 = ORIENTED_EDGE('',*,*,#11546,.F.);
#11576 = PLANE('',#11577);
#11577 = AXIS2_PLACEMENT_3D('',#11578,#11579,#11580);
#11578 = CARTESIAN_POINT('',(0.605,-1.5,0.725));
#11579 = DIRECTION('',(-1.110223024625E-16,1.,0.));
#11580 = DIRECTION('',(-1.,-1.110223024625E-16,0.));
#11581 = ADVANCED_FACE('',(#11582),#11605,.F.);
#11582 = FACE_BOUND('',#11583,.F.);
#11583 = EDGE_LOOP('',(#11584,#11592,#11598,#11599));
#11584 = ORIENTED_EDGE('',*,*,#11585,.F.);
#11585 = EDGE_CURVE('',#11371,#11586,#11588,.T.);
#11586 = VERTEX_POINT('',#11587);
#11587 = CARTESIAN_POINT('',(-0.675,0.75,0.725));
#11588 = LINE('',#11589,#11590);
#11589 = CARTESIAN_POINT('',(-0.7,0.75,0.725));
#11590 = VECTOR('',#11591,1.);
#11591 = DIRECTION('',(1.,-1.144237745222E-17,0.));
#11592 = ORIENTED_EDGE('',*,*,#11593,.T.);
#11593 = EDGE_CURVE('',#11371,#11261,#11594,.T.);
#11594 = LINE('',#11595,#11596);
#11595 = CARTESIAN_POINT('',(-0.7,0.75,0.725));
#11596 = VECTOR('',#11597,1.);
#11597 = DIRECTION('',(1.144237745222E-17,1.,0.));
#11598 = ORIENTED_EDGE('',*,*,#11260,.T.);
#11599 = ORIENTED_EDGE('',*,*,#11600,.F.);
#11600 = EDGE_CURVE('',#11586,#11253,#11601,.T.);
#11601 = LINE('',#11602,#11603);
#11602 = CARTESIAN_POINT('',(-0.675,-1.3925,0.725));
#11603 = VECTOR('',#11604,1.);
#11604 = DIRECTION('',(-1.110223024625E-16,1.,0.));
#11605 = PLANE('',#11606);
#11606 = AXIS2_PLACEMENT_3D('',#11607,#11608,#11609);
#11607 = CARTESIAN_POINT('',(-0.7,0.75,0.725));
#11608 = DIRECTION('',(0.,0.,-1.));
#11609 = DIRECTION('',(1.,-1.144237745222E-17,0.));
#11610 = ADVANCED_FACE('',(#11611),#11659,.F.);
#11611 = FACE_BOUND('',#11612,.F.);
#11612 = EDGE_LOOP('',(#11613,#11623,#11631,#11637,#11638,#11639,#11646,
    #11654));
#11613 = ORIENTED_EDGE('',*,*,#11614,.T.);
#11614 = EDGE_CURVE('',#11615,#11617,#11619,.T.);
#11615 = VERTEX_POINT('',#11616);
#11616 = CARTESIAN_POINT('',(-0.675,-1.3925,0.725));
#11617 = VERTEX_POINT('',#11618);
#11618 = CARTESIAN_POINT('',(-0.675,-1.15,0.725));
#11619 = LINE('',#11620,#11621);
#11620 = CARTESIAN_POINT('',(-0.675,-1.3925,0.725));
#11621 = VECTOR('',#11622,1.);
#11622 = DIRECTION('',(-1.110223024625E-16,1.,0.));
#11623 = ORIENTED_EDGE('',*,*,#11624,.T.);
#11624 = EDGE_CURVE('',#11617,#11625,#11627,.T.);
#11625 = VERTEX_POINT('',#11626);
#11626 = CARTESIAN_POINT('',(-0.675,-0.75,0.725));
#11627 = LINE('',#11628,#11629);
#11628 = CARTESIAN_POINT('',(-0.675,-1.3925,0.725));
#11629 = VECTOR('',#11630,1.);
#11630 = DIRECTION('',(-1.110223024625E-16,1.,0.));
#11631 = ORIENTED_EDGE('',*,*,#11632,.T.);
#11632 = EDGE_CURVE('',#11625,#11586,#11633,.T.);
#11633 = LINE('',#11634,#11635);
#11634 = CARTESIAN_POINT('',(-0.675,-1.3925,0.725));
#11635 = VECTOR('',#11636,1.);
#11636 = DIRECTION('',(-1.110223024625E-16,1.,0.));
#11637 = ORIENTED_EDGE('',*,*,#11600,.T.);
#11638 = ORIENTED_EDGE('',*,*,#11252,.T.);
#11639 = ORIENTED_EDGE('',*,*,#11640,.T.);
#11640 = EDGE_CURVE('',#11245,#11641,#11643,.T.);
#11641 = VERTEX_POINT('',#11642);
#11642 = CARTESIAN_POINT('',(-0.608243103516,1.359121551758,1.2));
#11643 = B_SPLINE_CURVE_WITH_KNOTS('',1,(#11644,#11645),.UNSPECIFIED.,
  .F.,.F.,(2,2),(0.,1.),.PIECEWISE_BEZIER_KNOTS.);
#11644 = CARTESIAN_POINT('',(-0.675,1.3925,0.725));
#11645 = CARTESIAN_POINT('',(-0.608243103516,1.359121551758,1.2));
#11646 = ORIENTED_EDGE('',*,*,#11647,.F.);
#11647 = EDGE_CURVE('',#11648,#11641,#11650,.T.);
#11648 = VERTEX_POINT('',#11649);
#11649 = CARTESIAN_POINT('',(-0.608243103516,-1.359121551758,1.2));
#11650 = LINE('',#11651,#11652);
#11651 = CARTESIAN_POINT('',(-0.608243103516,-1.359121551758,1.2));
#11652 = VECTOR('',#11653,1.);
#11653 = DIRECTION('',(-1.110223024625E-16,1.,0.));
#11654 = ORIENTED_EDGE('',*,*,#11655,.F.);
#11655 = EDGE_CURVE('',#11615,#11648,#11656,.T.);
#11656 = B_SPLINE_CURVE_WITH_KNOTS('',1,(#11657,#11658),.UNSPECIFIED.,
  .F.,.F.,(2,2),(0.,1.),.PIECEWISE_BEZIER_KNOTS.);
#11657 = CARTESIAN_POINT('',(-0.675,-1.3925,0.725));
#11658 = CARTESIAN_POINT('',(-0.608243103516,-1.359121551758,1.2));
#11659 = B_SPLINE_SURFACE_WITH_KNOTS('',1,1,(
    (#11660,#11661)
    ,(#11662,#11663
    )),.UNSPECIFIED.,.F.,.F.,.F.,(2,2),(2,2),(0.,2.785),(0.,1.),
  .PIECEWISE_BEZIER_KNOTS.);
#11660 = CARTESIAN_POINT('',(-0.675,-1.3925,0.725));
#11661 = CARTESIAN_POINT('',(-0.608243103516,-1.359121551758,1.2));
#11662 = CARTESIAN_POINT('',(-0.675,1.3925,0.725));
#11663 = CARTESIAN_POINT('',(-0.608243103516,1.359121551758,1.2));
#11664 = ADVANCED_FACE('',(#11665),#11682,.F.);
#11665 = FACE_BOUND('',#11666,.F.);
#11666 = EDGE_LOOP('',(#11667,#11668,#11675,#11681));
#11667 = ORIENTED_EDGE('',*,*,#11244,.T.);
#11668 = ORIENTED_EDGE('',*,*,#11669,.T.);
#11669 = EDGE_CURVE('',#11237,#11670,#11672,.T.);
#11670 = VERTEX_POINT('',#11671);
#11671 = CARTESIAN_POINT('',(-0.559121551758,1.408243103516,1.2));
#11672 = B_SPLINE_CURVE_WITH_KNOTS('',1,(#11673,#11674),.UNSPECIFIED.,
  .F.,.F.,(2,2),(0.,1.),.PIECEWISE_BEZIER_KNOTS.);
#11673 = CARTESIAN_POINT('',(-0.5925,1.475,0.725));
#11674 = CARTESIAN_POINT('',(-0.559121551758,1.408243103516,1.2));
#11675 = ORIENTED_EDGE('',*,*,#11676,.F.);
#11676 = EDGE_CURVE('',#11641,#11670,#11677,.T.);
#11677 = LINE('',#11678,#11679);
#11678 = CARTESIAN_POINT('',(-0.608243103516,1.359121551758,1.2));
#11679 = VECTOR('',#11680,1.);
#11680 = DIRECTION('',(0.707106781187,0.707106781187,0.));
#11681 = ORIENTED_EDGE('',*,*,#11640,.F.);
#11682 = B_SPLINE_SURFACE_WITH_KNOTS('',1,1,(
    (#11683,#11684)
    ,(#11685,#11686
    )),.UNSPECIFIED.,.F.,.F.,.F.,(2,2),(2,2),(0.,0.116672618896),(0.,1.)
  ,.PIECEWISE_BEZIER_KNOTS.);
#11683 = CARTESIAN_POINT('',(-0.675,1.3925,0.725));
#11684 = CARTESIAN_POINT('',(-0.608243103516,1.359121551758,1.2));
#11685 = CARTESIAN_POINT('',(-0.5925,1.475,0.725));
#11686 = CARTESIAN_POINT('',(-0.559121551758,1.408243103516,1.2));
#11687 = ADVANCED_FACE('',(#11688),#11705,.F.);
#11688 = FACE_BOUND('',#11689,.F.);
#11689 = EDGE_LOOP('',(#11690,#11691,#11698,#11704));
#11690 = ORIENTED_EDGE('',*,*,#11236,.T.);
#11691 = ORIENTED_EDGE('',*,*,#11692,.T.);
#11692 = EDGE_CURVE('',#11229,#11693,#11695,.T.);
#11693 = VERTEX_POINT('',#11694);
#11694 = CARTESIAN_POINT('',(0.559121551758,1.408243103516,1.2));
#11695 = B_SPLINE_CURVE_WITH_KNOTS('',1,(#11696,#11697),.UNSPECIFIED.,
  .F.,.F.,(2,2),(0.,1.),.PIECEWISE_BEZIER_KNOTS.);
#11696 = CARTESIAN_POINT('',(0.5925,1.475,0.725));
#11697 = CARTESIAN_POINT('',(0.559121551758,1.408243103516,1.2));
#11698 = ORIENTED_EDGE('',*,*,#11699,.F.);
#11699 = EDGE_CURVE('',#11670,#11693,#11700,.T.);
#11700 = LINE('',#11701,#11702);
#11701 = CARTESIAN_POINT('',(-0.559121551758,1.408243103516,1.2));
#11702 = VECTOR('',#11703,1.);
#11703 = DIRECTION('',(1.,1.110223024625E-16,0.));
#11704 = ORIENTED_EDGE('',*,*,#11669,.F.);
#11705 = B_SPLINE_SURFACE_WITH_KNOTS('',1,1,(
    (#11706,#11707)
    ,(#11708,#11709
    )),.UNSPECIFIED.,.F.,.F.,.F.,(2,2),(2,2),(0.,1.185),(0.,1.),
  .PIECEWISE_BEZIER_KNOTS.);
#11706 = CARTESIAN_POINT('',(-0.5925,1.475,0.725));
#11707 = CARTESIAN_POINT('',(-0.559121551758,1.408243103516,1.2));
#11708 = CARTESIAN_POINT('',(0.5925,1.475,0.725));
#11709 = CARTESIAN_POINT('',(0.559121551758,1.408243103516,1.2));
#11710 = ADVANCED_FACE('',(#11711),#11728,.F.);
#11711 = FACE_BOUND('',#11712,.F.);
#11712 = EDGE_LOOP('',(#11713,#11714,#11721,#11727));
#11713 = ORIENTED_EDGE('',*,*,#11228,.T.);
#11714 = ORIENTED_EDGE('',*,*,#11715,.T.);
#11715 = EDGE_CURVE('',#11221,#11716,#11718,.T.);
#11716 = VERTEX_POINT('',#11717);
#11717 = CARTESIAN_POINT('',(0.608243103516,1.359121551758,1.2));
#11718 = B_SPLINE_CURVE_WITH_KNOTS('',1,(#11719,#11720),.UNSPECIFIED.,
  .F.,.F.,(2,2),(0.,1.),.PIECEWISE_BEZIER_KNOTS.);
#11719 = CARTESIAN_POINT('',(0.675,1.3925,0.725));
#11720 = CARTESIAN_POINT('',(0.608243103516,1.359121551758,1.2));
#11721 = ORIENTED_EDGE('',*,*,#11722,.F.);
#11722 = EDGE_CURVE('',#11693,#11716,#11723,.T.);
#11723 = LINE('',#11724,#11725);
#11724 = CARTESIAN_POINT('',(0.559121551758,1.408243103516,1.2));
#11725 = VECTOR('',#11726,1.);
#11726 = DIRECTION('',(0.707106781187,-0.707106781187,0.));
#11727 = ORIENTED_EDGE('',*,*,#11692,.F.);
#11728 = B_SPLINE_SURFACE_WITH_KNOTS('',1,1,(
    (#11729,#11730)
    ,(#11731,#11732
    )),.UNSPECIFIED.,.F.,.F.,.F.,(2,2),(2,2),(0.,0.116672618896),(0.,1.)
  ,.PIECEWISE_BEZIER_KNOTS.);
#11729 = CARTESIAN_POINT('',(0.5925,1.475,0.725));
#11730 = CARTESIAN_POINT('',(0.559121551758,1.408243103516,1.2));
#11731 = CARTESIAN_POINT('',(0.675,1.3925,0.725));
#11732 = CARTESIAN_POINT('',(0.608243103516,1.359121551758,1.2));
#11733 = ADVANCED_FACE('',(#11734),#11767,.F.);
#11734 = FACE_BOUND('',#11735,.F.);
#11735 = EDGE_LOOP('',(#11736,#11737,#11745,#11753,#11760,#11766));
#11736 = ORIENTED_EDGE('',*,*,#11220,.T.);
#11737 = ORIENTED_EDGE('',*,*,#11738,.T.);
#11738 = EDGE_CURVE('',#11213,#11739,#11741,.T.);
#11739 = VERTEX_POINT('',#11740);
#11740 = CARTESIAN_POINT('',(0.675,-0.2,0.725));
#11741 = LINE('',#11742,#11743);
#11742 = CARTESIAN_POINT('',(0.675,1.3925,0.725));
#11743 = VECTOR('',#11744,1.);
#11744 = DIRECTION('',(1.110223024625E-16,-1.,0.));
#11745 = ORIENTED_EDGE('',*,*,#11746,.T.);
#11746 = EDGE_CURVE('',#11739,#11747,#11749,.T.);
#11747 = VERTEX_POINT('',#11748);
#11748 = CARTESIAN_POINT('',(0.675,-1.3925,0.725));
#11749 = LINE('',#11750,#11751);
#11750 = CARTESIAN_POINT('',(0.675,1.3925,0.725));
#11751 = VECTOR('',#11752,1.);
#11752 = DIRECTION('',(1.110223024625E-16,-1.,0.));
#11753 = ORIENTED_EDGE('',*,*,#11754,.T.);
#11754 = EDGE_CURVE('',#11747,#11755,#11757,.T.);
#11755 = VERTEX_POINT('',#11756);
#11756 = CARTESIAN_POINT('',(0.608243103516,-1.359121551758,1.2));
#11757 = B_SPLINE_CURVE_WITH_KNOTS('',1,(#11758,#11759),.UNSPECIFIED.,
  .F.,.F.,(2,2),(0.,1.),.PIECEWISE_BEZIER_KNOTS.);
#11758 = CARTESIAN_POINT('',(0.675,-1.3925,0.725));
#11759 = CARTESIAN_POINT('',(0.608243103516,-1.359121551758,1.2));
#11760 = ORIENTED_EDGE('',*,*,#11761,.F.);
#11761 = EDGE_CURVE('',#11716,#11755,#11762,.T.);
#11762 = LINE('',#11763,#11764);
#11763 = CARTESIAN_POINT('',(0.608243103516,1.359121551758,1.2));
#11764 = VECTOR('',#11765,1.);
#11765 = DIRECTION('',(1.110223024625E-16,-1.,0.));
#11766 = ORIENTED_EDGE('',*,*,#11715,.F.);
#11767 = B_SPLINE_SURFACE_WITH_KNOTS('',1,1,(
    (#11768,#11769)
    ,(#11770,#11771
    )),.UNSPECIFIED.,.F.,.F.,.F.,(2,2),(2,2),(0.,2.785),(0.,1.),
  .PIECEWISE_BEZIER_KNOTS.);
#11768 = CARTESIAN_POINT('',(0.675,1.3925,0.725));
#11769 = CARTESIAN_POINT('',(0.608243103516,1.359121551758,1.2));
#11770 = CARTESIAN_POINT('',(0.675,-1.3925,0.725));
#11771 = CARTESIAN_POINT('',(0.608243103516,-1.359121551758,1.2));
#11772 = ADVANCED_FACE('',(#11773),#11789,.F.);
#11773 = FACE_BOUND('',#11774,.F.);
#11774 = EDGE_LOOP('',(#11775,#11776,#11782,#11788));
#11775 = ORIENTED_EDGE('',*,*,#11212,.F.);
#11776 = ORIENTED_EDGE('',*,*,#11777,.T.);
#11777 = EDGE_CURVE('',#11205,#11493,#11778,.T.);
#11778 = LINE('',#11779,#11780);
#11779 = CARTESIAN_POINT('',(0.7,0.2,0.725));
#11780 = VECTOR('',#11781,1.);
#11781 = DIRECTION('',(1.110223024625E-16,-1.,0.));
#11782 = ORIENTED_EDGE('',*,*,#11783,.T.);
#11783 = EDGE_CURVE('',#11493,#11739,#11784,.T.);
#11784 = LINE('',#11785,#11786);
#11785 = CARTESIAN_POINT('',(0.7,-0.2,0.725));
#11786 = VECTOR('',#11787,1.);
#11787 = DIRECTION('',(-1.,-1.110223024625E-16,0.));
#11788 = ORIENTED_EDGE('',*,*,#11738,.F.);
#11789 = PLANE('',#11790);
#11790 = AXIS2_PLACEMENT_3D('',#11791,#11792,#11793);
#11791 = CARTESIAN_POINT('',(0.7,0.2,0.725));
#11792 = DIRECTION('',(0.,0.,-1.));
#11793 = DIRECTION('',(-1.,-1.110223024625E-16,-0.));
#11794 = ADVANCED_FACE('',(#11795),#11833,.F.);
#11795 = FACE_BOUND('',#11796,.F.);
#11796 = EDGE_LOOP('',(#11797,#11798,#11799,#11800,#11801,#11802,#11803,
    #11809,#11810,#11818,#11826,#11832));
#11797 = ORIENTED_EDGE('',*,*,#11783,.F.);
#11798 = ORIENTED_EDGE('',*,*,#11508,.T.);
#11799 = ORIENTED_EDGE('',*,*,#11553,.T.);
#11800 = ORIENTED_EDGE('',*,*,#11570,.T.);
#11801 = ORIENTED_EDGE('',*,*,#11524,.T.);
#11802 = ORIENTED_EDGE('',*,*,#11314,.T.);
#11803 = ORIENTED_EDGE('',*,*,#11804,.T.);
#11804 = EDGE_CURVE('',#11307,#11617,#11805,.T.);
#11805 = LINE('',#11806,#11807);
#11806 = CARTESIAN_POINT('',(-0.7,-1.15,0.725));
#11807 = VECTOR('',#11808,1.);
#11808 = DIRECTION('',(1.,-1.144237745222E-17,0.));
#11809 = ORIENTED_EDGE('',*,*,#11614,.F.);
#11810 = ORIENTED_EDGE('',*,*,#11811,.F.);
#11811 = EDGE_CURVE('',#11812,#11615,#11814,.T.);
#11812 = VERTEX_POINT('',#11813);
#11813 = CARTESIAN_POINT('',(-0.5925,-1.475,0.725));
#11814 = LINE('',#11815,#11816);
#11815 = CARTESIAN_POINT('',(-0.5925,-1.475,0.725));
#11816 = VECTOR('',#11817,1.);
#11817 = DIRECTION('',(-0.707106781187,0.707106781187,0.));
#11818 = ORIENTED_EDGE('',*,*,#11819,.F.);
#11819 = EDGE_CURVE('',#11820,#11812,#11822,.T.);
#11820 = VERTEX_POINT('',#11821);
#11821 = CARTESIAN_POINT('',(0.5925,-1.475,0.725));
#11822 = LINE('',#11823,#11824);
#11823 = CARTESIAN_POINT('',(0.5925,-1.475,0.725));
#11824 = VECTOR('',#11825,1.);
#11825 = DIRECTION('',(-1.,-1.110223024625E-16,0.));
#11826 = ORIENTED_EDGE('',*,*,#11827,.F.);
#11827 = EDGE_CURVE('',#11747,#11820,#11828,.T.);
#11828 = LINE('',#11829,#11830);
#11829 = CARTESIAN_POINT('',(0.675,-1.3925,0.725));
#11830 = VECTOR('',#11831,1.);
#11831 = DIRECTION('',(-0.707106781187,-0.707106781187,0.));
#11832 = ORIENTED_EDGE('',*,*,#11746,.F.);
#11833 = PLANE('',#11834);
#11834 = AXIS2_PLACEMENT_3D('',#11835,#11836,#11837);
#11835 = CARTESIAN_POINT('',(-1.486299604971E-16,1.4875,0.725));
#11836 = DIRECTION('',(1.022886882533E-31,-6.310887241768E-27,-1.));
#11837 = DIRECTION('',(1.,1.217738924546E-16,1.022886882525E-31));
#11838 = ADVANCED_FACE('',(#11839),#11908,.F.);
#11839 = FACE_BOUND('',#11840,.F.);
#11840 = EDGE_LOOP('',(#11841,#11842,#11843,#11851,#11860,#11868,#11876,
    #11884,#11893,#11901));
#11841 = ORIENTED_EDGE('',*,*,#11306,.F.);
#11842 = ORIENTED_EDGE('',*,*,#11346,.T.);
#11843 = ORIENTED_EDGE('',*,*,#11844,.T.);
#11844 = EDGE_CURVE('',#11339,#11845,#11847,.T.);
#11845 = VERTEX_POINT('',#11846);
#11846 = CARTESIAN_POINT('',(-0.843471632406,-1.15,0.206587955583));
#11847 = LINE('',#11848,#11849);
#11848 = CARTESIAN_POINT('',(-0.798480775301,-1.15,0.492364817767));
#11849 = VECTOR('',#11850,1.);
#11850 = DIRECTION('',(-0.155518033909,1.779496044609E-18,
    -0.987833053268));
#11851 = ORIENTED_EDGE('',*,*,#11852,.T.);
#11852 = EDGE_CURVE('',#11845,#11853,#11855,.T.);
#11853 = VERTEX_POINT('',#11854);
#11854 = CARTESIAN_POINT('',(-1.089673570659,-1.15,5.551115123126E-17));
#11855 = CIRCLE('',#11856,0.25);
#11856 = AXIS2_PLACEMENT_3D('',#11857,#11858,#11859);
#11857 = CARTESIAN_POINT('',(-1.089673570659,-1.15,0.25));
#11858 = DIRECTION('',(1.144237745222E-17,1.,3.851859888774E-34));
#11859 = DIRECTION('',(0.984807753012,-1.126854202784E-17,
    -0.173648177667));
#11860 = ORIENTED_EDGE('',*,*,#11861,.T.);
#11861 = EDGE_CURVE('',#11853,#11862,#11864,.T.);
#11862 = VERTEX_POINT('',#11863);
#11863 = CARTESIAN_POINT('',(-1.25,-1.15,5.551115123126E-17));
#11864 = LINE('',#11865,#11866);
#11865 = CARTESIAN_POINT('',(-1.089673570659,-1.15,5.551115123126E-17));
#11866 = VECTOR('',#11867,1.);
#11867 = DIRECTION('',(-1.,1.144237745222E-17,0.));
#11868 = ORIENTED_EDGE('',*,*,#11869,.T.);
#11869 = EDGE_CURVE('',#11862,#11870,#11872,.T.);
#11870 = VERTEX_POINT('',#11871);
#11871 = CARTESIAN_POINT('',(-1.25,-1.15,0.15));
#11872 = LINE('',#11873,#11874);
#11873 = CARTESIAN_POINT('',(-1.25,-1.15,5.551115123126E-17));
#11874 = VECTOR('',#11875,1.);
#11875 = DIRECTION('',(0.,0.,1.));
#11876 = ORIENTED_EDGE('',*,*,#11877,.T.);
#11877 = EDGE_CURVE('',#11870,#11878,#11880,.T.);
#11878 = VERTEX_POINT('',#11879);
#11879 = CARTESIAN_POINT('',(-1.089673570659,-1.15,0.15));
#11880 = LINE('',#11881,#11882);
#11881 = CARTESIAN_POINT('',(-1.25,-1.15,0.15));
#11882 = VECTOR('',#11883,1.);
#11883 = DIRECTION('',(1.,-1.144237745222E-17,0.));
#11884 = ORIENTED_EDGE('',*,*,#11885,.T.);
#11885 = EDGE_CURVE('',#11878,#11886,#11888,.T.);
#11886 = VERTEX_POINT('',#11887);
#11887 = CARTESIAN_POINT('',(-0.991192795358,-1.15,0.232635182233));
#11888 = CIRCLE('',#11889,0.1);
#11889 = AXIS2_PLACEMENT_3D('',#11890,#11891,#11892);
#11890 = CARTESIAN_POINT('',(-1.089673570659,-1.15,0.25));
#11891 = DIRECTION('',(-1.144237745222E-17,-1.,1.094764425254E-47));
#11892 = DIRECTION('',(-2.22044604925E-15,2.540718180781E-32,-1.));
#11893 = ORIENTED_EDGE('',*,*,#11894,.T.);
#11894 = EDGE_CURVE('',#11886,#11895,#11897,.T.);
#11895 = VERTEX_POINT('',#11896);
#11896 = CARTESIAN_POINT('',(-0.946201938253,-1.15,0.518412044417));
#11897 = LINE('',#11898,#11899);
#11898 = CARTESIAN_POINT('',(-0.991192795358,-1.15,0.232635182233));
#11899 = VECTOR('',#11900,1.);
#11900 = DIRECTION('',(0.155518033909,-1.779496044609E-18,0.987833053268
    ));
#11901 = ORIENTED_EDGE('',*,*,#11902,.T.);
#11902 = EDGE_CURVE('',#11895,#11307,#11903,.T.);
#11903 = CIRCLE('',#11904,0.25);
#11904 = AXIS2_PLACEMENT_3D('',#11905,#11906,#11907);
#11905 = CARTESIAN_POINT('',(-0.7,-1.15,0.475));
#11906 = DIRECTION('',(1.144237745222E-17,1.,0.));
#11907 = DIRECTION('',(-0.984807753012,1.126854202784E-17,0.173648177667
    ));
#11908 = PLANE('',#11909);
#11909 = AXIS2_PLACEMENT_3D('',#11910,#11911,#11912);
#11910 = CARTESIAN_POINT('',(-0.931323080229,-1.15,0.33452717391));
#11911 = DIRECTION('',(1.144237745222E-17,1.,0.));
#11912 = DIRECTION('',(0.,-0.,1.));
#11913 = ADVANCED_FACE('',(#11914),#11932,.F.);
#11914 = FACE_BOUND('',#11915,.F.);
#11915 = EDGE_LOOP('',(#11916,#11917,#11925,#11931));
#11916 = ORIENTED_EDGE('',*,*,#11338,.T.);
#11917 = ORIENTED_EDGE('',*,*,#11918,.T.);
#11918 = EDGE_CURVE('',#11330,#11919,#11921,.T.);
#11919 = VERTEX_POINT('',#11920);
#11920 = CARTESIAN_POINT('',(-0.843471632406,-0.75,0.206587955583));
#11921 = LINE('',#11922,#11923);
#11922 = CARTESIAN_POINT('',(-0.798480775301,-0.75,0.492364817767));
#11923 = VECTOR('',#11924,1.);
#11924 = DIRECTION('',(-0.155518033909,1.779496044609E-18,
    -0.987833053268));
#11925 = ORIENTED_EDGE('',*,*,#11926,.F.);
#11926 = EDGE_CURVE('',#11845,#11919,#11927,.T.);
#11927 = LINE('',#11928,#11929);
#11928 = CARTESIAN_POINT('',(-0.843471632406,-1.15,0.206587955583));
#11929 = VECTOR('',#11930,1.);
#11930 = DIRECTION('',(1.144237745222E-17,1.,0.));
#11931 = ORIENTED_EDGE('',*,*,#11844,.F.);
#11932 = PLANE('',#11933);
#11933 = AXIS2_PLACEMENT_3D('',#11934,#11935,#11936);
#11934 = CARTESIAN_POINT('',(-0.798480775301,-1.15,0.492364817767));
#11935 = DIRECTION('',(-0.987833053268,1.130315865527E-17,0.155518033909
    ));
#11936 = DIRECTION('',(-0.155518033909,1.779496044609E-18,
    -0.987833053268));
#11937 = ADVANCED_FACE('',(#11938),#12000,.T.);
#11938 = FACE_BOUND('',#11939,.T.);
#11939 = EDGE_LOOP('',(#11940,#11941,#11942,#11943,#11952,#11960,#11968,
    #11976,#11985,#11993));
#11940 = ORIENTED_EDGE('',*,*,#11361,.F.);
#11941 = ORIENTED_EDGE('',*,*,#11329,.T.);
#11942 = ORIENTED_EDGE('',*,*,#11918,.T.);
#11943 = ORIENTED_EDGE('',*,*,#11944,.T.);
#11944 = EDGE_CURVE('',#11919,#11945,#11947,.T.);
#11945 = VERTEX_POINT('',#11946);
#11946 = CARTESIAN_POINT('',(-1.089673570659,-0.75,5.551115123126E-17));
#11947 = CIRCLE('',#11948,0.25);
#11948 = AXIS2_PLACEMENT_3D('',#11949,#11950,#11951);
#11949 = CARTESIAN_POINT('',(-1.089673570659,-0.75,0.25));
#11950 = DIRECTION('',(1.144237745222E-17,1.,3.851859888774E-34));
#11951 = DIRECTION('',(0.984807753012,-1.126854202784E-17,
    -0.173648177667));
#11952 = ORIENTED_EDGE('',*,*,#11953,.T.);
#11953 = EDGE_CURVE('',#11945,#11954,#11956,.T.);
#11954 = VERTEX_POINT('',#11955);
#11955 = CARTESIAN_POINT('',(-1.25,-0.75,5.551115123126E-17));
#11956 = LINE('',#11957,#11958);
#11957 = CARTESIAN_POINT('',(-1.089673570659,-0.75,5.551115123126E-17));
#11958 = VECTOR('',#11959,1.);
#11959 = DIRECTION('',(-1.,1.144237745222E-17,0.));
#11960 = ORIENTED_EDGE('',*,*,#11961,.T.);
#11961 = EDGE_CURVE('',#11954,#11962,#11964,.T.);
#11962 = VERTEX_POINT('',#11963);
#11963 = CARTESIAN_POINT('',(-1.25,-0.75,0.15));
#11964 = LINE('',#11965,#11966);
#11965 = CARTESIAN_POINT('',(-1.25,-0.75,5.551115123126E-17));
#11966 = VECTOR('',#11967,1.);
#11967 = DIRECTION('',(0.,0.,1.));
#11968 = ORIENTED_EDGE('',*,*,#11969,.T.);
#11969 = EDGE_CURVE('',#11962,#11970,#11972,.T.);
#11970 = VERTEX_POINT('',#11971);
#11971 = CARTESIAN_POINT('',(-1.089673570659,-0.75,0.15));
#11972 = LINE('',#11973,#11974);
#11973 = CARTESIAN_POINT('',(-1.25,-0.75,0.15));
#11974 = VECTOR('',#11975,1.);
#11975 = DIRECTION('',(1.,-1.144237745222E-17,0.));
#11976 = ORIENTED_EDGE('',*,*,#11977,.T.);
#11977 = EDGE_CURVE('',#11970,#11978,#11980,.T.);
#11978 = VERTEX_POINT('',#11979);
#11979 = CARTESIAN_POINT('',(-0.991192795358,-0.75,0.232635182233));
#11980 = CIRCLE('',#11981,0.1);
#11981 = AXIS2_PLACEMENT_3D('',#11982,#11983,#11984);
#11982 = CARTESIAN_POINT('',(-1.089673570659,-0.75,0.25));
#11983 = DIRECTION('',(-1.144237745222E-17,-1.,1.094764425254E-47));
#11984 = DIRECTION('',(-2.22044604925E-15,2.540718180781E-32,-1.));
#11985 = ORIENTED_EDGE('',*,*,#11986,.T.);
#11986 = EDGE_CURVE('',#11978,#11987,#11989,.T.);
#11987 = VERTEX_POINT('',#11988);
#11988 = CARTESIAN_POINT('',(-0.946201938253,-0.75,0.518412044417));
#11989 = LINE('',#11990,#11991);
#11990 = CARTESIAN_POINT('',(-0.991192795358,-0.75,0.232635182233));
#11991 = VECTOR('',#11992,1.);
#11992 = DIRECTION('',(0.155518033909,-1.779496044609E-18,0.987833053268
    ));
#11993 = ORIENTED_EDGE('',*,*,#11994,.T.);
#11994 = EDGE_CURVE('',#11987,#11362,#11995,.T.);
#11995 = CIRCLE('',#11996,0.25);
#11996 = AXIS2_PLACEMENT_3D('',#11997,#11998,#11999);
#11997 = CARTESIAN_POINT('',(-0.7,-0.75,0.475));
#11998 = DIRECTION('',(1.144237745222E-17,1.,0.));
#11999 = DIRECTION('',(-0.984807753012,1.126854202784E-17,0.173648177667
    ));
#12000 = PLANE('',#12001);
#12001 = AXIS2_PLACEMENT_3D('',#12002,#12003,#12004);
#12002 = CARTESIAN_POINT('',(-0.931323080229,-0.75,0.33452717391));
#12003 = DIRECTION('',(1.144237745222E-17,1.,0.));
#12004 = DIRECTION('',(0.,-0.,1.));
#12005 = ADVANCED_FACE('',(#12006),#12017,.F.);
#12006 = FACE_BOUND('',#12007,.F.);
#12007 = EDGE_LOOP('',(#12008,#12009,#12010,#12011));
#12008 = ORIENTED_EDGE('',*,*,#11378,.T.);
#12009 = ORIENTED_EDGE('',*,*,#11585,.T.);
#12010 = ORIENTED_EDGE('',*,*,#11632,.F.);
#12011 = ORIENTED_EDGE('',*,*,#12012,.F.);
#12012 = EDGE_CURVE('',#11362,#11625,#12013,.T.);
#12013 = LINE('',#12014,#12015);
#12014 = CARTESIAN_POINT('',(-0.7,-0.75,0.725));
#12015 = VECTOR('',#12016,1.);
#12016 = DIRECTION('',(1.,-1.144237745222E-17,0.));
#12017 = PLANE('',#12018);
#12018 = AXIS2_PLACEMENT_3D('',#12019,#12020,#12021);
#12019 = CARTESIAN_POINT('',(-1.486299604971E-16,1.4875,0.725));
#12020 = DIRECTION('',(1.022886882533E-31,-6.310887241768E-27,-1.));
#12021 = DIRECTION('',(1.,1.217738924546E-16,1.022886882525E-31));
#12022 = ADVANCED_FACE('',(#12023),#12092,.F.);
#12023 = FACE_BOUND('',#12024,.F.);
#12024 = EDGE_LOOP('',(#12025,#12026,#12027,#12035,#12044,#12052,#12060,
    #12068,#12077,#12085));
#12025 = ORIENTED_EDGE('',*,*,#11370,.F.);
#12026 = ORIENTED_EDGE('',*,*,#11410,.T.);
#12027 = ORIENTED_EDGE('',*,*,#12028,.T.);
#12028 = EDGE_CURVE('',#11403,#12029,#12031,.T.);
#12029 = VERTEX_POINT('',#12030);
#12030 = CARTESIAN_POINT('',(-0.843471632406,0.75,0.206587955583));
#12031 = LINE('',#12032,#12033);
#12032 = CARTESIAN_POINT('',(-0.798480775301,0.75,0.492364817767));
#12033 = VECTOR('',#12034,1.);
#12034 = DIRECTION('',(-0.155518033909,1.779496044609E-18,
    -0.987833053268));
#12035 = ORIENTED_EDGE('',*,*,#12036,.T.);
#12036 = EDGE_CURVE('',#12029,#12037,#12039,.T.);
#12037 = VERTEX_POINT('',#12038);
#12038 = CARTESIAN_POINT('',(-1.089673570659,0.75,5.551115123126E-17));
#12039 = CIRCLE('',#12040,0.25);
#12040 = AXIS2_PLACEMENT_3D('',#12041,#12042,#12043);
#12041 = CARTESIAN_POINT('',(-1.089673570659,0.75,0.25));
#12042 = DIRECTION('',(1.144237745222E-17,1.,3.851859888774E-34));
#12043 = DIRECTION('',(0.984807753012,-1.126854202784E-17,
    -0.173648177667));
#12044 = ORIENTED_EDGE('',*,*,#12045,.T.);
#12045 = EDGE_CURVE('',#12037,#12046,#12048,.T.);
#12046 = VERTEX_POINT('',#12047);
#12047 = CARTESIAN_POINT('',(-1.25,0.75,5.551115123126E-17));
#12048 = LINE('',#12049,#12050);
#12049 = CARTESIAN_POINT('',(-1.089673570659,0.75,5.551115123126E-17));
#12050 = VECTOR('',#12051,1.);
#12051 = DIRECTION('',(-1.,1.144237745222E-17,0.));
#12052 = ORIENTED_EDGE('',*,*,#12053,.T.);
#12053 = EDGE_CURVE('',#12046,#12054,#12056,.T.);
#12054 = VERTEX_POINT('',#12055);
#12055 = CARTESIAN_POINT('',(-1.25,0.75,0.15));
#12056 = LINE('',#12057,#12058);
#12057 = CARTESIAN_POINT('',(-1.25,0.75,5.551115123126E-17));
#12058 = VECTOR('',#12059,1.);
#12059 = DIRECTION('',(0.,0.,1.));
#12060 = ORIENTED_EDGE('',*,*,#12061,.T.);
#12061 = EDGE_CURVE('',#12054,#12062,#12064,.T.);
#12062 = VERTEX_POINT('',#12063);
#12063 = CARTESIAN_POINT('',(-1.089673570659,0.75,0.15));
#12064 = LINE('',#12065,#12066);
#12065 = CARTESIAN_POINT('',(-1.25,0.75,0.15));
#12066 = VECTOR('',#12067,1.);
#12067 = DIRECTION('',(1.,-1.144237745222E-17,0.));
#12068 = ORIENTED_EDGE('',*,*,#12069,.T.);
#12069 = EDGE_CURVE('',#12062,#12070,#12072,.T.);
#12070 = VERTEX_POINT('',#12071);
#12071 = CARTESIAN_POINT('',(-0.991192795358,0.75,0.232635182233));
#12072 = CIRCLE('',#12073,0.1);
#12073 = AXIS2_PLACEMENT_3D('',#12074,#12075,#12076);
#12074 = CARTESIAN_POINT('',(-1.089673570659,0.75,0.25));
#12075 = DIRECTION('',(-1.144237745222E-17,-1.,1.094764425254E-47));
#12076 = DIRECTION('',(-2.22044604925E-15,2.540718180781E-32,-1.));
#12077 = ORIENTED_EDGE('',*,*,#12078,.T.);
#12078 = EDGE_CURVE('',#12070,#12079,#12081,.T.);
#12079 = VERTEX_POINT('',#12080);
#12080 = CARTESIAN_POINT('',(-0.946201938253,0.75,0.518412044417));
#12081 = LINE('',#12082,#12083);
#12082 = CARTESIAN_POINT('',(-0.991192795358,0.75,0.232635182233));
#12083 = VECTOR('',#12084,1.);
#12084 = DIRECTION('',(0.155518033909,-1.779496044609E-18,0.987833053268
    ));
#12085 = ORIENTED_EDGE('',*,*,#12086,.T.);
#12086 = EDGE_CURVE('',#12079,#11371,#12087,.T.);
#12087 = CIRCLE('',#12088,0.25);
#12088 = AXIS2_PLACEMENT_3D('',#12089,#12090,#12091);
#12089 = CARTESIAN_POINT('',(-0.7,0.75,0.475));
#12090 = DIRECTION('',(1.144237745222E-17,1.,0.));
#12091 = DIRECTION('',(-0.984807753012,1.126854202784E-17,0.173648177667
    ));
#12092 = PLANE('',#12093);
#12093 = AXIS2_PLACEMENT_3D('',#12094,#12095,#12096);
#12094 = CARTESIAN_POINT('',(-0.931323080229,0.75,0.33452717391));
#12095 = DIRECTION('',(1.144237745222E-17,1.,0.));
#12096 = DIRECTION('',(0.,-0.,1.));
#12097 = ADVANCED_FACE('',(#12098),#12116,.F.);
#12098 = FACE_BOUND('',#12099,.F.);
#12099 = EDGE_LOOP('',(#12100,#12101,#12109,#12115));
#12100 = ORIENTED_EDGE('',*,*,#11402,.T.);
#12101 = ORIENTED_EDGE('',*,*,#12102,.T.);
#12102 = EDGE_CURVE('',#11394,#12103,#12105,.T.);
#12103 = VERTEX_POINT('',#12104);
#12104 = CARTESIAN_POINT('',(-0.843471632406,1.15,0.206587955583));
#12105 = LINE('',#12106,#12107);
#12106 = CARTESIAN_POINT('',(-0.798480775301,1.15,0.492364817767));
#12107 = VECTOR('',#12108,1.);
#12108 = DIRECTION('',(-0.155518033909,1.779496044609E-18,
    -0.987833053268));
#12109 = ORIENTED_EDGE('',*,*,#12110,.F.);
#12110 = EDGE_CURVE('',#12029,#12103,#12111,.T.);
#12111 = LINE('',#12112,#12113);
#12112 = CARTESIAN_POINT('',(-0.843471632406,0.75,0.206587955583));
#12113 = VECTOR('',#12114,1.);
#12114 = DIRECTION('',(1.144237745222E-17,1.,0.));
#12115 = ORIENTED_EDGE('',*,*,#12028,.F.);
#12116 = PLANE('',#12117);
#12117 = AXIS2_PLACEMENT_3D('',#12118,#12119,#12120);
#12118 = CARTESIAN_POINT('',(-0.798480775301,0.75,0.492364817767));
#12119 = DIRECTION('',(-0.987833053268,1.130315865527E-17,0.155518033909
    ));
#12120 = DIRECTION('',(-0.155518033909,1.779496044609E-18,
    -0.987833053268));
#12121 = ADVANCED_FACE('',(#12122),#12184,.T.);
#12122 = FACE_BOUND('',#12123,.T.);
#12123 = EDGE_LOOP('',(#12124,#12125,#12126,#12127,#12136,#12144,#12152,
    #12160,#12169,#12177));
#12124 = ORIENTED_EDGE('',*,*,#11425,.F.);
#12125 = ORIENTED_EDGE('',*,*,#11393,.T.);
#12126 = ORIENTED_EDGE('',*,*,#12102,.T.);
#12127 = ORIENTED_EDGE('',*,*,#12128,.T.);
#12128 = EDGE_CURVE('',#12103,#12129,#12131,.T.);
#12129 = VERTEX_POINT('',#12130);
#12130 = CARTESIAN_POINT('',(-1.089673570659,1.15,5.551115123126E-17));
#12131 = CIRCLE('',#12132,0.25);
#12132 = AXIS2_PLACEMENT_3D('',#12133,#12134,#12135);
#12133 = CARTESIAN_POINT('',(-1.089673570659,1.15,0.25));
#12134 = DIRECTION('',(1.144237745222E-17,1.,3.851859888774E-34));
#12135 = DIRECTION('',(0.984807753012,-1.126854202784E-17,
    -0.173648177667));
#12136 = ORIENTED_EDGE('',*,*,#12137,.T.);
#12137 = EDGE_CURVE('',#12129,#12138,#12140,.T.);
#12138 = VERTEX_POINT('',#12139);
#12139 = CARTESIAN_POINT('',(-1.25,1.15,5.551115123126E-17));
#12140 = LINE('',#12141,#12142);
#12141 = CARTESIAN_POINT('',(-1.089673570659,1.15,5.551115123126E-17));
#12142 = VECTOR('',#12143,1.);
#12143 = DIRECTION('',(-1.,1.144237745222E-17,0.));
#12144 = ORIENTED_EDGE('',*,*,#12145,.T.);
#12145 = EDGE_CURVE('',#12138,#12146,#12148,.T.);
#12146 = VERTEX_POINT('',#12147);
#12147 = CARTESIAN_POINT('',(-1.25,1.15,0.15));
#12148 = LINE('',#12149,#12150);
#12149 = CARTESIAN_POINT('',(-1.25,1.15,5.551115123126E-17));
#12150 = VECTOR('',#12151,1.);
#12151 = DIRECTION('',(0.,0.,1.));
#12152 = ORIENTED_EDGE('',*,*,#12153,.T.);
#12153 = EDGE_CURVE('',#12146,#12154,#12156,.T.);
#12154 = VERTEX_POINT('',#12155);
#12155 = CARTESIAN_POINT('',(-1.089673570659,1.15,0.15));
#12156 = LINE('',#12157,#12158);
#12157 = CARTESIAN_POINT('',(-1.25,1.15,0.15));
#12158 = VECTOR('',#12159,1.);
#12159 = DIRECTION('',(1.,-1.144237745222E-17,0.));
#12160 = ORIENTED_EDGE('',*,*,#12161,.T.);
#12161 = EDGE_CURVE('',#12154,#12162,#12164,.T.);
#12162 = VERTEX_POINT('',#12163);
#12163 = CARTESIAN_POINT('',(-0.991192795358,1.15,0.232635182233));
#12164 = CIRCLE('',#12165,0.1);
#12165 = AXIS2_PLACEMENT_3D('',#12166,#12167,#12168);
#12166 = CARTESIAN_POINT('',(-1.089673570659,1.15,0.25));
#12167 = DIRECTION('',(-1.144237745222E-17,-1.,1.094764425254E-47));
#12168 = DIRECTION('',(-2.22044604925E-15,2.540718180781E-32,-1.));
#12169 = ORIENTED_EDGE('',*,*,#12170,.T.);
#12170 = EDGE_CURVE('',#12162,#12171,#12173,.T.);
#12171 = VERTEX_POINT('',#12172);
#12172 = CARTESIAN_POINT('',(-0.946201938253,1.15,0.518412044417));
#12173 = LINE('',#12174,#12175);
#12174 = CARTESIAN_POINT('',(-0.991192795358,1.15,0.232635182233));
#12175 = VECTOR('',#12176,1.);
#12176 = DIRECTION('',(0.155518033909,-1.779496044609E-18,0.987833053268
    ));
#12177 = ORIENTED_EDGE('',*,*,#12178,.T.);
#12178 = EDGE_CURVE('',#12171,#11261,#12179,.T.);
#12179 = CIRCLE('',#12180,0.25);
#12180 = AXIS2_PLACEMENT_3D('',#12181,#12182,#12183);
#12181 = CARTESIAN_POINT('',(-0.7,1.15,0.475));
#12182 = DIRECTION('',(1.144237745222E-17,1.,0.));
#12183 = DIRECTION('',(-0.984807753012,1.126854202784E-17,0.173648177667
    ));
#12184 = PLANE('',#12185);
#12185 = AXIS2_PLACEMENT_3D('',#12186,#12187,#12188);
#12186 = CARTESIAN_POINT('',(-0.931323080229,1.15,0.33452717391));
#12187 = DIRECTION('',(1.144237745222E-17,1.,0.));
#12188 = DIRECTION('',(0.,-0.,1.));
#12189 = ADVANCED_FACE('',(#12190),#12259,.F.);
#12190 = FACE_BOUND('',#12191,.F.);
#12191 = EDGE_LOOP('',(#12192,#12193,#12194,#12202,#12211,#12219,#12227,
    #12235,#12244,#12252));
#12192 = ORIENTED_EDGE('',*,*,#11444,.F.);
#12193 = ORIENTED_EDGE('',*,*,#11477,.T.);
#12194 = ORIENTED_EDGE('',*,*,#12195,.T.);
#12195 = EDGE_CURVE('',#11470,#12196,#12198,.T.);
#12196 = VERTEX_POINT('',#12197);
#12197 = CARTESIAN_POINT('',(0.843471632406,0.2,0.206587955583));
#12198 = LINE('',#12199,#12200);
#12199 = CARTESIAN_POINT('',(0.798480775301,0.2,0.492364817767));
#12200 = VECTOR('',#12201,1.);
#12201 = DIRECTION('',(0.155518033909,1.726597019897E-17,-0.987833053268
    ));
#12202 = ORIENTED_EDGE('',*,*,#12203,.T.);
#12203 = EDGE_CURVE('',#12196,#12204,#12206,.T.);
#12204 = VERTEX_POINT('',#12205);
#12205 = CARTESIAN_POINT('',(1.089673570659,0.2,5.551115123126E-17));
#12206 = CIRCLE('',#12207,0.25);
#12207 = AXIS2_PLACEMENT_3D('',#12208,#12209,#12210);
#12208 = CARTESIAN_POINT('',(1.089673570659,0.2,0.25));
#12209 = DIRECTION('',(1.110223024625E-16,-1.,0.));
#12210 = DIRECTION('',(-0.984807753012,-1.093356242223E-16,
    -0.173648177667));
#12211 = ORIENTED_EDGE('',*,*,#12212,.T.);
#12212 = EDGE_CURVE('',#12204,#12213,#12215,.T.);
#12213 = VERTEX_POINT('',#12214);
#12214 = CARTESIAN_POINT('',(1.25,0.2,5.551115123126E-17));
#12215 = LINE('',#12216,#12217);
#12216 = CARTESIAN_POINT('',(1.089673570659,0.2,5.551115123126E-17));
#12217 = VECTOR('',#12218,1.);
#12218 = DIRECTION('',(1.,1.110223024625E-16,0.));
#12219 = ORIENTED_EDGE('',*,*,#12220,.T.);
#12220 = EDGE_CURVE('',#12213,#12221,#12223,.T.);
#12221 = VERTEX_POINT('',#12222);
#12222 = CARTESIAN_POINT('',(1.25,0.2,0.15));
#12223 = LINE('',#12224,#12225);
#12224 = CARTESIAN_POINT('',(1.25,0.2,5.551115123126E-17));
#12225 = VECTOR('',#12226,1.);
#12226 = DIRECTION('',(0.,0.,1.));
#12227 = ORIENTED_EDGE('',*,*,#12228,.T.);
#12228 = EDGE_CURVE('',#12221,#12229,#12231,.T.);
#12229 = VERTEX_POINT('',#12230);
#12230 = CARTESIAN_POINT('',(1.089673570659,0.2,0.15));
#12231 = LINE('',#12232,#12233);
#12232 = CARTESIAN_POINT('',(1.25,0.2,0.15));
#12233 = VECTOR('',#12234,1.);
#12234 = DIRECTION('',(-1.,-1.110223024625E-16,0.));
#12235 = ORIENTED_EDGE('',*,*,#12236,.T.);
#12236 = EDGE_CURVE('',#12229,#12237,#12239,.T.);
#12237 = VERTEX_POINT('',#12238);
#12238 = CARTESIAN_POINT('',(0.991192795358,0.2,0.232635182233));
#12239 = CIRCLE('',#12240,0.1);
#12240 = AXIS2_PLACEMENT_3D('',#12241,#12242,#12243);
#12241 = CARTESIAN_POINT('',(1.089673570659,0.2,0.25));
#12242 = DIRECTION('',(-1.110223024625E-16,1.,0.));
#12243 = DIRECTION('',(2.22044604925E-15,2.465190328815E-31,-1.));
#12244 = ORIENTED_EDGE('',*,*,#12245,.T.);
#12245 = EDGE_CURVE('',#12237,#12246,#12248,.T.);
#12246 = VERTEX_POINT('',#12247);
#12247 = CARTESIAN_POINT('',(0.946201938253,0.2,0.518412044417));
#12248 = LINE('',#12249,#12250);
#12249 = CARTESIAN_POINT('',(0.991192795358,0.2,0.232635182233));
#12250 = VECTOR('',#12251,1.);
#12251 = DIRECTION('',(-0.155518033909,-1.726597019897E-17,
    0.987833053268));
#12252 = ORIENTED_EDGE('',*,*,#12253,.T.);
#12253 = EDGE_CURVE('',#12246,#11205,#12254,.T.);
#12254 = CIRCLE('',#12255,0.25);
#12255 = AXIS2_PLACEMENT_3D('',#12256,#12257,#12258);
#12256 = CARTESIAN_POINT('',(0.7,0.2,0.475));
#12257 = DIRECTION('',(1.110223024625E-16,-1.,0.));
#12258 = DIRECTION('',(0.984807753012,1.093356242223E-16,0.173648177667)
  );
#12259 = PLANE('',#12260);
#12260 = AXIS2_PLACEMENT_3D('',#12261,#12262,#12263);
#12261 = CARTESIAN_POINT('',(0.931323080229,0.2,0.33452717391));
#12262 = DIRECTION('',(1.110223024625E-16,-1.,0.));
#12263 = DIRECTION('',(0.,0.,1.));
#12264 = ADVANCED_FACE('',(#12265),#12283,.F.);
#12265 = FACE_BOUND('',#12266,.F.);
#12266 = EDGE_LOOP('',(#12267,#12268,#12276,#12282));
#12267 = ORIENTED_EDGE('',*,*,#11469,.T.);
#12268 = ORIENTED_EDGE('',*,*,#12269,.T.);
#12269 = EDGE_CURVE('',#11461,#12270,#12272,.T.);
#12270 = VERTEX_POINT('',#12271);
#12271 = CARTESIAN_POINT('',(0.843471632406,-0.2,0.206587955583));
#12272 = LINE('',#12273,#12274);
#12273 = CARTESIAN_POINT('',(0.798480775301,-0.2,0.492364817767));
#12274 = VECTOR('',#12275,1.);
#12275 = DIRECTION('',(0.155518033909,1.726597019897E-17,-0.987833053268
    ));
#12276 = ORIENTED_EDGE('',*,*,#12277,.F.);
#12277 = EDGE_CURVE('',#12196,#12270,#12278,.T.);
#12278 = LINE('',#12279,#12280);
#12279 = CARTESIAN_POINT('',(0.843471632406,0.2,0.206587955583));
#12280 = VECTOR('',#12281,1.);
#12281 = DIRECTION('',(1.110223024625E-16,-1.,0.));
#12282 = ORIENTED_EDGE('',*,*,#12195,.F.);
#12283 = PLANE('',#12284);
#12284 = AXIS2_PLACEMENT_3D('',#12285,#12286,#12287);
#12285 = CARTESIAN_POINT('',(0.798480775301,0.2,0.492364817767));
#12286 = DIRECTION('',(0.987833053268,1.096715000224E-16,0.155518033909)
  );
#12287 = DIRECTION('',(0.155518033909,1.726597019897E-17,-0.987833053268
    ));
#12288 = ADVANCED_FACE('',(#12289),#12351,.T.);
#12289 = FACE_BOUND('',#12290,.T.);
#12290 = EDGE_LOOP('',(#12291,#12292,#12293,#12294,#12303,#12311,#12319,
    #12327,#12336,#12344));
#12291 = ORIENTED_EDGE('',*,*,#11492,.F.);
#12292 = ORIENTED_EDGE('',*,*,#11460,.T.);
#12293 = ORIENTED_EDGE('',*,*,#12269,.T.);
#12294 = ORIENTED_EDGE('',*,*,#12295,.T.);
#12295 = EDGE_CURVE('',#12270,#12296,#12298,.T.);
#12296 = VERTEX_POINT('',#12297);
#12297 = CARTESIAN_POINT('',(1.089673570659,-0.2,5.551115123126E-17));
#12298 = CIRCLE('',#12299,0.25);
#12299 = AXIS2_PLACEMENT_3D('',#12300,#12301,#12302);
#12300 = CARTESIAN_POINT('',(1.089673570659,-0.2,0.25));
#12301 = DIRECTION('',(1.110223024625E-16,-1.,0.));
#12302 = DIRECTION('',(-0.984807753012,-1.093356242223E-16,
    -0.173648177667));
#12303 = ORIENTED_EDGE('',*,*,#12304,.T.);
#12304 = EDGE_CURVE('',#12296,#12305,#12307,.T.);
#12305 = VERTEX_POINT('',#12306);
#12306 = CARTESIAN_POINT('',(1.25,-0.2,5.551115123126E-17));
#12307 = LINE('',#12308,#12309);
#12308 = CARTESIAN_POINT('',(1.089673570659,-0.2,5.551115123126E-17));
#12309 = VECTOR('',#12310,1.);
#12310 = DIRECTION('',(1.,1.110223024625E-16,0.));
#12311 = ORIENTED_EDGE('',*,*,#12312,.T.);
#12312 = EDGE_CURVE('',#12305,#12313,#12315,.T.);
#12313 = VERTEX_POINT('',#12314);
#12314 = CARTESIAN_POINT('',(1.25,-0.2,0.15));
#12315 = LINE('',#12316,#12317);
#12316 = CARTESIAN_POINT('',(1.25,-0.2,5.551115123126E-17));
#12317 = VECTOR('',#12318,1.);
#12318 = DIRECTION('',(0.,0.,1.));
#12319 = ORIENTED_EDGE('',*,*,#12320,.T.);
#12320 = EDGE_CURVE('',#12313,#12321,#12323,.T.);
#12321 = VERTEX_POINT('',#12322);
#12322 = CARTESIAN_POINT('',(1.089673570659,-0.2,0.15));
#12323 = LINE('',#12324,#12325);
#12324 = CARTESIAN_POINT('',(1.25,-0.2,0.15));
#12325 = VECTOR('',#12326,1.);
#12326 = DIRECTION('',(-1.,-1.110223024625E-16,0.));
#12327 = ORIENTED_EDGE('',*,*,#12328,.T.);
#12328 = EDGE_CURVE('',#12321,#12329,#12331,.T.);
#12329 = VERTEX_POINT('',#12330);
#12330 = CARTESIAN_POINT('',(0.991192795358,-0.2,0.232635182233));
#12331 = CIRCLE('',#12332,0.1);
#12332 = AXIS2_PLACEMENT_3D('',#12333,#12334,#12335);
#12333 = CARTESIAN_POINT('',(1.089673570659,-0.2,0.25));
#12334 = DIRECTION('',(-1.110223024625E-16,1.,0.));
#12335 = DIRECTION('',(2.22044604925E-15,2.465190328815E-31,-1.));
#12336 = ORIENTED_EDGE('',*,*,#12337,.T.);
#12337 = EDGE_CURVE('',#12329,#12338,#12340,.T.);
#12338 = VERTEX_POINT('',#12339);
#12339 = CARTESIAN_POINT('',(0.946201938253,-0.2,0.518412044417));
#12340 = LINE('',#12341,#12342);
#12341 = CARTESIAN_POINT('',(0.991192795358,-0.2,0.232635182233));
#12342 = VECTOR('',#12343,1.);
#12343 = DIRECTION('',(-0.155518033909,-1.726597019897E-17,
    0.987833053268));
#12344 = ORIENTED_EDGE('',*,*,#12345,.T.);
#12345 = EDGE_CURVE('',#12338,#11493,#12346,.T.);
#12346 = CIRCLE('',#12347,0.25);
#12347 = AXIS2_PLACEMENT_3D('',#12348,#12349,#12350);
#12348 = CARTESIAN_POINT('',(0.7,-0.2,0.475));
#12349 = DIRECTION('',(1.110223024625E-16,-1.,0.));
#12350 = DIRECTION('',(0.984807753012,1.093356242223E-16,0.173648177667)
  );
#12351 = PLANE('',#12352);
#12352 = AXIS2_PLACEMENT_3D('',#12353,#12354,#12355);
#12353 = CARTESIAN_POINT('',(0.931323080229,-0.2,0.33452717391));
#12354 = DIRECTION('',(1.110223024625E-16,-1.,0.));
#12355 = DIRECTION('',(0.,0.,1.));
#12356 = ADVANCED_FACE('',(#12357),#12368,.T.);
#12357 = FACE_BOUND('',#12358,.T.);
#12358 = EDGE_LOOP('',(#12359,#12360,#12361,#12362));
#12359 = ORIENTED_EDGE('',*,*,#12086,.T.);
#12360 = ORIENTED_EDGE('',*,*,#11593,.T.);
#12361 = ORIENTED_EDGE('',*,*,#12178,.F.);
#12362 = ORIENTED_EDGE('',*,*,#12363,.F.);
#12363 = EDGE_CURVE('',#12079,#12171,#12364,.T.);
#12364 = LINE('',#12365,#12366);
#12365 = CARTESIAN_POINT('',(-0.946201938253,0.75,0.518412044417));
#12366 = VECTOR('',#12367,1.);
#12367 = DIRECTION('',(1.144237745222E-17,1.,0.));
#12368 = CYLINDRICAL_SURFACE('',#12369,0.25);
#12369 = AXIS2_PLACEMENT_3D('',#12370,#12371,#12372);
#12370 = CARTESIAN_POINT('',(-0.7,0.75,0.475));
#12371 = DIRECTION('',(-1.144237745222E-17,-1.,0.));
#12372 = DIRECTION('',(-0.984807753012,1.126854202784E-17,0.173648177667
    ));
#12373 = ADVANCED_FACE('',(#12374),#12385,.F.);
#12374 = FACE_BOUND('',#12375,.F.);
#12375 = EDGE_LOOP('',(#12376,#12377,#12383,#12384));
#12376 = ORIENTED_EDGE('',*,*,#11804,.F.);
#12377 = ORIENTED_EDGE('',*,*,#12378,.T.);
#12378 = EDGE_CURVE('',#11307,#11362,#12379,.T.);
#12379 = LINE('',#12380,#12381);
#12380 = CARTESIAN_POINT('',(-0.7,-1.15,0.725));
#12381 = VECTOR('',#12382,1.);
#12382 = DIRECTION('',(1.144237745222E-17,1.,0.));
#12383 = ORIENTED_EDGE('',*,*,#12012,.T.);
#12384 = ORIENTED_EDGE('',*,*,#11624,.F.);
#12385 = PLANE('',#12386);
#12386 = AXIS2_PLACEMENT_3D('',#12387,#12388,#12389);
#12387 = CARTESIAN_POINT('',(-0.7,-1.15,0.725));
#12388 = DIRECTION('',(0.,0.,-1.));
#12389 = DIRECTION('',(1.,-1.144237745222E-17,0.));
#12390 = ADVANCED_FACE('',(#12391,#12420),#12431,.T.);
#12391 = FACE_BOUND('',#12392,.T.);
#12392 = EDGE_LOOP('',(#12393,#12394,#12395,#12396,#12404,#12412,#12418,
    #12419));
#12393 = ORIENTED_EDGE('',*,*,#11699,.F.);
#12394 = ORIENTED_EDGE('',*,*,#11676,.F.);
#12395 = ORIENTED_EDGE('',*,*,#11647,.F.);
#12396 = ORIENTED_EDGE('',*,*,#12397,.F.);
#12397 = EDGE_CURVE('',#12398,#11648,#12400,.T.);
#12398 = VERTEX_POINT('',#12399);
#12399 = CARTESIAN_POINT('',(-0.559121551758,-1.408243103516,1.2));
#12400 = LINE('',#12401,#12402);
#12401 = CARTESIAN_POINT('',(-0.559121551758,-1.408243103516,1.2));
#12402 = VECTOR('',#12403,1.);
#12403 = DIRECTION('',(-0.707106781187,0.707106781187,0.));
#12404 = ORIENTED_EDGE('',*,*,#12405,.F.);
#12405 = EDGE_CURVE('',#12406,#12398,#12408,.T.);
#12406 = VERTEX_POINT('',#12407);
#12407 = CARTESIAN_POINT('',(0.559121551758,-1.408243103516,1.2));
#12408 = LINE('',#12409,#12410);
#12409 = CARTESIAN_POINT('',(0.559121551758,-1.408243103516,1.2));
#12410 = VECTOR('',#12411,1.);
#12411 = DIRECTION('',(-1.,-1.110223024625E-16,0.));
#12412 = ORIENTED_EDGE('',*,*,#12413,.F.);
#12413 = EDGE_CURVE('',#11755,#12406,#12414,.T.);
#12414 = LINE('',#12415,#12416);
#12415 = CARTESIAN_POINT('',(0.608243103516,-1.359121551758,1.2));
#12416 = VECTOR('',#12417,1.);
#12417 = DIRECTION('',(-0.707106781187,-0.707106781187,0.));
#12418 = ORIENTED_EDGE('',*,*,#11761,.F.);
#12419 = ORIENTED_EDGE('',*,*,#11722,.F.);
#12420 = FACE_BOUND('',#12421,.T.);
#12421 = EDGE_LOOP('',(#12422));
#12422 = ORIENTED_EDGE('',*,*,#12423,.T.);
#12423 = EDGE_CURVE('',#12424,#12424,#12426,.T.);
#12424 = VERTEX_POINT('',#12425);
#12425 = CARTESIAN_POINT('',(-0.428243103516,1.178243103516,1.2));
#12426 = CIRCLE('',#12427,5.E-02);
#12427 = AXIS2_PLACEMENT_3D('',#12428,#12429,#12430);
#12428 = CARTESIAN_POINT('',(-0.428243103516,1.228243103516,1.2));
#12429 = DIRECTION('',(0.,-0.,-1.));
#12430 = DIRECTION('',(1.110223024625E-16,-1.,0.));
#12431 = PLANE('',#12432);
#12432 = AXIS2_PLACEMENT_3D('',#12433,#12434,#12435);
#12433 = CARTESIAN_POINT('',(-0.559121551758,1.408243103516,1.2));
#12434 = DIRECTION('',(0.,0.,1.));
#12435 = DIRECTION('',(0.369013679242,-0.929423963825,0.));
#12436 = ADVANCED_FACE('',(#12437),#12447,.F.);
#12437 = FACE_BOUND('',#12438,.F.);
#12438 = EDGE_LOOP('',(#12439,#12440,#12441,#12442));
#12439 = ORIENTED_EDGE('',*,*,#11811,.T.);
#12440 = ORIENTED_EDGE('',*,*,#11655,.T.);
#12441 = ORIENTED_EDGE('',*,*,#12397,.F.);
#12442 = ORIENTED_EDGE('',*,*,#12443,.F.);
#12443 = EDGE_CURVE('',#11812,#12398,#12444,.T.);
#12444 = B_SPLINE_CURVE_WITH_KNOTS('',1,(#12445,#12446),.UNSPECIFIED.,
  .F.,.F.,(2,2),(0.,1.),.PIECEWISE_BEZIER_KNOTS.);
#12445 = CARTESIAN_POINT('',(-0.5925,-1.475,0.725));
#12446 = CARTESIAN_POINT('',(-0.559121551758,-1.408243103516,1.2));
#12447 = B_SPLINE_SURFACE_WITH_KNOTS('',1,1,(
    (#12448,#12449)
    ,(#12450,#12451
    )),.UNSPECIFIED.,.F.,.F.,.F.,(2,2),(2,2),(0.,0.116672618896),(0.,1.)
  ,.PIECEWISE_BEZIER_KNOTS.);
#12448 = CARTESIAN_POINT('',(-0.5925,-1.475,0.725));
#12449 = CARTESIAN_POINT('',(-0.559121551758,-1.408243103516,1.2));
#12450 = CARTESIAN_POINT('',(-0.675,-1.3925,0.725));
#12451 = CARTESIAN_POINT('',(-0.608243103516,-1.359121551758,1.2));
#12452 = ADVANCED_FACE('',(#12453),#12463,.F.);
#12453 = FACE_BOUND('',#12454,.F.);
#12454 = EDGE_LOOP('',(#12455,#12456,#12461,#12462));
#12455 = ORIENTED_EDGE('',*,*,#11827,.T.);
#12456 = ORIENTED_EDGE('',*,*,#12457,.T.);
#12457 = EDGE_CURVE('',#11820,#12406,#12458,.T.);
#12458 = B_SPLINE_CURVE_WITH_KNOTS('',1,(#12459,#12460),.UNSPECIFIED.,
  .F.,.F.,(2,2),(0.,1.),.PIECEWISE_BEZIER_KNOTS.);
#12459 = CARTESIAN_POINT('',(0.5925,-1.475,0.725));
#12460 = CARTESIAN_POINT('',(0.559121551758,-1.408243103516,1.2));
#12461 = ORIENTED_EDGE('',*,*,#12413,.F.);
#12462 = ORIENTED_EDGE('',*,*,#11754,.F.);
#12463 = B_SPLINE_SURFACE_WITH_KNOTS('',1,1,(
    (#12464,#12465)
    ,(#12466,#12467
    )),.UNSPECIFIED.,.F.,.F.,.F.,(2,2),(2,2),(0.,0.116672618896),(0.,1.)
  ,.PIECEWISE_BEZIER_KNOTS.);
#12464 = CARTESIAN_POINT('',(0.675,-1.3925,0.725));
#12465 = CARTESIAN_POINT('',(0.608243103516,-1.359121551758,1.2));
#12466 = CARTESIAN_POINT('',(0.5925,-1.475,0.725));
#12467 = CARTESIAN_POINT('',(0.559121551758,-1.408243103516,1.2));
#12468 = ADVANCED_FACE('',(#12469),#12480,.T.);
#12469 = FACE_BOUND('',#12470,.T.);
#12470 = EDGE_LOOP('',(#12471,#12472,#12473,#12474));
#12471 = ORIENTED_EDGE('',*,*,#12253,.T.);
#12472 = ORIENTED_EDGE('',*,*,#11777,.T.);
#12473 = ORIENTED_EDGE('',*,*,#12345,.F.);
#12474 = ORIENTED_EDGE('',*,*,#12475,.F.);
#12475 = EDGE_CURVE('',#12246,#12338,#12476,.T.);
#12476 = LINE('',#12477,#12478);
#12477 = CARTESIAN_POINT('',(0.946201938253,0.2,0.518412044417));
#12478 = VECTOR('',#12479,1.);
#12479 = DIRECTION('',(1.110223024625E-16,-1.,0.));
#12480 = CYLINDRICAL_SURFACE('',#12481,0.25);
#12481 = AXIS2_PLACEMENT_3D('',#12482,#12483,#12484);
#12482 = CARTESIAN_POINT('',(0.7,0.2,0.475));
#12483 = DIRECTION('',(-1.110223024625E-16,1.,0.));
#12484 = DIRECTION('',(0.984807753012,1.093356242223E-16,0.173648177667)
  );
#12485 = ADVANCED_FACE('',(#12486),#12492,.F.);
#12486 = FACE_BOUND('',#12487,.F.);
#12487 = EDGE_LOOP('',(#12488,#12489,#12490,#12491));
#12488 = ORIENTED_EDGE('',*,*,#11819,.T.);
#12489 = ORIENTED_EDGE('',*,*,#12443,.T.);
#12490 = ORIENTED_EDGE('',*,*,#12405,.F.);
#12491 = ORIENTED_EDGE('',*,*,#12457,.F.);
#12492 = B_SPLINE_SURFACE_WITH_KNOTS('',1,1,(
    (#12493,#12494)
    ,(#12495,#12496
    )),.UNSPECIFIED.,.F.,.F.,.F.,(2,2),(2,2),(0.,1.185),(0.,1.),
  .PIECEWISE_BEZIER_KNOTS.);
#12493 = CARTESIAN_POINT('',(0.5925,-1.475,0.725));
#12494 = CARTESIAN_POINT('',(0.559121551758,-1.408243103516,1.2));
#12495 = CARTESIAN_POINT('',(-0.5925,-1.475,0.725));
#12496 = CARTESIAN_POINT('',(-0.559121551758,-1.408243103516,1.2));
#12497 = ADVANCED_FACE('',(#12498),#12509,.T.);
#12498 = FACE_BOUND('',#12499,.T.);
#12499 = EDGE_LOOP('',(#12500,#12501,#12502,#12503));
#12500 = ORIENTED_EDGE('',*,*,#11902,.T.);
#12501 = ORIENTED_EDGE('',*,*,#12378,.T.);
#12502 = ORIENTED_EDGE('',*,*,#11994,.F.);
#12503 = ORIENTED_EDGE('',*,*,#12504,.F.);
#12504 = EDGE_CURVE('',#11895,#11987,#12505,.T.);
#12505 = LINE('',#12506,#12507);
#12506 = CARTESIAN_POINT('',(-0.946201938253,-1.15,0.518412044417));
#12507 = VECTOR('',#12508,1.);
#12508 = DIRECTION('',(1.144237745222E-17,1.,0.));
#12509 = CYLINDRICAL_SURFACE('',#12510,0.25);
#12510 = AXIS2_PLACEMENT_3D('',#12511,#12512,#12513);
#12511 = CARTESIAN_POINT('',(-0.7,-1.15,0.475));
#12512 = DIRECTION('',(-1.144237745222E-17,-1.,0.));
#12513 = DIRECTION('',(-0.984807753012,1.126854202784E-17,0.173648177667
    ));
#12514 = ADVANCED_FACE('',(#12515),#12526,.F.);
#12515 = FACE_BOUND('',#12516,.F.);
#12516 = EDGE_LOOP('',(#12517,#12523,#12524,#12525));
#12517 = ORIENTED_EDGE('',*,*,#12518,.T.);
#12518 = EDGE_CURVE('',#11886,#11978,#12519,.T.);
#12519 = LINE('',#12520,#12521);
#12520 = CARTESIAN_POINT('',(-0.991192795358,-1.15,0.232635182233));
#12521 = VECTOR('',#12522,1.);
#12522 = DIRECTION('',(1.144237745222E-17,1.,0.));
#12523 = ORIENTED_EDGE('',*,*,#11986,.T.);
#12524 = ORIENTED_EDGE('',*,*,#12504,.F.);
#12525 = ORIENTED_EDGE('',*,*,#11894,.F.);
#12526 = PLANE('',#12527);
#12527 = AXIS2_PLACEMENT_3D('',#12528,#12529,#12530);
#12528 = CARTESIAN_POINT('',(-0.991192795358,-1.15,0.232635182233));
#12529 = DIRECTION('',(0.987833053268,-1.130315865527E-17,
    -0.155518033909));
#12530 = DIRECTION('',(0.155518033909,-1.779496044609E-18,0.987833053268
    ));
#12531 = ADVANCED_FACE('',(#12532),#12543,.F.);
#12532 = FACE_BOUND('',#12533,.F.);
#12533 = EDGE_LOOP('',(#12534,#12540,#12541,#12542));
#12534 = ORIENTED_EDGE('',*,*,#12535,.T.);
#12535 = EDGE_CURVE('',#11878,#11970,#12536,.T.);
#12536 = LINE('',#12537,#12538);
#12537 = CARTESIAN_POINT('',(-1.089673570659,-1.15,0.15));
#12538 = VECTOR('',#12539,1.);
#12539 = DIRECTION('',(1.144237745222E-17,1.,0.));
#12540 = ORIENTED_EDGE('',*,*,#11977,.T.);
#12541 = ORIENTED_EDGE('',*,*,#12518,.F.);
#12542 = ORIENTED_EDGE('',*,*,#11885,.F.);
#12543 = CYLINDRICAL_SURFACE('',#12544,0.1);
#12544 = AXIS2_PLACEMENT_3D('',#12545,#12546,#12547);
#12545 = CARTESIAN_POINT('',(-1.089673570659,-1.15,0.25));
#12546 = DIRECTION('',(-1.144237745222E-17,-1.,0.));
#12547 = DIRECTION('',(-2.22044604925E-15,2.540718180781E-32,-1.));
#12548 = ADVANCED_FACE('',(#12549),#12560,.F.);
#12549 = FACE_BOUND('',#12550,.F.);
#12550 = EDGE_LOOP('',(#12551,#12557,#12558,#12559));
#12551 = ORIENTED_EDGE('',*,*,#12552,.T.);
#12552 = EDGE_CURVE('',#11870,#11962,#12553,.T.);
#12553 = LINE('',#12554,#12555);
#12554 = CARTESIAN_POINT('',(-1.25,-1.15,0.15));
#12555 = VECTOR('',#12556,1.);
#12556 = DIRECTION('',(1.144237745222E-17,1.,0.));
#12557 = ORIENTED_EDGE('',*,*,#11969,.T.);
#12558 = ORIENTED_EDGE('',*,*,#12535,.F.);
#12559 = ORIENTED_EDGE('',*,*,#11877,.F.);
#12560 = PLANE('',#12561);
#12561 = AXIS2_PLACEMENT_3D('',#12562,#12563,#12564);
#12562 = CARTESIAN_POINT('',(-1.25,-1.15,0.15));
#12563 = DIRECTION('',(0.,0.,-1.));
#12564 = DIRECTION('',(1.,-1.144237745222E-17,0.));
#12565 = ADVANCED_FACE('',(#12566),#12577,.F.);
#12566 = FACE_BOUND('',#12567,.F.);
#12567 = EDGE_LOOP('',(#12568,#12574,#12575,#12576));
#12568 = ORIENTED_EDGE('',*,*,#12569,.T.);
#12569 = EDGE_CURVE('',#11862,#11954,#12570,.T.);
#12570 = LINE('',#12571,#12572);
#12571 = CARTESIAN_POINT('',(-1.25,-1.15,5.551115123126E-17));
#12572 = VECTOR('',#12573,1.);
#12573 = DIRECTION('',(1.144237745222E-17,1.,0.));
#12574 = ORIENTED_EDGE('',*,*,#11961,.T.);
#12575 = ORIENTED_EDGE('',*,*,#12552,.F.);
#12576 = ORIENTED_EDGE('',*,*,#11869,.F.);
#12577 = PLANE('',#12578);
#12578 = AXIS2_PLACEMENT_3D('',#12579,#12580,#12581);
#12579 = CARTESIAN_POINT('',(-1.25,-1.15,5.551115123126E-17));
#12580 = DIRECTION('',(1.,-1.144237745222E-17,0.));
#12581 = DIRECTION('',(0.,0.,1.));
#12582 = ADVANCED_FACE('',(#12583),#12594,.F.);
#12583 = FACE_BOUND('',#12584,.F.);
#12584 = EDGE_LOOP('',(#12585,#12591,#12592,#12593));
#12585 = ORIENTED_EDGE('',*,*,#12586,.T.);
#12586 = EDGE_CURVE('',#11853,#11945,#12587,.T.);
#12587 = LINE('',#12588,#12589);
#12588 = CARTESIAN_POINT('',(-1.089673570659,-1.15,5.551115123126E-17));
#12589 = VECTOR('',#12590,1.);
#12590 = DIRECTION('',(1.144237745222E-17,1.,0.));
#12591 = ORIENTED_EDGE('',*,*,#11953,.T.);
#12592 = ORIENTED_EDGE('',*,*,#12569,.F.);
#12593 = ORIENTED_EDGE('',*,*,#11861,.F.);
#12594 = PLANE('',#12595);
#12595 = AXIS2_PLACEMENT_3D('',#12596,#12597,#12598);
#12596 = CARTESIAN_POINT('',(-1.089673570659,-1.15,5.551115123126E-17));
#12597 = DIRECTION('',(0.,0.,1.));
#12598 = DIRECTION('',(-1.,1.144237745222E-17,0.));
#12599 = ADVANCED_FACE('',(#12600),#12606,.T.);
#12600 = FACE_BOUND('',#12601,.T.);
#12601 = EDGE_LOOP('',(#12602,#12603,#12604,#12605));
#12602 = ORIENTED_EDGE('',*,*,#11852,.T.);
#12603 = ORIENTED_EDGE('',*,*,#12586,.T.);
#12604 = ORIENTED_EDGE('',*,*,#11944,.F.);
#12605 = ORIENTED_EDGE('',*,*,#11926,.F.);
#12606 = CYLINDRICAL_SURFACE('',#12607,0.25);
#12607 = AXIS2_PLACEMENT_3D('',#12608,#12609,#12610);
#12608 = CARTESIAN_POINT('',(-1.089673570659,-1.15,0.25));
#12609 = DIRECTION('',(-1.144237745222E-17,-1.,0.));
#12610 = DIRECTION('',(0.984807753012,-1.126854202784E-17,
    -0.173648177667));
#12611 = ADVANCED_FACE('',(#12612),#12623,.F.);
#12612 = FACE_BOUND('',#12613,.F.);
#12613 = EDGE_LOOP('',(#12614,#12620,#12621,#12622));
#12614 = ORIENTED_EDGE('',*,*,#12615,.T.);
#12615 = EDGE_CURVE('',#12070,#12162,#12616,.T.);
#12616 = LINE('',#12617,#12618);
#12617 = CARTESIAN_POINT('',(-0.991192795358,0.75,0.232635182233));
#12618 = VECTOR('',#12619,1.);
#12619 = DIRECTION('',(1.144237745222E-17,1.,0.));
#12620 = ORIENTED_EDGE('',*,*,#12170,.T.);
#12621 = ORIENTED_EDGE('',*,*,#12363,.F.);
#12622 = ORIENTED_EDGE('',*,*,#12078,.F.);
#12623 = PLANE('',#12624);
#12624 = AXIS2_PLACEMENT_3D('',#12625,#12626,#12627);
#12625 = CARTESIAN_POINT('',(-0.991192795358,0.75,0.232635182233));
#12626 = DIRECTION('',(0.987833053268,-1.130315865527E-17,
    -0.155518033909));
#12627 = DIRECTION('',(0.155518033909,-1.779496044609E-18,0.987833053268
    ));
#12628 = ADVANCED_FACE('',(#12629),#12640,.F.);
#12629 = FACE_BOUND('',#12630,.F.);
#12630 = EDGE_LOOP('',(#12631,#12637,#12638,#12639));
#12631 = ORIENTED_EDGE('',*,*,#12632,.T.);
#12632 = EDGE_CURVE('',#12062,#12154,#12633,.T.);
#12633 = LINE('',#12634,#12635);
#12634 = CARTESIAN_POINT('',(-1.089673570659,0.75,0.15));
#12635 = VECTOR('',#12636,1.);
#12636 = DIRECTION('',(1.144237745222E-17,1.,0.));
#12637 = ORIENTED_EDGE('',*,*,#12161,.T.);
#12638 = ORIENTED_EDGE('',*,*,#12615,.F.);
#12639 = ORIENTED_EDGE('',*,*,#12069,.F.);
#12640 = CYLINDRICAL_SURFACE('',#12641,0.1);
#12641 = AXIS2_PLACEMENT_3D('',#12642,#12643,#12644);
#12642 = CARTESIAN_POINT('',(-1.089673570659,0.75,0.25));
#12643 = DIRECTION('',(-1.144237745222E-17,-1.,0.));
#12644 = DIRECTION('',(-2.22044604925E-15,2.540718180781E-32,-1.));
#12645 = ADVANCED_FACE('',(#12646),#12657,.F.);
#12646 = FACE_BOUND('',#12647,.F.);
#12647 = EDGE_LOOP('',(#12648,#12654,#12655,#12656));
#12648 = ORIENTED_EDGE('',*,*,#12649,.T.);
#12649 = EDGE_CURVE('',#12054,#12146,#12650,.T.);
#12650 = LINE('',#12651,#12652);
#12651 = CARTESIAN_POINT('',(-1.25,0.75,0.15));
#12652 = VECTOR('',#12653,1.);
#12653 = DIRECTION('',(1.144237745222E-17,1.,0.));
#12654 = ORIENTED_EDGE('',*,*,#12153,.T.);
#12655 = ORIENTED_EDGE('',*,*,#12632,.F.);
#12656 = ORIENTED_EDGE('',*,*,#12061,.F.);
#12657 = PLANE('',#12658);
#12658 = AXIS2_PLACEMENT_3D('',#12659,#12660,#12661);
#12659 = CARTESIAN_POINT('',(-1.25,0.75,0.15));
#12660 = DIRECTION('',(0.,0.,-1.));
#12661 = DIRECTION('',(1.,-1.144237745222E-17,0.));
#12662 = ADVANCED_FACE('',(#12663),#12674,.F.);
#12663 = FACE_BOUND('',#12664,.F.);
#12664 = EDGE_LOOP('',(#12665,#12671,#12672,#12673));
#12665 = ORIENTED_EDGE('',*,*,#12666,.T.);
#12666 = EDGE_CURVE('',#12046,#12138,#12667,.T.);
#12667 = LINE('',#12668,#12669);
#12668 = CARTESIAN_POINT('',(-1.25,0.75,5.551115123126E-17));
#12669 = VECTOR('',#12670,1.);
#12670 = DIRECTION('',(1.144237745222E-17,1.,0.));
#12671 = ORIENTED_EDGE('',*,*,#12145,.T.);
#12672 = ORIENTED_EDGE('',*,*,#12649,.F.);
#12673 = ORIENTED_EDGE('',*,*,#12053,.F.);
#12674 = PLANE('',#12675);
#12675 = AXIS2_PLACEMENT_3D('',#12676,#12677,#12678);
#12676 = CARTESIAN_POINT('',(-1.25,0.75,5.551115123126E-17));
#12677 = DIRECTION('',(1.,-1.144237745222E-17,0.));
#12678 = DIRECTION('',(0.,0.,1.));
#12679 = ADVANCED_FACE('',(#12680),#12691,.F.);
#12680 = FACE_BOUND('',#12681,.F.);
#12681 = EDGE_LOOP('',(#12682,#12688,#12689,#12690));
#12682 = ORIENTED_EDGE('',*,*,#12683,.T.);
#12683 = EDGE_CURVE('',#12037,#12129,#12684,.T.);
#12684 = LINE('',#12685,#12686);
#12685 = CARTESIAN_POINT('',(-1.089673570659,0.75,5.551115123126E-17));
#12686 = VECTOR('',#12687,1.);
#12687 = DIRECTION('',(1.144237745222E-17,1.,0.));
#12688 = ORIENTED_EDGE('',*,*,#12137,.T.);
#12689 = ORIENTED_EDGE('',*,*,#12666,.F.);
#12690 = ORIENTED_EDGE('',*,*,#12045,.F.);
#12691 = PLANE('',#12692);
#12692 = AXIS2_PLACEMENT_3D('',#12693,#12694,#12695);
#12693 = CARTESIAN_POINT('',(-1.089673570659,0.75,5.551115123126E-17));
#12694 = DIRECTION('',(0.,0.,1.));
#12695 = DIRECTION('',(-1.,1.144237745222E-17,0.));
#12696 = ADVANCED_FACE('',(#12697),#12703,.T.);
#12697 = FACE_BOUND('',#12698,.T.);
#12698 = EDGE_LOOP('',(#12699,#12700,#12701,#12702));
#12699 = ORIENTED_EDGE('',*,*,#12036,.T.);
#12700 = ORIENTED_EDGE('',*,*,#12683,.T.);
#12701 = ORIENTED_EDGE('',*,*,#12128,.F.);
#12702 = ORIENTED_EDGE('',*,*,#12110,.F.);
#12703 = CYLINDRICAL_SURFACE('',#12704,0.25);
#12704 = AXIS2_PLACEMENT_3D('',#12705,#12706,#12707);
#12705 = CARTESIAN_POINT('',(-1.089673570659,0.75,0.25));
#12706 = DIRECTION('',(-1.144237745222E-17,-1.,0.));
#12707 = DIRECTION('',(0.984807753012,-1.126854202784E-17,
    -0.173648177667));
#12708 = ADVANCED_FACE('',(#12709),#12720,.F.);
#12709 = FACE_BOUND('',#12710,.F.);
#12710 = EDGE_LOOP('',(#12711,#12717,#12718,#12719));
#12711 = ORIENTED_EDGE('',*,*,#12712,.T.);
#12712 = EDGE_CURVE('',#12237,#12329,#12713,.T.);
#12713 = LINE('',#12714,#12715);
#12714 = CARTESIAN_POINT('',(0.991192795358,0.2,0.232635182233));
#12715 = VECTOR('',#12716,1.);
#12716 = DIRECTION('',(1.110223024625E-16,-1.,0.));
#12717 = ORIENTED_EDGE('',*,*,#12337,.T.);
#12718 = ORIENTED_EDGE('',*,*,#12475,.F.);
#12719 = ORIENTED_EDGE('',*,*,#12245,.F.);
#12720 = PLANE('',#12721);
#12721 = AXIS2_PLACEMENT_3D('',#12722,#12723,#12724);
#12722 = CARTESIAN_POINT('',(0.991192795358,0.2,0.232635182233));
#12723 = DIRECTION('',(-0.987833053268,-1.096715000224E-16,
    -0.155518033909));
#12724 = DIRECTION('',(-0.155518033909,-1.726597019897E-17,
    0.987833053268));
#12725 = ADVANCED_FACE('',(#12726),#12737,.F.);
#12726 = FACE_BOUND('',#12727,.F.);
#12727 = EDGE_LOOP('',(#12728,#12734,#12735,#12736));
#12728 = ORIENTED_EDGE('',*,*,#12729,.T.);
#12729 = EDGE_CURVE('',#12229,#12321,#12730,.T.);
#12730 = LINE('',#12731,#12732);
#12731 = CARTESIAN_POINT('',(1.089673570659,0.2,0.15));
#12732 = VECTOR('',#12733,1.);
#12733 = DIRECTION('',(1.110223024625E-16,-1.,0.));
#12734 = ORIENTED_EDGE('',*,*,#12328,.T.);
#12735 = ORIENTED_EDGE('',*,*,#12712,.F.);
#12736 = ORIENTED_EDGE('',*,*,#12236,.F.);
#12737 = CYLINDRICAL_SURFACE('',#12738,0.1);
#12738 = AXIS2_PLACEMENT_3D('',#12739,#12740,#12741);
#12739 = CARTESIAN_POINT('',(1.089673570659,0.2,0.25));
#12740 = DIRECTION('',(-1.110223024625E-16,1.,0.));
#12741 = DIRECTION('',(2.22044604925E-15,2.465190328815E-31,-1.));
#12742 = ADVANCED_FACE('',(#12743),#12754,.F.);
#12743 = FACE_BOUND('',#12744,.F.);
#12744 = EDGE_LOOP('',(#12745,#12751,#12752,#12753));
#12745 = ORIENTED_EDGE('',*,*,#12746,.T.);
#12746 = EDGE_CURVE('',#12221,#12313,#12747,.T.);
#12747 = LINE('',#12748,#12749);
#12748 = CARTESIAN_POINT('',(1.25,0.2,0.15));
#12749 = VECTOR('',#12750,1.);
#12750 = DIRECTION('',(1.110223024625E-16,-1.,0.));
#12751 = ORIENTED_EDGE('',*,*,#12320,.T.);
#12752 = ORIENTED_EDGE('',*,*,#12729,.F.);
#12753 = ORIENTED_EDGE('',*,*,#12228,.F.);
#12754 = PLANE('',#12755);
#12755 = AXIS2_PLACEMENT_3D('',#12756,#12757,#12758);
#12756 = CARTESIAN_POINT('',(1.25,0.2,0.15));
#12757 = DIRECTION('',(0.,0.,-1.));
#12758 = DIRECTION('',(-1.,-1.110223024625E-16,-0.));
#12759 = ADVANCED_FACE('',(#12760),#12771,.F.);
#12760 = FACE_BOUND('',#12761,.F.);
#12761 = EDGE_LOOP('',(#12762,#12768,#12769,#12770));
#12762 = ORIENTED_EDGE('',*,*,#12763,.T.);
#12763 = EDGE_CURVE('',#12213,#12305,#12764,.T.);
#12764 = LINE('',#12765,#12766);
#12765 = CARTESIAN_POINT('',(1.25,0.2,5.551115123126E-17));
#12766 = VECTOR('',#12767,1.);
#12767 = DIRECTION('',(1.110223024625E-16,-1.,0.));
#12768 = ORIENTED_EDGE('',*,*,#12312,.T.);
#12769 = ORIENTED_EDGE('',*,*,#12746,.F.);
#12770 = ORIENTED_EDGE('',*,*,#12220,.F.);
#12771 = PLANE('',#12772);
#12772 = AXIS2_PLACEMENT_3D('',#12773,#12774,#12775);
#12773 = CARTESIAN_POINT('',(1.25,0.2,5.551115123126E-17));
#12774 = DIRECTION('',(-1.,-1.110223024625E-16,0.));
#12775 = DIRECTION('',(0.,0.,1.));
#12776 = ADVANCED_FACE('',(#12777),#12788,.F.);
#12777 = FACE_BOUND('',#12778,.F.);
#12778 = EDGE_LOOP('',(#12779,#12785,#12786,#12787));
#12779 = ORIENTED_EDGE('',*,*,#12780,.T.);
#12780 = EDGE_CURVE('',#12204,#12296,#12781,.T.);
#12781 = LINE('',#12782,#12783);
#12782 = CARTESIAN_POINT('',(1.089673570659,0.2,5.551115123126E-17));
#12783 = VECTOR('',#12784,1.);
#12784 = DIRECTION('',(1.110223024625E-16,-1.,0.));
#12785 = ORIENTED_EDGE('',*,*,#12304,.T.);
#12786 = ORIENTED_EDGE('',*,*,#12763,.F.);
#12787 = ORIENTED_EDGE('',*,*,#12212,.F.);
#12788 = PLANE('',#12789);
#12789 = AXIS2_PLACEMENT_3D('',#12790,#12791,#12792);
#12790 = CARTESIAN_POINT('',(1.089673570659,0.2,5.551115123126E-17));
#12791 = DIRECTION('',(0.,0.,1.));
#12792 = DIRECTION('',(1.,1.110223024625E-16,-0.));
#12793 = ADVANCED_FACE('',(#12794),#12800,.T.);
#12794 = FACE_BOUND('',#12795,.T.);
#12795 = EDGE_LOOP('',(#12796,#12797,#12798,#12799));
#12796 = ORIENTED_EDGE('',*,*,#12203,.T.);
#12797 = ORIENTED_EDGE('',*,*,#12780,.T.);
#12798 = ORIENTED_EDGE('',*,*,#12295,.F.);
#12799 = ORIENTED_EDGE('',*,*,#12277,.F.);
#12800 = CYLINDRICAL_SURFACE('',#12801,0.25);
#12801 = AXIS2_PLACEMENT_3D('',#12802,#12803,#12804);
#12802 = CARTESIAN_POINT('',(1.089673570659,0.2,0.25));
#12803 = DIRECTION('',(-1.110223024625E-16,1.,0.));
#12804 = DIRECTION('',(-0.984807753012,-1.093356242223E-16,
    -0.173648177667));
#12805 = ADVANCED_FACE('',(#12806),#12809,.F.);
#12806 = FACE_BOUND('',#12807,.T.);
#12807 = EDGE_LOOP('',(#12808));
#12808 = ORIENTED_EDGE('',*,*,#12423,.F.);
#12809 = PLANE('',#12810);
#12810 = AXIS2_PLACEMENT_3D('',#12811,#12812,#12813);
#12811 = CARTESIAN_POINT('',(-0.428243103516,1.228243103516,1.2));
#12812 = DIRECTION('',(0.,0.,-1.));
#12813 = DIRECTION('',(1.110223024625E-16,-1.,0.));
#12814 = ( GEOMETRIC_REPRESENTATION_CONTEXT(3) 
GLOBAL_UNCERTAINTY_ASSIGNED_CONTEXT((#12818)) 
GLOBAL_UNIT_ASSIGNED_CONTEXT((#12815,#12816,#12817)) 
REPRESENTATION_CONTEXT('Context #1',
  '3D Context with UNIT and UNCERTAINTY') );
#12815 = ( LENGTH_UNIT() NAMED_UNIT(*) SI_UNIT(.MILLI.,.METRE.) );
#12816 = ( NAMED_UNIT(*) PLANE_ANGLE_UNIT() SI_UNIT($,.RADIAN.) );
#12817 = ( NAMED_UNIT(*) SI_UNIT($,.STERADIAN.) SOLID_ANGLE_UNIT() );
#12818 = UNCERTAINTY_MEASURE_WITH_UNIT(LENGTH_MEASURE(1.E-07),#12815,
  'distance_accuracy_value','confusion accuracy');
#12819 = CONTEXT_DEPENDENT_SHAPE_REPRESENTATION(#12820,#12822);
#12820 = ( REPRESENTATION_RELATIONSHIP('','',#10831,#10) 
REPRESENTATION_RELATIONSHIP_WITH_TRANSFORMATION(#12821) 
SHAPE_REPRESENTATION_RELATIONSHIP() );
#12821 = ITEM_DEFINED_TRANSFORMATION('','',#11,#75);
#12822 = PRODUCT_DEFINITION_SHAPE('Placement','Placement of an item',
  #12823);
#12823 = NEXT_ASSEMBLY_USAGE_OCCURRENCE('16','Q1','',#5,#10826,$);
#12824 = PRODUCT_RELATED_PRODUCT_CATEGORY('part',$,(#10828));
#12825 = CONTEXT_DEPENDENT_SHAPE_REPRESENTATION(#12826,#12828);
#12826 = ( REPRESENTATION_RELATIONSHIP('','',#9144,#10) 
REPRESENTATION_RELATIONSHIP_WITH_TRANSFORMATION(#12827) 
SHAPE_REPRESENTATION_RELATIONSHIP() );
#12827 = ITEM_DEFINED_TRANSFORMATION('','',#11,#79);
#12828 = PRODUCT_DEFINITION_SHAPE('Placement','Placement of an item',
  #12829);
#12829 = NEXT_ASSEMBLY_USAGE_OCCURRENCE('17','R5','',#5,#9139,$);
#12830 = CONTEXT_DEPENDENT_SHAPE_REPRESENTATION(#12831,#12833);
#12831 = ( REPRESENTATION_RELATIONSHIP('','',#9144,#10) 
REPRESENTATION_RELATIONSHIP_WITH_TRANSFORMATION(#12832) 
SHAPE_REPRESENTATION_RELATIONSHIP() );
#12832 = ITEM_DEFINED_TRANSFORMATION('','',#11,#83);
#12833 = PRODUCT_DEFINITION_SHAPE('Placement','Placement of an item',
  #12834);
#12834 = NEXT_ASSEMBLY_USAGE_OCCURRENCE('18','R6','',#5,#9139,$);
#12835 = CONTEXT_DEPENDENT_SHAPE_REPRESENTATION(#12836,#12838);
#12836 = ( REPRESENTATION_RELATIONSHIP('','',#9144,#10) 
REPRESENTATION_RELATIONSHIP_WITH_TRANSFORMATION(#12837) 
SHAPE_REPRESENTATION_RELATIONSHIP() );
#12837 = ITEM_DEFINED_TRANSFORMATION('','',#11,#87);
#12838 = PRODUCT_DEFINITION_SHAPE('Placement','Placement of an item',
  #12839);
#12839 = NEXT_ASSEMBLY_USAGE_OCCURRENCE('19','R8','',#5,#9139,$);
#12840 = CONTEXT_DEPENDENT_SHAPE_REPRESENTATION(#12841,#12843);
#12841 = ( REPRESENTATION_RELATIONSHIP('','',#9958,#10) 
REPRESENTATION_RELATIONSHIP_WITH_TRANSFORMATION(#12842) 
SHAPE_REPRESENTATION_RELATIONSHIP() );
#12842 = ITEM_DEFINED_TRANSFORMATION('','',#11,#91);
#12843 = PRODUCT_DEFINITION_SHAPE('Placement','Placement of an item',
  #12844);
#12844 = NEXT_ASSEMBLY_USAGE_OCCURRENCE('20','C1','',#5,#9953,$);
#12845 = SHAPE_DEFINITION_REPRESENTATION(#12846,#12852);
#12846 = PRODUCT_DEFINITION_SHAPE('','',#12847);
#12847 = PRODUCT_DEFINITION('design','',#12848,#12851);
#12848 = PRODUCT_DEFINITION_FORMATION('','',#12849);
#12849 = PRODUCT('TO-252-2','TO-252-2','',(#12850));
#12850 = PRODUCT_CONTEXT('',#2,'mechanical');
#12851 = PRODUCT_DEFINITION_CONTEXT('part definition',#2,'design');
#12852 = SHAPE_REPRESENTATION('',(#11,#12853),#12857);
#12853 = AXIS2_PLACEMENT_3D('',#12854,#12855,#12856);
#12854 = CARTESIAN_POINT('',(0.,0.,0.));
#12855 = DIRECTION('',(0.,0.,1.));
#12856 = DIRECTION('',(1.,0.,0.));
#12857 = ( GEOMETRIC_REPRESENTATION_CONTEXT(3) 
GLOBAL_UNCERTAINTY_ASSIGNED_CONTEXT((#12861)) 
GLOBAL_UNIT_ASSIGNED_CONTEXT((#12858,#12859,#12860)) 
REPRESENTATION_CONTEXT('Context #1',
  '3D Context with UNIT and UNCERTAINTY') );
#12858 = ( LENGTH_UNIT() NAMED_UNIT(*) SI_UNIT(.MILLI.,.METRE.) );
#12859 = ( NAMED_UNIT(*) PLANE_ANGLE_UNIT() SI_UNIT($,.RADIAN.) );
#12860 = ( NAMED_UNIT(*) SI_UNIT($,.STERADIAN.) SOLID_ANGLE_UNIT() );
#12861 = UNCERTAINTY_MEASURE_WITH_UNIT(LENGTH_MEASURE(1.E-07),#12858,
  'distance_accuracy_value','confusion accuracy');
#12862 = CONTEXT_DEPENDENT_SHAPE_REPRESENTATION(#12863,#12865);
#12863 = ( REPRESENTATION_RELATIONSHIP('','',#12852,#10) 
REPRESENTATION_RELATIONSHIP_WITH_TRANSFORMATION(#12864) 
SHAPE_REPRESENTATION_RELATIONSHIP() );
#12864 = ITEM_DEFINED_TRANSFORMATION('','',#11,#95);
#12865 = PRODUCT_DEFINITION_SHAPE('Placement','Placement of an item',
  #12866);
#12866 = NEXT_ASSEMBLY_USAGE_OCCURRENCE('22','U1','',#5,#12847,$);
#12867 = PRODUCT_RELATED_PRODUCT_CATEGORY('part',$,(#12849));
#12868 = SHAPE_DEFINITION_REPRESENTATION(#12869,#12875);
#12869 = PRODUCT_DEFINITION_SHAPE('','',#12870);
#12870 = PRODUCT_DEFINITION('design','',#12871,#12874);
#12871 = PRODUCT_DEFINITION_FORMATION('','',#12872);
#12872 = PRODUCT('lamp-driver 1.21.1','lamp-driver 1.21.1','',(#12873));
#12873 = PRODUCT_CONTEXT('',#2,'mechanical');
#12874 = PRODUCT_DEFINITION_CONTEXT('part definition',#2,'design');
#12875 = SHAPE_REPRESENTATION('',(#11,#12876,#13218,#13706,#14396,#14678
    ),#15368);
#12876 = MANIFOLD_SOLID_BREP('',#12877);
#12877 = CLOSED_SHELL('',(#12878,#12918,#12965,#12989,#13020,#13060,
    #13084,#13101,#13132,#13144,#13172,#13184,#13209));
#12878 = ADVANCED_FACE('',(#12879),#12913,.F.);
#12879 = FACE_BOUND('',#12880,.F.);
#12880 = EDGE_LOOP('',(#12881,#12891,#12899,#12907));
#12881 = ORIENTED_EDGE('',*,*,#12882,.T.);
#12882 = EDGE_CURVE('',#12883,#12885,#12887,.T.);
#12883 = VERTEX_POINT('',#12884);
#12884 = CARTESIAN_POINT('',(-3.11,3.25,0.9));
#12885 = VERTEX_POINT('',#12886);
#12886 = CARTESIAN_POINT('',(-3.11,3.25,0.92));
#12887 = LINE('',#12888,#12889);
#12888 = CARTESIAN_POINT('',(-3.11,3.25,2.E-02));
#12889 = VECTOR('',#12890,1.);
#12890 = DIRECTION('',(0.,0.,1.));
#12891 = ORIENTED_EDGE('',*,*,#12892,.T.);
#12892 = EDGE_CURVE('',#12885,#12893,#12895,.T.);
#12893 = VERTEX_POINT('',#12894);
#12894 = CARTESIAN_POINT('',(-3.11,-3.25,0.92));
#12895 = LINE('',#12896,#12897);
#12896 = CARTESIAN_POINT('',(-3.11,3.25,0.92));
#12897 = VECTOR('',#12898,1.);
#12898 = DIRECTION('',(0.,-1.,0.));
#12899 = ORIENTED_EDGE('',*,*,#12900,.F.);
#12900 = EDGE_CURVE('',#12901,#12893,#12903,.T.);
#12901 = VERTEX_POINT('',#12902);
#12902 = CARTESIAN_POINT('',(-3.11,-3.25,0.9));
#12903 = LINE('',#12904,#12905);
#12904 = CARTESIAN_POINT('',(-3.11,-3.25,2.E-02));
#12905 = VECTOR('',#12906,1.);
#12906 = DIRECTION('',(0.,0.,1.));
#12907 = ORIENTED_EDGE('',*,*,#12908,.F.);
#12908 = EDGE_CURVE('',#12883,#12901,#12909,.T.);
#12909 = LINE('',#12910,#12911);
#12910 = CARTESIAN_POINT('',(-3.11,3.25,0.9));
#12911 = VECTOR('',#12912,1.);
#12912 = DIRECTION('',(0.,-1.,0.));
#12913 = PLANE('',#12914);
#12914 = AXIS2_PLACEMENT_3D('',#12915,#12916,#12917);
#12915 = CARTESIAN_POINT('',(-3.11,3.25,2.E-02));
#12916 = DIRECTION('',(1.,0.,0.));
#12917 = DIRECTION('',(0.,-1.,0.));
#12918 = ADVANCED_FACE('',(#12919),#12960,.F.);
#12919 = FACE_BOUND('',#12920,.F.);
#12920 = EDGE_LOOP('',(#12921,#12922,#12930,#12938,#12946,#12954));
#12921 = ORIENTED_EDGE('',*,*,#12882,.F.);
#12922 = ORIENTED_EDGE('',*,*,#12923,.T.);
#12923 = EDGE_CURVE('',#12883,#12924,#12926,.T.);
#12924 = VERTEX_POINT('',#12925);
#12925 = CARTESIAN_POINT('',(-2.91,3.25,2.E-02));
#12926 = LINE('',#12927,#12928);
#12927 = CARTESIAN_POINT('',(-2.812161100196,3.25,-0.410491159136));
#12928 = VECTOR('',#12929,1.);
#12929 = DIRECTION('',(0.221621103589,0.,-0.975132855791));
#12930 = ORIENTED_EDGE('',*,*,#12931,.F.);
#12931 = EDGE_CURVE('',#12932,#12924,#12934,.T.);
#12932 = VERTEX_POINT('',#12933);
#12933 = CARTESIAN_POINT('',(3.11,3.25,2.E-02));
#12934 = LINE('',#12935,#12936);
#12935 = CARTESIAN_POINT('',(3.11,3.25,2.E-02));
#12936 = VECTOR('',#12937,1.);
#12937 = DIRECTION('',(-1.,0.,0.));
#12938 = ORIENTED_EDGE('',*,*,#12939,.T.);
#12939 = EDGE_CURVE('',#12932,#12940,#12942,.T.);
#12940 = VERTEX_POINT('',#12941);
#12941 = CARTESIAN_POINT('',(3.11,3.25,0.52));
#12942 = LINE('',#12943,#12944);
#12943 = CARTESIAN_POINT('',(3.11,3.25,2.E-02));
#12944 = VECTOR('',#12945,1.);
#12945 = DIRECTION('',(0.,0.,1.));
#12946 = ORIENTED_EDGE('',*,*,#12947,.T.);
#12947 = EDGE_CURVE('',#12940,#12948,#12950,.T.);
#12948 = VERTEX_POINT('',#12949);
#12949 = CARTESIAN_POINT('',(2.998888888889,3.25,0.92));
#12950 = LINE('',#12951,#12952);
#12951 = CARTESIAN_POINT('',(3.04946991404,3.25,0.737908309456));
#12952 = VECTOR('',#12953,1.);
#12953 = DIRECTION('',(-0.267643863786,0.,0.96351790963));
#12954 = ORIENTED_EDGE('',*,*,#12955,.T.);
#12955 = EDGE_CURVE('',#12948,#12885,#12956,.T.);
#12956 = LINE('',#12957,#12958);
#12957 = CARTESIAN_POINT('',(2.61,3.25,0.92));
#12958 = VECTOR('',#12959,1.);
#12959 = DIRECTION('',(-1.,0.,0.));
#12960 = PLANE('',#12961);
#12961 = AXIS2_PLACEMENT_3D('',#12962,#12963,#12964);
#12962 = CARTESIAN_POINT('',(3.11,3.25,2.E-02));
#12963 = DIRECTION('',(0.,-1.,0.));
#12964 = DIRECTION('',(-1.,0.,0.));
#12965 = ADVANCED_FACE('',(#12966),#12984,.T.);
#12966 = FACE_BOUND('',#12967,.F.);
#12967 = EDGE_LOOP('',(#12968,#12969,#12970,#12978));
#12968 = ORIENTED_EDGE('',*,*,#12923,.F.);
#12969 = ORIENTED_EDGE('',*,*,#12908,.T.);
#12970 = ORIENTED_EDGE('',*,*,#12971,.T.);
#12971 = EDGE_CURVE('',#12901,#12972,#12974,.T.);
#12972 = VERTEX_POINT('',#12973);
#12973 = CARTESIAN_POINT('',(-2.91,-3.25,2.E-02));
#12974 = LINE('',#12975,#12976);
#12975 = CARTESIAN_POINT('',(-2.964911591356,-3.25,0.261611001965));
#12976 = VECTOR('',#12977,1.);
#12977 = DIRECTION('',(0.221621103589,0.,-0.975132855791));
#12978 = ORIENTED_EDGE('',*,*,#12979,.F.);
#12979 = EDGE_CURVE('',#12924,#12972,#12980,.T.);
#12980 = LINE('',#12981,#12982);
#12981 = CARTESIAN_POINT('',(-2.91,3.25,2.E-02));
#12982 = VECTOR('',#12983,1.);
#12983 = DIRECTION('',(0.,-1.,0.));
#12984 = PLANE('',#12985);
#12985 = AXIS2_PLACEMENT_3D('',#12986,#12987,#12988);
#12986 = CARTESIAN_POINT('',(-3.01,3.25,0.46));
#12987 = DIRECTION('',(-0.975132855791,0.,-0.221621103589));
#12988 = DIRECTION('',(0.,1.,0.));
#12989 = ADVANCED_FACE('',(#12990),#13015,.F.);
#12990 = FACE_BOUND('',#12991,.F.);
#12991 = EDGE_LOOP('',(#12992,#13002,#13008,#13009));
#12992 = ORIENTED_EDGE('',*,*,#12993,.T.);
#12993 = EDGE_CURVE('',#12994,#12996,#12998,.T.);
#12994 = VERTEX_POINT('',#12995);
#12995 = CARTESIAN_POINT('',(-2.61,2.75,2.32));
#12996 = VERTEX_POINT('',#12997);
#12997 = CARTESIAN_POINT('',(-2.61,-2.75,2.32));
#12998 = LINE('',#12999,#13000);
#12999 = CARTESIAN_POINT('',(-2.61,3.25,2.32));
#13000 = VECTOR('',#13001,1.);
#13001 = DIRECTION('',(0.,-1.,0.));
#13002 = ORIENTED_EDGE('',*,*,#13003,.T.);
#13003 = EDGE_CURVE('',#12996,#12893,#13004,.T.);
#13004 = LINE('',#13005,#13006);
#13005 = CARTESIAN_POINT('',(-2.529715447154,-2.669715447154,
    2.544796747967));
#13006 = VECTOR('',#13007,1.);
#13007 = DIRECTION('',(-0.318788356532,-0.318788356532,-0.892607398289)
  );
#13008 = ORIENTED_EDGE('',*,*,#12892,.F.);
#13009 = ORIENTED_EDGE('',*,*,#13010,.F.);
#13010 = EDGE_CURVE('',#12994,#12885,#13011,.T.);
#13011 = LINE('',#13012,#13013);
#13012 = CARTESIAN_POINT('',(-2.594756097561,2.734756097561,
    2.362682926829));
#13013 = VECTOR('',#13014,1.);
#13014 = DIRECTION('',(-0.318788356532,0.318788356532,-0.892607398289));
#13015 = PLANE('',#13016);
#13016 = AXIS2_PLACEMENT_3D('',#13017,#13018,#13019);
#13017 = CARTESIAN_POINT('',(-2.86,3.25,1.62));
#13018 = DIRECTION('',(0.941741911595,7.015149670815E-18,-0.336336396998
    ));
#13019 = DIRECTION('',(6.606460461117E-18,-1.,-2.359450164685E-18));
#13020 = ADVANCED_FACE('',(#13021),#13055,.F.);
#13021 = FACE_BOUND('',#13022,.F.);
#13022 = EDGE_LOOP('',(#13023,#13024,#13032,#13040,#13048,#13054));
#13023 = ORIENTED_EDGE('',*,*,#12900,.T.);
#13024 = ORIENTED_EDGE('',*,*,#13025,.T.);
#13025 = EDGE_CURVE('',#12893,#13026,#13028,.T.);
#13026 = VERTEX_POINT('',#13027);
#13027 = CARTESIAN_POINT('',(2.998888888889,-3.25,0.92));
#13028 = LINE('',#13029,#13030);
#13029 = CARTESIAN_POINT('',(-2.61,-3.25,0.92));
#13030 = VECTOR('',#13031,1.);
#13031 = DIRECTION('',(1.,0.,0.));
#13032 = ORIENTED_EDGE('',*,*,#13033,.F.);
#13033 = EDGE_CURVE('',#13034,#13026,#13036,.T.);
#13034 = VERTEX_POINT('',#13035);
#13035 = CARTESIAN_POINT('',(3.11,-3.25,0.52));
#13036 = LINE('',#13037,#13038);
#13037 = CARTESIAN_POINT('',(2.826690544413,-3.25,1.539914040115));
#13038 = VECTOR('',#13039,1.);
#13039 = DIRECTION('',(-0.267643863786,0.,0.96351790963));
#13040 = ORIENTED_EDGE('',*,*,#13041,.F.);
#13041 = EDGE_CURVE('',#13042,#13034,#13044,.T.);
#13042 = VERTEX_POINT('',#13043);
#13043 = CARTESIAN_POINT('',(3.11,-3.25,2.E-02));
#13044 = LINE('',#13045,#13046);
#13045 = CARTESIAN_POINT('',(3.11,-3.25,2.E-02));
#13046 = VECTOR('',#13047,1.);
#13047 = DIRECTION('',(0.,0.,1.));
#13048 = ORIENTED_EDGE('',*,*,#13049,.F.);
#13049 = EDGE_CURVE('',#12972,#13042,#13050,.T.);
#13050 = LINE('',#13051,#13052);
#13051 = CARTESIAN_POINT('',(-3.11,-3.25,2.E-02));
#13052 = VECTOR('',#13053,1.);
#13053 = DIRECTION('',(1.,0.,0.));
#13054 = ORIENTED_EDGE('',*,*,#12971,.F.);
#13055 = PLANE('',#13056);
#13056 = AXIS2_PLACEMENT_3D('',#13057,#13058,#13059);
#13057 = CARTESIAN_POINT('',(-3.11,-3.25,2.E-02));
#13058 = DIRECTION('',(0.,1.,0.));
#13059 = DIRECTION('',(1.,0.,0.));
#13060 = ADVANCED_FACE('',(#13061),#13079,.F.);
#13061 = FACE_BOUND('',#13062,.F.);
#13062 = EDGE_LOOP('',(#13063,#13071,#13077,#13078));
#13063 = ORIENTED_EDGE('',*,*,#13064,.F.);
#13064 = EDGE_CURVE('',#13065,#12948,#13067,.T.);
#13065 = VERTEX_POINT('',#13066);
#13066 = CARTESIAN_POINT('',(2.61,2.75,2.32));
#13067 = LINE('',#13068,#13069);
#13068 = CARTESIAN_POINT('',(2.56571473387,2.69306180069,2.479426958068)
  );
#13069 = VECTOR('',#13070,1.);
#13070 = DIRECTION('',(0.253078917766,0.325387179985,-0.911084103957));
#13071 = ORIENTED_EDGE('',*,*,#13072,.T.);
#13072 = EDGE_CURVE('',#13065,#12994,#13073,.T.);
#13073 = LINE('',#13074,#13075);
#13074 = CARTESIAN_POINT('',(2.61,2.75,2.32));
#13075 = VECTOR('',#13076,1.);
#13076 = DIRECTION('',(-1.,0.,0.));
#13077 = ORIENTED_EDGE('',*,*,#13010,.T.);
#13078 = ORIENTED_EDGE('',*,*,#12955,.F.);
#13079 = PLANE('',#13080);
#13080 = AXIS2_PLACEMENT_3D('',#13081,#13082,#13083);
#13081 = CARTESIAN_POINT('',(2.61,3.,1.62));
#13082 = DIRECTION('',(7.015149670815E-18,-0.941741911595,
    -0.336336396998));
#13083 = DIRECTION('',(-1.,-6.606460461117E-18,-2.359450164685E-18));
#13084 = ADVANCED_FACE('',(#13085),#13096,.F.);
#13085 = FACE_BOUND('',#13086,.F.);
#13086 = EDGE_LOOP('',(#13087,#13088,#13094,#13095));
#13087 = ORIENTED_EDGE('',*,*,#13049,.T.);
#13088 = ORIENTED_EDGE('',*,*,#13089,.T.);
#13089 = EDGE_CURVE('',#13042,#12932,#13090,.T.);
#13090 = LINE('',#13091,#13092);
#13091 = CARTESIAN_POINT('',(3.11,-3.25,2.E-02));
#13092 = VECTOR('',#13093,1.);
#13093 = DIRECTION('',(0.,1.,0.));
#13094 = ORIENTED_EDGE('',*,*,#12931,.T.);
#13095 = ORIENTED_EDGE('',*,*,#12979,.T.);
#13096 = PLANE('',#13097);
#13097 = AXIS2_PLACEMENT_3D('',#13098,#13099,#13100);
#13098 = CARTESIAN_POINT('',(-1.396506949214E-16,0.,2.E-02));
#13099 = DIRECTION('',(4.070108102062E-35,-3.727005214102E-35,1.));
#13100 = DIRECTION('',(1.,0.,-4.070108102062E-35));
#13101 = ADVANCED_FACE('',(#13102),#13127,.F.);
#13102 = FACE_BOUND('',#13103,.T.);
#13103 = EDGE_LOOP('',(#13104,#13112,#13118,#13119,#13125,#13126));
#13104 = ORIENTED_EDGE('',*,*,#13105,.F.);
#13105 = EDGE_CURVE('',#13106,#13065,#13108,.T.);
#13106 = VERTEX_POINT('',#13107);
#13107 = CARTESIAN_POINT('',(2.61,-2.75,2.32));
#13108 = LINE('',#13109,#13110);
#13109 = CARTESIAN_POINT('',(2.61,-3.25,2.32));
#13110 = VECTOR('',#13111,1.);
#13111 = DIRECTION('',(0.,1.,0.));
#13112 = ORIENTED_EDGE('',*,*,#13113,.T.);
#13113 = EDGE_CURVE('',#13106,#13026,#13114,.T.);
#13114 = LINE('',#13115,#13116);
#13115 = CARTESIAN_POINT('',(2.666180069016,-2.822231517306,
    2.117751751542));
#13116 = VECTOR('',#13117,1.);
#13117 = DIRECTION('',(0.253078917766,-0.325387179985,-0.911084103957));
#13118 = ORIENTED_EDGE('',*,*,#13033,.F.);
#13119 = ORIENTED_EDGE('',*,*,#13120,.T.);
#13120 = EDGE_CURVE('',#13034,#12940,#13121,.T.);
#13121 = LINE('',#13122,#13123);
#13122 = CARTESIAN_POINT('',(3.11,-3.25,0.52));
#13123 = VECTOR('',#13124,1.);
#13124 = DIRECTION('',(0.,1.,0.));
#13125 = ORIENTED_EDGE('',*,*,#12947,.T.);
#13126 = ORIENTED_EDGE('',*,*,#13064,.F.);
#13127 = PLANE('',#13128);
#13128 = AXIS2_PLACEMENT_3D('',#13129,#13130,#13131);
#13129 = CARTESIAN_POINT('',(2.86,-3.25,1.42));
#13130 = DIRECTION('',(-0.96351790963,0.,-0.267643863786));
#13131 = DIRECTION('',(0.,-1.,0.));
#13132 = ADVANCED_FACE('',(#13133),#13139,.F.);
#13133 = FACE_BOUND('',#13134,.F.);
#13134 = EDGE_LOOP('',(#13135,#13136,#13137,#13138));
#13135 = ORIENTED_EDGE('',*,*,#13041,.T.);
#13136 = ORIENTED_EDGE('',*,*,#13120,.T.);
#13137 = ORIENTED_EDGE('',*,*,#12939,.F.);
#13138 = ORIENTED_EDGE('',*,*,#13089,.F.);
#13139 = PLANE('',#13140);
#13140 = AXIS2_PLACEMENT_3D('',#13141,#13142,#13143);
#13141 = CARTESIAN_POINT('',(3.11,-3.25,2.E-02));
#13142 = DIRECTION('',(-1.,0.,0.));
#13143 = DIRECTION('',(0.,1.,0.));
#13144 = ADVANCED_FACE('',(#13145,#13156),#13167,.T.);
#13145 = FACE_BOUND('',#13146,.T.);
#13146 = EDGE_LOOP('',(#13147,#13148,#13154,#13155));
#13147 = ORIENTED_EDGE('',*,*,#12993,.T.);
#13148 = ORIENTED_EDGE('',*,*,#13149,.T.);
#13149 = EDGE_CURVE('',#12996,#13106,#13150,.T.);
#13150 = LINE('',#13151,#13152);
#13151 = CARTESIAN_POINT('',(-2.61,-2.75,2.32));
#13152 = VECTOR('',#13153,1.);
#13153 = DIRECTION('',(1.,0.,0.));
#13154 = ORIENTED_EDGE('',*,*,#13105,.T.);
#13155 = ORIENTED_EDGE('',*,*,#13072,.T.);
#13156 = FACE_BOUND('',#13157,.T.);
#13157 = EDGE_LOOP('',(#13158));
#13158 = ORIENTED_EDGE('',*,*,#13159,.T.);
#13159 = EDGE_CURVE('',#13160,#13160,#13162,.T.);
#13160 = VERTEX_POINT('',#13161);
#13161 = CARTESIAN_POINT('',(-2.,-1.118303597555E-16,2.32));
#13162 = CIRCLE('',#13163,0.5);
#13163 = AXIS2_PLACEMENT_3D('',#13164,#13165,#13166);
#13164 = CARTESIAN_POINT('',(-1.5,1.063432015924E-17,2.32));
#13165 = DIRECTION('',(-4.070108102062E-35,3.727005214102E-35,-1.));
#13166 = DIRECTION('',(-1.,-1.516931411834E-69,4.070108102062E-35));
#13167 = PLANE('',#13168);
#13168 = AXIS2_PLACEMENT_3D('',#13169,#13170,#13171);
#13169 = CARTESIAN_POINT('',(-1.396506949214E-16,0.,2.32));
#13170 = DIRECTION('',(4.070108102062E-35,-3.727005214102E-35,1.));
#13171 = DIRECTION('',(1.,0.,-4.070108102062E-35));
#13172 = ADVANCED_FACE('',(#13173),#13179,.F.);
#13173 = FACE_BOUND('',#13174,.F.);
#13174 = EDGE_LOOP('',(#13175,#13176,#13177,#13178));
#13175 = ORIENTED_EDGE('',*,*,#13003,.F.);
#13176 = ORIENTED_EDGE('',*,*,#13149,.T.);
#13177 = ORIENTED_EDGE('',*,*,#13113,.T.);
#13178 = ORIENTED_EDGE('',*,*,#13025,.F.);
#13179 = PLANE('',#13180);
#13180 = AXIS2_PLACEMENT_3D('',#13181,#13182,#13183);
#13181 = CARTESIAN_POINT('',(-2.61,-3.,1.62));
#13182 = DIRECTION('',(-7.015149670815E-18,0.941741911595,
    -0.336336396998));
#13183 = DIRECTION('',(1.,6.606460461117E-18,-2.359450164685E-18));
#13184 = ADVANCED_FACE('',(#13185),#13204,.F.);
#13185 = FACE_BOUND('',#13186,.F.);
#13186 = EDGE_LOOP('',(#13187,#13196,#13202,#13203));
#13187 = ORIENTED_EDGE('',*,*,#13188,.F.);
#13188 = EDGE_CURVE('',#13189,#13189,#13191,.T.);
#13189 = VERTEX_POINT('',#13190);
#13190 = CARTESIAN_POINT('',(-2.,-1.118303597555E-16,2.22));
#13191 = CIRCLE('',#13192,0.5);
#13192 = AXIS2_PLACEMENT_3D('',#13193,#13194,#13195);
#13193 = CARTESIAN_POINT('',(-1.5,1.063432015924E-17,2.22));
#13194 = DIRECTION('',(-4.070108102062E-35,3.727005214102E-35,-1.));
#13195 = DIRECTION('',(-1.,-1.516931411834E-69,4.070108102062E-35));
#13196 = ORIENTED_EDGE('',*,*,#13197,.F.);
#13197 = EDGE_CURVE('',#13160,#13189,#13198,.T.);
#13198 = LINE('',#13199,#13200);
#13199 = CARTESIAN_POINT('',(-2.,-1.118303597555E-16,2.32));
#13200 = VECTOR('',#13201,1.);
#13201 = DIRECTION('',(-4.070108102062E-35,3.727005214102E-35,-1.));
#13202 = ORIENTED_EDGE('',*,*,#13159,.T.);
#13203 = ORIENTED_EDGE('',*,*,#13197,.T.);
#13204 = CYLINDRICAL_SURFACE('',#13205,0.5);
#13205 = AXIS2_PLACEMENT_3D('',#13206,#13207,#13208);
#13206 = CARTESIAN_POINT('',(-1.5,1.063432015924E-17,2.32));
#13207 = DIRECTION('',(-4.070108102062E-35,3.727005214102E-35,-1.));
#13208 = DIRECTION('',(-1.,-1.516931411834E-69,4.070108102062E-35));
#13209 = ADVANCED_FACE('',(#13210),#13213,.F.);
#13210 = FACE_BOUND('',#13211,.F.);
#13211 = EDGE_LOOP('',(#13212));
#13212 = ORIENTED_EDGE('',*,*,#13188,.T.);
#13213 = PLANE('',#13214);
#13214 = AXIS2_PLACEMENT_3D('',#13215,#13216,#13217);
#13215 = CARTESIAN_POINT('',(-1.5,1.063432015924E-17,2.22));
#13216 = DIRECTION('',(-4.070108102062E-35,3.727005214102E-35,-1.));
#13217 = DIRECTION('',(-1.,-1.516931411834E-69,4.070108102062E-35));
#13218 = MANIFOLD_SOLID_BREP('',#13219);
#13219 = CLOSED_SHELL('',(#13220,#13260,#13293,#13400,#13425,#13524,
    #13541,#13558,#13575,#13592,#13609,#13626,#13643,#13660,#13677,
    #13694));
#13220 = ADVANCED_FACE('',(#13221),#13255,.T.);
#13221 = FACE_BOUND('',#13222,.T.);
#13222 = EDGE_LOOP('',(#13223,#13233,#13241,#13249));
#13223 = ORIENTED_EDGE('',*,*,#13224,.F.);
#13224 = EDGE_CURVE('',#13225,#13227,#13229,.T.);
#13225 = VERTEX_POINT('',#13226);
#13226 = CARTESIAN_POINT('',(4.11,-2.66,0.));
#13227 = VERTEX_POINT('',#13228);
#13228 = CARTESIAN_POINT('',(4.11,-2.66,0.5));
#13229 = LINE('',#13230,#13231);
#13230 = CARTESIAN_POINT('',(4.11,-2.66,0.));
#13231 = VECTOR('',#13232,1.);
#13232 = DIRECTION('',(0.,0.,1.));
#13233 = ORIENTED_EDGE('',*,*,#13234,.T.);
#13234 = EDGE_CURVE('',#13225,#13235,#13237,.T.);
#13235 = VERTEX_POINT('',#13236);
#13236 = CARTESIAN_POINT('',(4.11,-1.97,0.));
#13237 = LINE('',#13238,#13239);
#13238 = CARTESIAN_POINT('',(4.11,-2.7,0.));
#13239 = VECTOR('',#13240,1.);
#13240 = DIRECTION('',(0.,1.,0.));
#13241 = ORIENTED_EDGE('',*,*,#13242,.F.);
#13242 = EDGE_CURVE('',#13243,#13235,#13245,.T.);
#13243 = VERTEX_POINT('',#13244);
#13244 = CARTESIAN_POINT('',(4.11,-1.97,0.5));
#13245 = LINE('',#13246,#13247);
#13246 = CARTESIAN_POINT('',(4.11,-1.97,0.));
#13247 = VECTOR('',#13248,1.);
#13248 = DIRECTION('',(-0.,-0.,-1.));
#13249 = ORIENTED_EDGE('',*,*,#13250,.T.);
#13250 = EDGE_CURVE('',#13243,#13227,#13251,.T.);
#13251 = LINE('',#13252,#13253);
#13252 = CARTESIAN_POINT('',(4.11,2.7,0.5));
#13253 = VECTOR('',#13254,1.);
#13254 = DIRECTION('',(0.,-1.,0.));
#13255 = PLANE('',#13256);
#13256 = AXIS2_PLACEMENT_3D('',#13257,#13258,#13259);
#13257 = CARTESIAN_POINT('',(4.11,0.,0.));
#13258 = DIRECTION('',(1.,0.,0.));
#13259 = DIRECTION('',(0.,-1.,0.));
#13260 = ADVANCED_FACE('',(#13261),#13288,.T.);
#13261 = FACE_BOUND('',#13262,.T.);
#13262 = EDGE_LOOP('',(#13263,#13264,#13273,#13281));
#13263 = ORIENTED_EDGE('',*,*,#13224,.T.);
#13264 = ORIENTED_EDGE('',*,*,#13265,.T.);
#13265 = EDGE_CURVE('',#13227,#13266,#13268,.T.);
#13266 = VERTEX_POINT('',#13267);
#13267 = CARTESIAN_POINT('',(4.07,-2.7,0.5));
#13268 = CIRCLE('',#13269,4.E-02);
#13269 = AXIS2_PLACEMENT_3D('',#13270,#13271,#13272);
#13270 = CARTESIAN_POINT('',(4.07,-2.66,0.5));
#13271 = DIRECTION('',(-0.,-0.,-1.));
#13272 = DIRECTION('',(0.,-1.,0.));
#13273 = ORIENTED_EDGE('',*,*,#13274,.F.);
#13274 = EDGE_CURVE('',#13275,#13266,#13277,.T.);
#13275 = VERTEX_POINT('',#13276);
#13276 = CARTESIAN_POINT('',(4.07,-2.7,0.));
#13277 = LINE('',#13278,#13279);
#13278 = CARTESIAN_POINT('',(4.07,-2.7,0.));
#13279 = VECTOR('',#13280,1.);
#13280 = DIRECTION('',(0.,0.,1.));
#13281 = ORIENTED_EDGE('',*,*,#13282,.F.);
#13282 = EDGE_CURVE('',#13225,#13275,#13283,.T.);
#13283 = CIRCLE('',#13284,4.E-02);
#13284 = AXIS2_PLACEMENT_3D('',#13285,#13286,#13287);
#13285 = CARTESIAN_POINT('',(4.07,-2.66,0.));
#13286 = DIRECTION('',(-0.,-0.,-1.));
#13287 = DIRECTION('',(0.,-1.,0.));
#13288 = CYLINDRICAL_SURFACE('',#13289,4.E-02);
#13289 = AXIS2_PLACEMENT_3D('',#13290,#13291,#13292);
#13290 = CARTESIAN_POINT('',(4.07,-2.66,0.));
#13291 = DIRECTION('',(0.,0.,1.));
#13292 = DIRECTION('',(1.,0.,0.));
#13293 = ADVANCED_FACE('',(#13294),#13395,.F.);
#13294 = FACE_BOUND('',#13295,.F.);
#13295 = EDGE_LOOP('',(#13296,#13297,#13305,#13313,#13321,#13329,#13337,
    #13345,#13353,#13362,#13370,#13379,#13387,#13394));
#13296 = ORIENTED_EDGE('',*,*,#13265,.T.);
#13297 = ORIENTED_EDGE('',*,*,#13298,.T.);
#13298 = EDGE_CURVE('',#13266,#13299,#13301,.T.);
#13299 = VERTEX_POINT('',#13300);
#13300 = CARTESIAN_POINT('',(3.11,-2.7,0.5));
#13301 = LINE('',#13302,#13303);
#13302 = CARTESIAN_POINT('',(4.11,-2.7,0.5));
#13303 = VECTOR('',#13304,1.);
#13304 = DIRECTION('',(-1.,0.,0.));
#13305 = ORIENTED_EDGE('',*,*,#13306,.T.);
#13306 = EDGE_CURVE('',#13299,#13307,#13309,.T.);
#13307 = VERTEX_POINT('',#13308);
#13308 = CARTESIAN_POINT('',(3.11,-2.16,0.5));
#13309 = LINE('',#13310,#13311);
#13310 = CARTESIAN_POINT('',(3.11,-2.7,0.5));
#13311 = VECTOR('',#13312,1.);
#13312 = DIRECTION('',(0.,1.,0.));
#13313 = ORIENTED_EDGE('',*,*,#13314,.T.);
#13314 = EDGE_CURVE('',#13307,#13315,#13317,.T.);
#13315 = VERTEX_POINT('',#13316);
#13316 = CARTESIAN_POINT('',(-1.13,-2.16,0.5));
#13317 = LINE('',#13318,#13319);
#13318 = CARTESIAN_POINT('',(3.11,-2.16,0.5));
#13319 = VECTOR('',#13320,1.);
#13320 = DIRECTION('',(-1.,0.,0.));
#13321 = ORIENTED_EDGE('',*,*,#13322,.T.);
#13322 = EDGE_CURVE('',#13315,#13323,#13325,.T.);
#13323 = VERTEX_POINT('',#13324);
#13324 = CARTESIAN_POINT('',(-1.13,2.16,0.5));
#13325 = LINE('',#13326,#13327);
#13326 = CARTESIAN_POINT('',(-1.13,-2.16,0.5));
#13327 = VECTOR('',#13328,1.);
#13328 = DIRECTION('',(0.,1.,0.));
#13329 = ORIENTED_EDGE('',*,*,#13330,.T.);
#13330 = EDGE_CURVE('',#13323,#13331,#13333,.T.);
#13331 = VERTEX_POINT('',#13332);
#13332 = CARTESIAN_POINT('',(3.11,2.16,0.5));
#13333 = LINE('',#13334,#13335);
#13334 = CARTESIAN_POINT('',(-1.13,2.16,0.5));
#13335 = VECTOR('',#13336,1.);
#13336 = DIRECTION('',(1.,0.,0.));
#13337 = ORIENTED_EDGE('',*,*,#13338,.T.);
#13338 = EDGE_CURVE('',#13331,#13339,#13341,.T.);
#13339 = VERTEX_POINT('',#13340);
#13340 = CARTESIAN_POINT('',(3.11,2.7,0.5));
#13341 = LINE('',#13342,#13343);
#13342 = CARTESIAN_POINT('',(3.11,2.16,0.5));
#13343 = VECTOR('',#13344,1.);
#13344 = DIRECTION('',(0.,1.,0.));
#13345 = ORIENTED_EDGE('',*,*,#13346,.T.);
#13346 = EDGE_CURVE('',#13339,#13347,#13349,.T.);
#13347 = VERTEX_POINT('',#13348);
#13348 = CARTESIAN_POINT('',(4.07,2.7,0.5));
#13349 = LINE('',#13350,#13351);
#13350 = CARTESIAN_POINT('',(3.11,2.7,0.5));
#13351 = VECTOR('',#13352,1.);
#13352 = DIRECTION('',(1.,0.,0.));
#13353 = ORIENTED_EDGE('',*,*,#13354,.F.);
#13354 = EDGE_CURVE('',#13355,#13347,#13357,.T.);
#13355 = VERTEX_POINT('',#13356);
#13356 = CARTESIAN_POINT('',(4.11,2.66,0.5));
#13357 = CIRCLE('',#13358,4.E-02);
#13358 = AXIS2_PLACEMENT_3D('',#13359,#13360,#13361);
#13359 = CARTESIAN_POINT('',(4.07,2.66,0.5));
#13360 = DIRECTION('',(-0.,0.,1.));
#13361 = DIRECTION('',(0.,-1.,0.));
#13362 = ORIENTED_EDGE('',*,*,#13363,.T.);
#13363 = EDGE_CURVE('',#13355,#13364,#13366,.T.);
#13364 = VERTEX_POINT('',#13365);
#13365 = CARTESIAN_POINT('',(4.11,1.97,0.5));
#13366 = LINE('',#13367,#13368);
#13367 = CARTESIAN_POINT('',(4.11,2.7,0.5));
#13368 = VECTOR('',#13369,1.);
#13369 = DIRECTION('',(0.,-1.,0.));
#13370 = ORIENTED_EDGE('',*,*,#13371,.F.);
#13371 = EDGE_CURVE('',#13372,#13364,#13374,.T.);
#13372 = VERTEX_POINT('',#13373);
#13373 = CARTESIAN_POINT('',(4.03,1.89,0.5));
#13374 = CIRCLE('',#13375,8.E-02);
#13375 = AXIS2_PLACEMENT_3D('',#13376,#13377,#13378);
#13376 = CARTESIAN_POINT('',(4.11,1.89,0.5));
#13377 = DIRECTION('',(0.,0.,-1.));
#13378 = DIRECTION('',(1.,0.,0.));
#13379 = ORIENTED_EDGE('',*,*,#13380,.T.);
#13380 = EDGE_CURVE('',#13372,#13381,#13383,.T.);
#13381 = VERTEX_POINT('',#13382);
#13382 = CARTESIAN_POINT('',(4.03,-1.89,0.5));
#13383 = LINE('',#13384,#13385);
#13384 = CARTESIAN_POINT('',(4.03,1.89,0.5));
#13385 = VECTOR('',#13386,1.);
#13386 = DIRECTION('',(0.,-1.,0.));
#13387 = ORIENTED_EDGE('',*,*,#13388,.F.);
#13388 = EDGE_CURVE('',#13243,#13381,#13389,.T.);
#13389 = CIRCLE('',#13390,8.E-02);
#13390 = AXIS2_PLACEMENT_3D('',#13391,#13392,#13393);
#13391 = CARTESIAN_POINT('',(4.11,-1.89,0.5));
#13392 = DIRECTION('',(0.,0.,-1.));
#13393 = DIRECTION('',(1.,0.,0.));
#13394 = ORIENTED_EDGE('',*,*,#13250,.T.);
#13395 = PLANE('',#13396);
#13396 = AXIS2_PLACEMENT_3D('',#13397,#13398,#13399);
#13397 = CARTESIAN_POINT('',(1.705187969925,6.260656153901E-17,0.5));
#13398 = DIRECTION('',(-0.,-0.,-1.));
#13399 = DIRECTION('',(-1.,0.,0.));
#13400 = ADVANCED_FACE('',(#13401),#13420,.F.);
#13401 = FACE_BOUND('',#13402,.F.);
#13402 = EDGE_LOOP('',(#13403,#13404,#13412,#13419));
#13403 = ORIENTED_EDGE('',*,*,#13388,.T.);
#13404 = ORIENTED_EDGE('',*,*,#13405,.F.);
#13405 = EDGE_CURVE('',#13406,#13381,#13408,.T.);
#13406 = VERTEX_POINT('',#13407);
#13407 = CARTESIAN_POINT('',(4.03,-1.89,0.));
#13408 = LINE('',#13409,#13410);
#13409 = CARTESIAN_POINT('',(4.03,-1.89,0.));
#13410 = VECTOR('',#13411,1.);
#13411 = DIRECTION('',(0.,0.,1.));
#13412 = ORIENTED_EDGE('',*,*,#13413,.T.);
#13413 = EDGE_CURVE('',#13406,#13235,#13414,.T.);
#13414 = CIRCLE('',#13415,8.E-02);
#13415 = AXIS2_PLACEMENT_3D('',#13416,#13417,#13418);
#13416 = CARTESIAN_POINT('',(4.11,-1.89,0.));
#13417 = DIRECTION('',(0.,0.,1.));
#13418 = DIRECTION('',(1.,0.,0.));
#13419 = ORIENTED_EDGE('',*,*,#13242,.F.);
#13420 = CYLINDRICAL_SURFACE('',#13421,8.E-02);
#13421 = AXIS2_PLACEMENT_3D('',#13422,#13423,#13424);
#13422 = CARTESIAN_POINT('',(4.11,-1.89,0.));
#13423 = DIRECTION('',(-0.,-0.,-1.));
#13424 = DIRECTION('',(1.,0.,0.));
#13425 = ADVANCED_FACE('',(#13426),#13519,.T.);
#13426 = FACE_BOUND('',#13427,.T.);
#13427 = EDGE_LOOP('',(#13428,#13429,#13430,#13438,#13446,#13454,#13462,
    #13470,#13478,#13486,#13495,#13503,#13512,#13518));
#13428 = ORIENTED_EDGE('',*,*,#13234,.F.);
#13429 = ORIENTED_EDGE('',*,*,#13282,.T.);
#13430 = ORIENTED_EDGE('',*,*,#13431,.T.);
#13431 = EDGE_CURVE('',#13275,#13432,#13434,.T.);
#13432 = VERTEX_POINT('',#13433);
#13433 = CARTESIAN_POINT('',(3.11,-2.7,0.));
#13434 = LINE('',#13435,#13436);
#13435 = CARTESIAN_POINT('',(4.11,-2.7,0.));
#13436 = VECTOR('',#13437,1.);
#13437 = DIRECTION('',(-1.,0.,0.));
#13438 = ORIENTED_EDGE('',*,*,#13439,.T.);
#13439 = EDGE_CURVE('',#13432,#13440,#13442,.T.);
#13440 = VERTEX_POINT('',#13441);
#13441 = CARTESIAN_POINT('',(3.11,-2.16,0.));
#13442 = LINE('',#13443,#13444);
#13443 = CARTESIAN_POINT('',(3.11,-2.7,0.));
#13444 = VECTOR('',#13445,1.);
#13445 = DIRECTION('',(0.,1.,0.));
#13446 = ORIENTED_EDGE('',*,*,#13447,.T.);
#13447 = EDGE_CURVE('',#13440,#13448,#13450,.T.);
#13448 = VERTEX_POINT('',#13449);
#13449 = CARTESIAN_POINT('',(-1.13,-2.16,0.));
#13450 = LINE('',#13451,#13452);
#13451 = CARTESIAN_POINT('',(3.11,-2.16,0.));
#13452 = VECTOR('',#13453,1.);
#13453 = DIRECTION('',(-1.,0.,0.));
#13454 = ORIENTED_EDGE('',*,*,#13455,.T.);
#13455 = EDGE_CURVE('',#13448,#13456,#13458,.T.);
#13456 = VERTEX_POINT('',#13457);
#13457 = CARTESIAN_POINT('',(-1.13,2.16,0.));
#13458 = LINE('',#13459,#13460);
#13459 = CARTESIAN_POINT('',(-1.13,-2.16,0.));
#13460 = VECTOR('',#13461,1.);
#13461 = DIRECTION('',(0.,1.,0.));
#13462 = ORIENTED_EDGE('',*,*,#13463,.T.);
#13463 = EDGE_CURVE('',#13456,#13464,#13466,.T.);
#13464 = VERTEX_POINT('',#13465);
#13465 = CARTESIAN_POINT('',(3.11,2.16,0.));
#13466 = LINE('',#13467,#13468);
#13467 = CARTESIAN_POINT('',(-1.13,2.16,0.));
#13468 = VECTOR('',#13469,1.);
#13469 = DIRECTION('',(1.,0.,0.));
#13470 = ORIENTED_EDGE('',*,*,#13471,.T.);
#13471 = EDGE_CURVE('',#13464,#13472,#13474,.T.);
#13472 = VERTEX_POINT('',#13473);
#13473 = CARTESIAN_POINT('',(3.11,2.7,0.));
#13474 = LINE('',#13475,#13476);
#13475 = CARTESIAN_POINT('',(3.11,2.16,0.));
#13476 = VECTOR('',#13477,1.);
#13477 = DIRECTION('',(0.,1.,0.));
#13478 = ORIENTED_EDGE('',*,*,#13479,.T.);
#13479 = EDGE_CURVE('',#13472,#13480,#13482,.T.);
#13480 = VERTEX_POINT('',#13481);
#13481 = CARTESIAN_POINT('',(4.07,2.7,0.));
#13482 = LINE('',#13483,#13484);
#13483 = CARTESIAN_POINT('',(3.11,2.7,0.));
#13484 = VECTOR('',#13485,1.);
#13485 = DIRECTION('',(1.,0.,0.));
#13486 = ORIENTED_EDGE('',*,*,#13487,.F.);
#13487 = EDGE_CURVE('',#13488,#13480,#13490,.T.);
#13488 = VERTEX_POINT('',#13489);
#13489 = CARTESIAN_POINT('',(4.11,2.66,0.));
#13490 = CIRCLE('',#13491,4.E-02);
#13491 = AXIS2_PLACEMENT_3D('',#13492,#13493,#13494);
#13492 = CARTESIAN_POINT('',(4.07,2.66,0.));
#13493 = DIRECTION('',(-0.,0.,1.));
#13494 = DIRECTION('',(0.,-1.,0.));
#13495 = ORIENTED_EDGE('',*,*,#13496,.F.);
#13496 = EDGE_CURVE('',#13497,#13488,#13499,.T.);
#13497 = VERTEX_POINT('',#13498);
#13498 = CARTESIAN_POINT('',(4.11,1.97,0.));
#13499 = LINE('',#13500,#13501);
#13500 = CARTESIAN_POINT('',(4.11,-2.7,0.));
#13501 = VECTOR('',#13502,1.);
#13502 = DIRECTION('',(0.,1.,0.));
#13503 = ORIENTED_EDGE('',*,*,#13504,.T.);
#13504 = EDGE_CURVE('',#13497,#13505,#13507,.T.);
#13505 = VERTEX_POINT('',#13506);
#13506 = CARTESIAN_POINT('',(4.03,1.89,0.));
#13507 = CIRCLE('',#13508,8.E-02);
#13508 = AXIS2_PLACEMENT_3D('',#13509,#13510,#13511);
#13509 = CARTESIAN_POINT('',(4.11,1.89,0.));
#13510 = DIRECTION('',(0.,0.,1.));
#13511 = DIRECTION('',(1.,0.,0.));
#13512 = ORIENTED_EDGE('',*,*,#13513,.T.);
#13513 = EDGE_CURVE('',#13505,#13406,#13514,.T.);
#13514 = LINE('',#13515,#13516);
#13515 = CARTESIAN_POINT('',(4.03,1.89,0.));
#13516 = VECTOR('',#13517,1.);
#13517 = DIRECTION('',(0.,-1.,0.));
#13518 = ORIENTED_EDGE('',*,*,#13413,.T.);
#13519 = PLANE('',#13520);
#13520 = AXIS2_PLACEMENT_3D('',#13521,#13522,#13523);
#13521 = CARTESIAN_POINT('',(1.705187969925,6.260656153901E-17,0.));
#13522 = DIRECTION('',(-0.,-0.,-1.));
#13523 = DIRECTION('',(-1.,0.,0.));
#13524 = ADVANCED_FACE('',(#13525),#13536,.T.);
#13525 = FACE_BOUND('',#13526,.T.);
#13526 = EDGE_LOOP('',(#13527,#13528,#13529,#13530));
#13527 = ORIENTED_EDGE('',*,*,#13431,.F.);
#13528 = ORIENTED_EDGE('',*,*,#13274,.T.);
#13529 = ORIENTED_EDGE('',*,*,#13298,.T.);
#13530 = ORIENTED_EDGE('',*,*,#13531,.F.);
#13531 = EDGE_CURVE('',#13432,#13299,#13532,.T.);
#13532 = LINE('',#13533,#13534);
#13533 = CARTESIAN_POINT('',(3.11,-2.7,0.));
#13534 = VECTOR('',#13535,1.);
#13535 = DIRECTION('',(0.,0.,1.));
#13536 = PLANE('',#13537);
#13537 = AXIS2_PLACEMENT_3D('',#13538,#13539,#13540);
#13538 = CARTESIAN_POINT('',(4.11,-2.7,0.));
#13539 = DIRECTION('',(0.,-1.,0.));
#13540 = DIRECTION('',(-1.,0.,0.));
#13541 = ADVANCED_FACE('',(#13542),#13553,.T.);
#13542 = FACE_BOUND('',#13543,.T.);
#13543 = EDGE_LOOP('',(#13544,#13550,#13551,#13552));
#13544 = ORIENTED_EDGE('',*,*,#13545,.T.);
#13545 = EDGE_CURVE('',#13505,#13372,#13546,.T.);
#13546 = LINE('',#13547,#13548);
#13547 = CARTESIAN_POINT('',(4.03,1.89,0.));
#13548 = VECTOR('',#13549,1.);
#13549 = DIRECTION('',(0.,0.,1.));
#13550 = ORIENTED_EDGE('',*,*,#13380,.T.);
#13551 = ORIENTED_EDGE('',*,*,#13405,.F.);
#13552 = ORIENTED_EDGE('',*,*,#13513,.F.);
#13553 = PLANE('',#13554);
#13554 = AXIS2_PLACEMENT_3D('',#13555,#13556,#13557);
#13555 = CARTESIAN_POINT('',(4.03,1.89,0.));
#13556 = DIRECTION('',(1.,0.,0.));
#13557 = DIRECTION('',(0.,-1.,0.));
#13558 = ADVANCED_FACE('',(#13559),#13570,.F.);
#13559 = FACE_BOUND('',#13560,.F.);
#13560 = EDGE_LOOP('',(#13561,#13562,#13563,#13569));
#13561 = ORIENTED_EDGE('',*,*,#13545,.T.);
#13562 = ORIENTED_EDGE('',*,*,#13371,.T.);
#13563 = ORIENTED_EDGE('',*,*,#13564,.T.);
#13564 = EDGE_CURVE('',#13364,#13497,#13565,.T.);
#13565 = LINE('',#13566,#13567);
#13566 = CARTESIAN_POINT('',(4.11,1.97,0.));
#13567 = VECTOR('',#13568,1.);
#13568 = DIRECTION('',(-0.,-0.,-1.));
#13569 = ORIENTED_EDGE('',*,*,#13504,.T.);
#13570 = CYLINDRICAL_SURFACE('',#13571,8.E-02);
#13571 = AXIS2_PLACEMENT_3D('',#13572,#13573,#13574);
#13572 = CARTESIAN_POINT('',(4.11,1.89,0.));
#13573 = DIRECTION('',(-0.,-0.,-1.));
#13574 = DIRECTION('',(1.,0.,0.));
#13575 = ADVANCED_FACE('',(#13576),#13587,.T.);
#13576 = FACE_BOUND('',#13577,.T.);
#13577 = EDGE_LOOP('',(#13578,#13579,#13580,#13586));
#13578 = ORIENTED_EDGE('',*,*,#13564,.T.);
#13579 = ORIENTED_EDGE('',*,*,#13496,.T.);
#13580 = ORIENTED_EDGE('',*,*,#13581,.T.);
#13581 = EDGE_CURVE('',#13488,#13355,#13582,.T.);
#13582 = LINE('',#13583,#13584);
#13583 = CARTESIAN_POINT('',(4.11,2.66,0.));
#13584 = VECTOR('',#13585,1.);
#13585 = DIRECTION('',(0.,0.,1.));
#13586 = ORIENTED_EDGE('',*,*,#13363,.T.);
#13587 = PLANE('',#13588);
#13588 = AXIS2_PLACEMENT_3D('',#13589,#13590,#13591);
#13589 = CARTESIAN_POINT('',(4.11,0.,0.));
#13590 = DIRECTION('',(1.,0.,0.));
#13591 = DIRECTION('',(0.,-1.,0.));
#13592 = ADVANCED_FACE('',(#13593),#13604,.T.);
#13593 = FACE_BOUND('',#13594,.T.);
#13594 = EDGE_LOOP('',(#13595,#13596,#13602,#13603));
#13595 = ORIENTED_EDGE('',*,*,#13487,.T.);
#13596 = ORIENTED_EDGE('',*,*,#13597,.T.);
#13597 = EDGE_CURVE('',#13480,#13347,#13598,.T.);
#13598 = LINE('',#13599,#13600);
#13599 = CARTESIAN_POINT('',(4.07,2.7,0.));
#13600 = VECTOR('',#13601,1.);
#13601 = DIRECTION('',(0.,0.,1.));
#13602 = ORIENTED_EDGE('',*,*,#13354,.F.);
#13603 = ORIENTED_EDGE('',*,*,#13581,.F.);
#13604 = CYLINDRICAL_SURFACE('',#13605,4.E-02);
#13605 = AXIS2_PLACEMENT_3D('',#13606,#13607,#13608);
#13606 = CARTESIAN_POINT('',(4.07,2.66,0.));
#13607 = DIRECTION('',(0.,0.,1.));
#13608 = DIRECTION('',(1.,0.,0.));
#13609 = ADVANCED_FACE('',(#13610),#13621,.T.);
#13610 = FACE_BOUND('',#13611,.T.);
#13611 = EDGE_LOOP('',(#13612,#13613,#13619,#13620));
#13612 = ORIENTED_EDGE('',*,*,#13479,.F.);
#13613 = ORIENTED_EDGE('',*,*,#13614,.T.);
#13614 = EDGE_CURVE('',#13472,#13339,#13615,.T.);
#13615 = LINE('',#13616,#13617);
#13616 = CARTESIAN_POINT('',(3.11,2.7,0.));
#13617 = VECTOR('',#13618,1.);
#13618 = DIRECTION('',(0.,0.,1.));
#13619 = ORIENTED_EDGE('',*,*,#13346,.T.);
#13620 = ORIENTED_EDGE('',*,*,#13597,.F.);
#13621 = PLANE('',#13622);
#13622 = AXIS2_PLACEMENT_3D('',#13623,#13624,#13625);
#13623 = CARTESIAN_POINT('',(3.11,2.7,0.));
#13624 = DIRECTION('',(0.,1.,0.));
#13625 = DIRECTION('',(1.,0.,0.));
#13626 = ADVANCED_FACE('',(#13627),#13638,.T.);
#13627 = FACE_BOUND('',#13628,.T.);
#13628 = EDGE_LOOP('',(#13629,#13635,#13636,#13637));
#13629 = ORIENTED_EDGE('',*,*,#13630,.T.);
#13630 = EDGE_CURVE('',#13464,#13331,#13631,.T.);
#13631 = LINE('',#13632,#13633);
#13632 = CARTESIAN_POINT('',(3.11,2.16,0.));
#13633 = VECTOR('',#13634,1.);
#13634 = DIRECTION('',(0.,0.,1.));
#13635 = ORIENTED_EDGE('',*,*,#13338,.T.);
#13636 = ORIENTED_EDGE('',*,*,#13614,.F.);
#13637 = ORIENTED_EDGE('',*,*,#13471,.F.);
#13638 = PLANE('',#13639);
#13639 = AXIS2_PLACEMENT_3D('',#13640,#13641,#13642);
#13640 = CARTESIAN_POINT('',(3.11,2.16,0.));
#13641 = DIRECTION('',(-1.,0.,0.));
#13642 = DIRECTION('',(0.,1.,0.));
#13643 = ADVANCED_FACE('',(#13644),#13655,.T.);
#13644 = FACE_BOUND('',#13645,.T.);
#13645 = EDGE_LOOP('',(#13646,#13652,#13653,#13654));
#13646 = ORIENTED_EDGE('',*,*,#13647,.T.);
#13647 = EDGE_CURVE('',#13456,#13323,#13648,.T.);
#13648 = LINE('',#13649,#13650);
#13649 = CARTESIAN_POINT('',(-1.13,2.16,0.));
#13650 = VECTOR('',#13651,1.);
#13651 = DIRECTION('',(0.,0.,1.));
#13652 = ORIENTED_EDGE('',*,*,#13330,.T.);
#13653 = ORIENTED_EDGE('',*,*,#13630,.F.);
#13654 = ORIENTED_EDGE('',*,*,#13463,.F.);
#13655 = PLANE('',#13656);
#13656 = AXIS2_PLACEMENT_3D('',#13657,#13658,#13659);
#13657 = CARTESIAN_POINT('',(-1.13,2.16,0.));
#13658 = DIRECTION('',(0.,1.,0.));
#13659 = DIRECTION('',(1.,0.,0.));
#13660 = ADVANCED_FACE('',(#13661),#13672,.T.);
#13661 = FACE_BOUND('',#13662,.T.);
#13662 = EDGE_LOOP('',(#13663,#13669,#13670,#13671));
#13663 = ORIENTED_EDGE('',*,*,#13664,.T.);
#13664 = EDGE_CURVE('',#13448,#13315,#13665,.T.);
#13665 = LINE('',#13666,#13667);
#13666 = CARTESIAN_POINT('',(-1.13,-2.16,0.));
#13667 = VECTOR('',#13668,1.);
#13668 = DIRECTION('',(0.,0.,1.));
#13669 = ORIENTED_EDGE('',*,*,#13322,.T.);
#13670 = ORIENTED_EDGE('',*,*,#13647,.F.);
#13671 = ORIENTED_EDGE('',*,*,#13455,.F.);
#13672 = PLANE('',#13673);
#13673 = AXIS2_PLACEMENT_3D('',#13674,#13675,#13676);
#13674 = CARTESIAN_POINT('',(-1.13,-2.16,0.));
#13675 = DIRECTION('',(-1.,0.,0.));
#13676 = DIRECTION('',(0.,1.,0.));
#13677 = ADVANCED_FACE('',(#13678),#13689,.T.);
#13678 = FACE_BOUND('',#13679,.T.);
#13679 = EDGE_LOOP('',(#13680,#13686,#13687,#13688));
#13680 = ORIENTED_EDGE('',*,*,#13681,.T.);
#13681 = EDGE_CURVE('',#13440,#13307,#13682,.T.);
#13682 = LINE('',#13683,#13684);
#13683 = CARTESIAN_POINT('',(3.11,-2.16,0.));
#13684 = VECTOR('',#13685,1.);
#13685 = DIRECTION('',(0.,0.,1.));
#13686 = ORIENTED_EDGE('',*,*,#13314,.T.);
#13687 = ORIENTED_EDGE('',*,*,#13664,.F.);
#13688 = ORIENTED_EDGE('',*,*,#13447,.F.);
#13689 = PLANE('',#13690);
#13690 = AXIS2_PLACEMENT_3D('',#13691,#13692,#13693);
#13691 = CARTESIAN_POINT('',(3.11,-2.16,0.));
#13692 = DIRECTION('',(0.,-1.,0.));
#13693 = DIRECTION('',(-1.,0.,0.));
#13694 = ADVANCED_FACE('',(#13695),#13701,.T.);
#13695 = FACE_BOUND('',#13696,.T.);
#13696 = EDGE_LOOP('',(#13697,#13698,#13699,#13700));
#13697 = ORIENTED_EDGE('',*,*,#13531,.T.);
#13698 = ORIENTED_EDGE('',*,*,#13306,.T.);
#13699 = ORIENTED_EDGE('',*,*,#13681,.F.);
#13700 = ORIENTED_EDGE('',*,*,#13439,.F.);
#13701 = PLANE('',#13702);
#13702 = AXIS2_PLACEMENT_3D('',#13703,#13704,#13705);
#13703 = CARTESIAN_POINT('',(3.11,-2.7,0.));
#13704 = DIRECTION('',(-1.,0.,0.));
#13705 = DIRECTION('',(0.,1.,0.));
#13706 = MANIFOLD_SOLID_BREP('',#13707);
#13707 = CLOSED_SHELL('',(#13708,#13766,#13832,#13888,#13912,#13968,
    #14027,#14044,#14061,#14128,#14145,#14176,#14200,#14225,#14242,
    #14266,#14291,#14308,#14331,#14348,#14367,#14384));
#13708 = ADVANCED_FACE('',(#13709),#13761,.T.);
#13709 = FACE_BOUND('',#13710,.T.);
#13710 = EDGE_LOOP('',(#13711,#13722,#13730,#13739,#13747,#13755));
#13711 = ORIENTED_EDGE('',*,*,#13712,.T.);
#13712 = EDGE_CURVE('',#13713,#13715,#13717,.T.);
#13713 = VERTEX_POINT('',#13714);
#13714 = CARTESIAN_POINT('',(-4.237701336216,-1.785,0.93988764291));
#13715 = VERTEX_POINT('',#13716);
#13716 = CARTESIAN_POINT('',(-4.24,-1.785,0.939877074976));
#13717 = CIRCLE('',#13718,0.25);
#13718 = AXIS2_PLACEMENT_3D('',#13719,#13720,#13721);
#13719 = CARTESIAN_POINT('',(-4.237701336216,-1.785,0.68988764291));
#13720 = DIRECTION('',(0.,-1.,0.));
#13721 = DIRECTION('',(-3.5527136788E-15,0.,1.));
#13722 = ORIENTED_EDGE('',*,*,#13723,.T.);
#13723 = EDGE_CURVE('',#13715,#13724,#13726,.T.);
#13724 = VERTEX_POINT('',#13725);
#13725 = CARTESIAN_POINT('',(-4.24,-1.785,1.439884120332));
#13726 = LINE('',#13727,#13728);
#13727 = CARTESIAN_POINT('',(-4.24,-1.785,0.437372862773));
#13728 = VECTOR('',#13729,1.);
#13729 = DIRECTION('',(0.,5.472315783042E-31,1.));
#13730 = ORIENTED_EDGE('',*,*,#13731,.T.);
#13731 = EDGE_CURVE('',#13724,#13732,#13734,.T.);
#13732 = VERTEX_POINT('',#13733);
#13733 = CARTESIAN_POINT('',(-4.237701336216,-1.785,1.43988764291));
#13734 = CIRCLE('',#13735,0.75);
#13735 = AXIS2_PLACEMENT_3D('',#13736,#13737,#13738);
#13736 = CARTESIAN_POINT('',(-4.237701336216,-1.785,0.68988764291));
#13737 = DIRECTION('',(0.,1.,-0.));
#13738 = DIRECTION('',(-0.939692620786,0.,0.342020143326));
#13739 = ORIENTED_EDGE('',*,*,#13740,.T.);
#13740 = EDGE_CURVE('',#13732,#13741,#13743,.T.);
#13741 = VERTEX_POINT('',#13742);
#13742 = CARTESIAN_POINT('',(-3.49,-1.785,1.43988764291));
#13743 = LINE('',#13744,#13745);
#13744 = CARTESIAN_POINT('',(-4.237701336216,-1.785,1.43988764291));
#13745 = VECTOR('',#13746,1.);
#13746 = DIRECTION('',(1.,0.,-1.110223024625E-16));
#13747 = ORIENTED_EDGE('',*,*,#13748,.T.);
#13748 = EDGE_CURVE('',#13741,#13749,#13751,.T.);
#13749 = VERTEX_POINT('',#13750);
#13750 = CARTESIAN_POINT('',(-3.49,-1.785,0.93988764291));
#13751 = LINE('',#13752,#13753);
#13752 = CARTESIAN_POINT('',(-3.49,-1.785,0.437372862773));
#13753 = VECTOR('',#13754,1.);
#13754 = DIRECTION('',(0.,-5.472315783042E-31,-1.));
#13755 = ORIENTED_EDGE('',*,*,#13756,.T.);
#13756 = EDGE_CURVE('',#13749,#13713,#13757,.T.);
#13757 = LINE('',#13758,#13759);
#13758 = CARTESIAN_POINT('',(-2.237701336216,-1.785,0.93988764291));
#13759 = VECTOR('',#13760,1.);
#13760 = DIRECTION('',(-1.,0.,1.110223024625E-16));
#13761 = PLANE('',#13762);
#13762 = AXIS2_PLACEMENT_3D('',#13763,#13764,#13765);
#13763 = CARTESIAN_POINT('',(-4.091426690538,-1.785,0.874745725546));
#13764 = DIRECTION('',(1.925014880134E-31,1.,-5.472315783042E-31));
#13765 = DIRECTION('',(0.,5.472315783042E-31,1.));
#13766 = ADVANCED_FACE('',(#13767),#13827,.F.);
#13767 = FACE_BOUND('',#13768,.F.);
#13768 = EDGE_LOOP('',(#13769,#13777,#13786,#13794,#13803,#13811,#13820,
    #13826));
#13769 = ORIENTED_EDGE('',*,*,#13770,.F.);
#13770 = EDGE_CURVE('',#13771,#13715,#13773,.T.);
#13771 = VERTEX_POINT('',#13772);
#13772 = CARTESIAN_POINT('',(-4.24,-1.905,0.939877074976));
#13773 = LINE('',#13774,#13775);
#13774 = CARTESIAN_POINT('',(-4.24,-1.785,0.939877074976));
#13775 = VECTOR('',#13776,1.);
#13776 = DIRECTION('',(0.,1.,0.));
#13777 = ORIENTED_EDGE('',*,*,#13778,.T.);
#13778 = EDGE_CURVE('',#13771,#13779,#13781,.T.);
#13779 = VERTEX_POINT('',#13780);
#13780 = CARTESIAN_POINT('',(-4.472624491413,-1.905,0.775392678742));
#13781 = CIRCLE('',#13782,0.25);
#13782 = AXIS2_PLACEMENT_3D('',#13783,#13784,#13785);
#13783 = CARTESIAN_POINT('',(-4.237701336216,-1.905,0.68988764291));
#13784 = DIRECTION('',(0.,-1.,0.));
#13785 = DIRECTION('',(-3.5527136788E-15,0.,1.));
#13786 = ORIENTED_EDGE('',*,*,#13787,.T.);
#13787 = EDGE_CURVE('',#13779,#13788,#13790,.T.);
#13788 = VERTEX_POINT('',#13789);
#13789 = CARTESIAN_POINT('',(-4.472624491413,-2.655,0.775392678742));
#13790 = LINE('',#13791,#13792);
#13791 = CARTESIAN_POINT('',(-4.472624491413,-1.905,0.775392678742));
#13792 = VECTOR('',#13793,1.);
#13793 = DIRECTION('',(0.,-1.,0.));
#13794 = ORIENTED_EDGE('',*,*,#13795,.F.);
#13795 = EDGE_CURVE('',#13796,#13788,#13798,.T.);
#13796 = VERTEX_POINT('',#13797);
#13797 = CARTESIAN_POINT('',(-4.24,-2.655,0.939877074976));
#13798 = CIRCLE('',#13799,0.25);
#13799 = AXIS2_PLACEMENT_3D('',#13800,#13801,#13802);
#13800 = CARTESIAN_POINT('',(-4.237701336216,-2.655,0.68988764291));
#13801 = DIRECTION('',(0.,-1.,0.));
#13802 = DIRECTION('',(-3.5527136788E-15,0.,1.));
#13803 = ORIENTED_EDGE('',*,*,#13804,.F.);
#13804 = EDGE_CURVE('',#13805,#13796,#13807,.T.);
#13805 = VERTEX_POINT('',#13806);
#13806 = CARTESIAN_POINT('',(-4.24,-2.775,0.939877074976));
#13807 = LINE('',#13808,#13809);
#13808 = CARTESIAN_POINT('',(-4.24,-1.785,0.939877074976));
#13809 = VECTOR('',#13810,1.);
#13810 = DIRECTION('',(0.,1.,0.));
#13811 = ORIENTED_EDGE('',*,*,#13812,.F.);
#13812 = EDGE_CURVE('',#13813,#13805,#13815,.T.);
#13813 = VERTEX_POINT('',#13814);
#13814 = CARTESIAN_POINT('',(-4.237701336216,-2.775,0.93988764291));
#13815 = CIRCLE('',#13816,0.25);
#13816 = AXIS2_PLACEMENT_3D('',#13817,#13818,#13819);
#13817 = CARTESIAN_POINT('',(-4.237701336216,-2.775,0.68988764291));
#13818 = DIRECTION('',(0.,-1.,0.));
#13819 = DIRECTION('',(-3.5527136788E-15,0.,1.));
#13820 = ORIENTED_EDGE('',*,*,#13821,.F.);
#13821 = EDGE_CURVE('',#13713,#13813,#13822,.T.);
#13822 = LINE('',#13823,#13824);
#13823 = CARTESIAN_POINT('',(-4.237701336216,-1.785,0.93988764291));
#13824 = VECTOR('',#13825,1.);
#13825 = DIRECTION('',(0.,-1.,0.));
#13826 = ORIENTED_EDGE('',*,*,#13712,.T.);
#13827 = CYLINDRICAL_SURFACE('',#13828,0.25);
#13828 = AXIS2_PLACEMENT_3D('',#13829,#13830,#13831);
#13829 = CARTESIAN_POINT('',(-4.237701336216,-1.785,0.68988764291));
#13830 = DIRECTION('',(0.,1.,0.));
#13831 = DIRECTION('',(-3.5527136788E-15,0.,1.));
#13832 = ADVANCED_FACE('',(#13833),#13883,.T.);
#13833 = FACE_BOUND('',#13834,.T.);
#13834 = EDGE_LOOP('',(#13835,#13836,#13844,#13852,#13860,#13868,#13876,
    #13882));
#13835 = ORIENTED_EDGE('',*,*,#13756,.F.);
#13836 = ORIENTED_EDGE('',*,*,#13837,.T.);
#13837 = EDGE_CURVE('',#13749,#13838,#13840,.T.);
#13838 = VERTEX_POINT('',#13839);
#13839 = CARTESIAN_POINT('',(-3.49,-1.905,0.93988764291));
#13840 = LINE('',#13841,#13842);
#13841 = CARTESIAN_POINT('',(-3.49,0.7325,0.93988764291));
#13842 = VECTOR('',#13843,1.);
#13843 = DIRECTION('',(0.,-1.,0.));
#13844 = ORIENTED_EDGE('',*,*,#13845,.F.);
#13845 = EDGE_CURVE('',#13846,#13838,#13848,.T.);
#13846 = VERTEX_POINT('',#13847);
#13847 = CARTESIAN_POINT('',(-2.237701336216,-1.905,0.93988764291));
#13848 = LINE('',#13849,#13850);
#13849 = CARTESIAN_POINT('',(-2.237701336216,-1.905,0.93988764291));
#13850 = VECTOR('',#13851,1.);
#13851 = DIRECTION('',(-1.,0.,1.110223024625E-16));
#13852 = ORIENTED_EDGE('',*,*,#13853,.T.);
#13853 = EDGE_CURVE('',#13846,#13854,#13856,.T.);
#13854 = VERTEX_POINT('',#13855);
#13855 = CARTESIAN_POINT('',(-2.237701336216,-2.655,0.93988764291));
#13856 = LINE('',#13857,#13858);
#13857 = CARTESIAN_POINT('',(-2.237701336216,-1.905,0.93988764291));
#13858 = VECTOR('',#13859,1.);
#13859 = DIRECTION('',(0.,-1.,0.));
#13860 = ORIENTED_EDGE('',*,*,#13861,.T.);
#13861 = EDGE_CURVE('',#13854,#13862,#13864,.T.);
#13862 = VERTEX_POINT('',#13863);
#13863 = CARTESIAN_POINT('',(-3.49,-2.655,0.93988764291));
#13864 = LINE('',#13865,#13866);
#13865 = CARTESIAN_POINT('',(-2.237701336216,-2.655,0.93988764291));
#13866 = VECTOR('',#13867,1.);
#13867 = DIRECTION('',(-1.,0.,1.110223024625E-16));
#13868 = ORIENTED_EDGE('',*,*,#13869,.T.);
#13869 = EDGE_CURVE('',#13862,#13870,#13872,.T.);
#13870 = VERTEX_POINT('',#13871);
#13871 = CARTESIAN_POINT('',(-3.49,-2.775,0.93988764291));
#13872 = LINE('',#13873,#13874);
#13873 = CARTESIAN_POINT('',(-3.49,0.7325,0.93988764291));
#13874 = VECTOR('',#13875,1.);
#13875 = DIRECTION('',(0.,-1.,0.));
#13876 = ORIENTED_EDGE('',*,*,#13877,.T.);
#13877 = EDGE_CURVE('',#13870,#13813,#13878,.T.);
#13878 = LINE('',#13879,#13880);
#13879 = CARTESIAN_POINT('',(-2.237701336216,-2.775,0.93988764291));
#13880 = VECTOR('',#13881,1.);
#13881 = DIRECTION('',(-1.,0.,1.110223024625E-16));
#13882 = ORIENTED_EDGE('',*,*,#13821,.F.);
#13883 = PLANE('',#13884);
#13884 = AXIS2_PLACEMENT_3D('',#13885,#13886,#13887);
#13885 = CARTESIAN_POINT('',(-2.237701336216,-1.785,0.93988764291));
#13886 = DIRECTION('',(-1.110223024625E-16,-0.,-1.));
#13887 = DIRECTION('',(-1.,0.,1.110223024625E-16));
#13888 = ADVANCED_FACE('',(#13889),#13907,.T.);
#13889 = FACE_BOUND('',#13890,.T.);
#13890 = EDGE_LOOP('',(#13891,#13892,#13900,#13906));
#13891 = ORIENTED_EDGE('',*,*,#13748,.F.);
#13892 = ORIENTED_EDGE('',*,*,#13893,.F.);
#13893 = EDGE_CURVE('',#13894,#13741,#13896,.T.);
#13894 = VERTEX_POINT('',#13895);
#13895 = CARTESIAN_POINT('',(-3.49,-1.905,1.43988764291));
#13896 = LINE('',#13897,#13898);
#13897 = CARTESIAN_POINT('',(-3.49,0.7325,1.43988764291));
#13898 = VECTOR('',#13899,1.);
#13899 = DIRECTION('',(0.,1.,0.));
#13900 = ORIENTED_EDGE('',*,*,#13901,.T.);
#13901 = EDGE_CURVE('',#13894,#13838,#13902,.T.);
#13902 = LINE('',#13903,#13904);
#13903 = CARTESIAN_POINT('',(-3.49,-1.905,0.437372862773));
#13904 = VECTOR('',#13905,1.);
#13905 = DIRECTION('',(0.,-5.472315783042E-31,-1.));
#13906 = ORIENTED_EDGE('',*,*,#13837,.F.);
#13907 = PLANE('',#13908);
#13908 = AXIS2_PLACEMENT_3D('',#13909,#13910,#13911);
#13909 = CARTESIAN_POINT('',(-3.49,3.25,0.));
#13910 = DIRECTION('',(1.,0.,0.));
#13911 = DIRECTION('',(0.,-1.,0.));
#13912 = ADVANCED_FACE('',(#13913),#13963,.T.);
#13913 = FACE_BOUND('',#13914,.T.);
#13914 = EDGE_LOOP('',(#13915,#13916,#13924,#13932,#13940,#13948,#13956,
    #13962));
#13915 = ORIENTED_EDGE('',*,*,#13740,.F.);
#13916 = ORIENTED_EDGE('',*,*,#13917,.T.);
#13917 = EDGE_CURVE('',#13732,#13918,#13920,.T.);
#13918 = VERTEX_POINT('',#13919);
#13919 = CARTESIAN_POINT('',(-4.237701336216,-2.775,1.43988764291));
#13920 = LINE('',#13921,#13922);
#13921 = CARTESIAN_POINT('',(-4.237701336216,-1.785,1.43988764291));
#13922 = VECTOR('',#13923,1.);
#13923 = DIRECTION('',(0.,-1.,0.));
#13924 = ORIENTED_EDGE('',*,*,#13925,.T.);
#13925 = EDGE_CURVE('',#13918,#13926,#13928,.T.);
#13926 = VERTEX_POINT('',#13927);
#13927 = CARTESIAN_POINT('',(-3.49,-2.775,1.43988764291));
#13928 = LINE('',#13929,#13930);
#13929 = CARTESIAN_POINT('',(-4.237701336216,-2.775,1.43988764291));
#13930 = VECTOR('',#13931,1.);
#13931 = DIRECTION('',(1.,0.,-1.110223024625E-16));
#13932 = ORIENTED_EDGE('',*,*,#13933,.T.);
#13933 = EDGE_CURVE('',#13926,#13934,#13936,.T.);
#13934 = VERTEX_POINT('',#13935);
#13935 = CARTESIAN_POINT('',(-3.49,-2.655,1.43988764291));
#13936 = LINE('',#13937,#13938);
#13937 = CARTESIAN_POINT('',(-3.49,0.7325,1.43988764291));
#13938 = VECTOR('',#13939,1.);
#13939 = DIRECTION('',(0.,1.,0.));
#13940 = ORIENTED_EDGE('',*,*,#13941,.T.);
#13941 = EDGE_CURVE('',#13934,#13942,#13944,.T.);
#13942 = VERTEX_POINT('',#13943);
#13943 = CARTESIAN_POINT('',(-2.237701336216,-2.655,1.43988764291));
#13944 = LINE('',#13945,#13946);
#13945 = CARTESIAN_POINT('',(-4.237701336216,-2.655,1.43988764291));
#13946 = VECTOR('',#13947,1.);
#13947 = DIRECTION('',(1.,0.,-1.110223024625E-16));
#13948 = ORIENTED_EDGE('',*,*,#13949,.F.);
#13949 = EDGE_CURVE('',#13950,#13942,#13952,.T.);
#13950 = VERTEX_POINT('',#13951);
#13951 = CARTESIAN_POINT('',(-2.237701336216,-1.905,1.43988764291));
#13952 = LINE('',#13953,#13954);
#13953 = CARTESIAN_POINT('',(-2.237701336216,-1.905,1.43988764291));
#13954 = VECTOR('',#13955,1.);
#13955 = DIRECTION('',(0.,-1.,0.));
#13956 = ORIENTED_EDGE('',*,*,#13957,.F.);
#13957 = EDGE_CURVE('',#13894,#13950,#13958,.T.);
#13958 = LINE('',#13959,#13960);
#13959 = CARTESIAN_POINT('',(-4.237701336216,-1.905,1.43988764291));
#13960 = VECTOR('',#13961,1.);
#13961 = DIRECTION('',(1.,0.,-1.110223024625E-16));
#13962 = ORIENTED_EDGE('',*,*,#13893,.T.);
#13963 = PLANE('',#13964);
#13964 = AXIS2_PLACEMENT_3D('',#13965,#13966,#13967);
#13965 = CARTESIAN_POINT('',(-4.237701336216,-1.785,1.43988764291));
#13966 = DIRECTION('',(1.110223024625E-16,0.,1.));
#13967 = DIRECTION('',(1.,0.,-1.110223024625E-16));
#13968 = ADVANCED_FACE('',(#13969),#14022,.T.);
#13969 = FACE_BOUND('',#13970,.T.);
#13970 = EDGE_LOOP('',(#13971,#13972,#13980,#13989,#13997,#14006,#14014,
    #14021));
#13971 = ORIENTED_EDGE('',*,*,#13731,.F.);
#13972 = ORIENTED_EDGE('',*,*,#13973,.F.);
#13973 = EDGE_CURVE('',#13974,#13724,#13976,.T.);
#13974 = VERTEX_POINT('',#13975);
#13975 = CARTESIAN_POINT('',(-4.24,-1.905,1.439884120332));
#13976 = LINE('',#13977,#13978);
#13977 = CARTESIAN_POINT('',(-4.24,-1.785,1.439884120332));
#13978 = VECTOR('',#13979,1.);
#13979 = DIRECTION('',(0.,1.,0.));
#13980 = ORIENTED_EDGE('',*,*,#13981,.F.);
#13981 = EDGE_CURVE('',#13982,#13974,#13984,.T.);
#13982 = VERTEX_POINT('',#13983);
#13983 = CARTESIAN_POINT('',(-4.942470801806,-1.905,0.946402750404));
#13984 = CIRCLE('',#13985,0.75);
#13985 = AXIS2_PLACEMENT_3D('',#13986,#13987,#13988);
#13986 = CARTESIAN_POINT('',(-4.237701336216,-1.905,0.68988764291));
#13987 = DIRECTION('',(0.,1.,-0.));
#13988 = DIRECTION('',(-0.939692620786,0.,0.342020143326));
#13989 = ORIENTED_EDGE('',*,*,#13990,.T.);
#13990 = EDGE_CURVE('',#13982,#13991,#13993,.T.);
#13991 = VERTEX_POINT('',#13992);
#13992 = CARTESIAN_POINT('',(-4.942470801806,-2.655,0.946402750404));
#13993 = LINE('',#13994,#13995);
#13994 = CARTESIAN_POINT('',(-4.942470801806,-1.905,0.946402750404));
#13995 = VECTOR('',#13996,1.);
#13996 = DIRECTION('',(0.,-1.,0.));
#13997 = ORIENTED_EDGE('',*,*,#13998,.T.);
#13998 = EDGE_CURVE('',#13991,#13999,#14001,.T.);
#13999 = VERTEX_POINT('',#14000);
#14000 = CARTESIAN_POINT('',(-4.24,-2.655,1.439884120332));
#14001 = CIRCLE('',#14002,0.75);
#14002 = AXIS2_PLACEMENT_3D('',#14003,#14004,#14005);
#14003 = CARTESIAN_POINT('',(-4.237701336216,-2.655,0.68988764291));
#14004 = DIRECTION('',(0.,1.,-0.));
#14005 = DIRECTION('',(-0.939692620786,0.,0.342020143326));
#14006 = ORIENTED_EDGE('',*,*,#14007,.F.);
#14007 = EDGE_CURVE('',#14008,#13999,#14010,.T.);
#14008 = VERTEX_POINT('',#14009);
#14009 = CARTESIAN_POINT('',(-4.24,-2.775,1.439884120332));
#14010 = LINE('',#14011,#14012);
#14011 = CARTESIAN_POINT('',(-4.24,-1.785,1.439884120332));
#14012 = VECTOR('',#14013,1.);
#14013 = DIRECTION('',(0.,1.,0.));
#14014 = ORIENTED_EDGE('',*,*,#14015,.T.);
#14015 = EDGE_CURVE('',#14008,#13918,#14016,.T.);
#14016 = CIRCLE('',#14017,0.75);
#14017 = AXIS2_PLACEMENT_3D('',#14018,#14019,#14020);
#14018 = CARTESIAN_POINT('',(-4.237701336216,-2.775,0.68988764291));
#14019 = DIRECTION('',(0.,1.,-0.));
#14020 = DIRECTION('',(-0.939692620786,0.,0.342020143326));
#14021 = ORIENTED_EDGE('',*,*,#13917,.F.);
#14022 = CYLINDRICAL_SURFACE('',#14023,0.75);
#14023 = AXIS2_PLACEMENT_3D('',#14024,#14025,#14026);
#14024 = CARTESIAN_POINT('',(-4.237701336216,-1.785,0.68988764291));
#14025 = DIRECTION('',(0.,1.,0.));
#14026 = DIRECTION('',(-0.939692620786,0.,0.342020143326));
#14027 = ADVANCED_FACE('',(#14028),#14039,.T.);
#14028 = FACE_BOUND('',#14029,.T.);
#14029 = EDGE_LOOP('',(#14030,#14031,#14037,#14038));
#14030 = ORIENTED_EDGE('',*,*,#13770,.F.);
#14031 = ORIENTED_EDGE('',*,*,#14032,.T.);
#14032 = EDGE_CURVE('',#13771,#13974,#14033,.T.);
#14033 = LINE('',#14034,#14035);
#14034 = CARTESIAN_POINT('',(-4.24,-1.905,0.437372862773));
#14035 = VECTOR('',#14036,1.);
#14036 = DIRECTION('',(0.,5.472315783042E-31,1.));
#14037 = ORIENTED_EDGE('',*,*,#13973,.T.);
#14038 = ORIENTED_EDGE('',*,*,#13723,.F.);
#14039 = PLANE('',#14040);
#14040 = AXIS2_PLACEMENT_3D('',#14041,#14042,#14043);
#14041 = CARTESIAN_POINT('',(-4.24,-3.25,0.));
#14042 = DIRECTION('',(-1.,0.,0.));
#14043 = DIRECTION('',(0.,1.,0.));
#14044 = ADVANCED_FACE('',(#14045),#14056,.T.);
#14045 = FACE_BOUND('',#14046,.T.);
#14046 = EDGE_LOOP('',(#14047,#14048,#14049,#14055));
#14047 = ORIENTED_EDGE('',*,*,#13901,.F.);
#14048 = ORIENTED_EDGE('',*,*,#13957,.T.);
#14049 = ORIENTED_EDGE('',*,*,#14050,.T.);
#14050 = EDGE_CURVE('',#13950,#13846,#14051,.T.);
#14051 = LINE('',#14052,#14053);
#14052 = CARTESIAN_POINT('',(-2.237701336216,-1.905,1.43988764291));
#14053 = VECTOR('',#14054,1.);
#14054 = DIRECTION('',(0.,0.,-1.));
#14055 = ORIENTED_EDGE('',*,*,#13845,.T.);
#14056 = PLANE('',#14057);
#14057 = AXIS2_PLACEMENT_3D('',#14058,#14059,#14060);
#14058 = CARTESIAN_POINT('',(-4.091426690538,-1.905,0.874745725546));
#14059 = DIRECTION('',(1.925014880134E-31,1.,-5.472315783042E-31));
#14060 = DIRECTION('',(0.,5.472315783042E-31,1.));
#14061 = ADVANCED_FACE('',(#14062),#14123,.T.);
#14062 = FACE_BOUND('',#14063,.T.);
#14063 = EDGE_LOOP('',(#14064,#14074,#14082,#14091,#14097,#14098,#14099,
    #14100,#14108,#14117));
#14064 = ORIENTED_EDGE('',*,*,#14065,.T.);
#14065 = EDGE_CURVE('',#14066,#14068,#14070,.T.);
#14066 = VERTEX_POINT('',#14067);
#14067 = CARTESIAN_POINT('',(-5.79,-1.905,-2.70609920631E-16));
#14068 = VERTEX_POINT('',#14069);
#14069 = CARTESIAN_POINT('',(-5.79,-1.905,0.5));
#14070 = LINE('',#14071,#14072);
#14071 = CARTESIAN_POINT('',(-5.79,-1.905,-2.70609920631E-16));
#14072 = VECTOR('',#14073,1.);
#14073 = DIRECTION('',(1.7763568394E-15,0.,1.));
#14074 = ORIENTED_EDGE('',*,*,#14075,.T.);
#14075 = EDGE_CURVE('',#14068,#14076,#14078,.T.);
#14076 = VERTEX_POINT('',#14077);
#14077 = CARTESIAN_POINT('',(-5.28,-1.905,0.5));
#14078 = LINE('',#14079,#14080);
#14079 = CARTESIAN_POINT('',(-5.79,-1.905,0.5));
#14080 = VECTOR('',#14081,1.);
#14081 = DIRECTION('',(1.,0.,0.));
#14082 = ORIENTED_EDGE('',*,*,#14083,.T.);
#14083 = EDGE_CURVE('',#14076,#14084,#14086,.T.);
#14084 = VERTEX_POINT('',#14085);
#14085 = CARTESIAN_POINT('',(-5.045076844804,-1.905,0.664494964169));
#14086 = CIRCLE('',#14087,0.25);
#14087 = AXIS2_PLACEMENT_3D('',#14088,#14089,#14090);
#14088 = CARTESIAN_POINT('',(-5.28,-1.905,0.75));
#14089 = DIRECTION('',(0.,-1.,0.));
#14090 = DIRECTION('',(0.,0.,-1.));
#14091 = ORIENTED_EDGE('',*,*,#14092,.T.);
#14092 = EDGE_CURVE('',#14084,#13982,#14093,.T.);
#14093 = LINE('',#14094,#14095);
#14094 = CARTESIAN_POINT('',(-5.045076844804,-1.905,0.664494964169));
#14095 = VECTOR('',#14096,1.);
#14096 = DIRECTION('',(0.342020143326,0.,0.939692620786));
#14097 = ORIENTED_EDGE('',*,*,#13981,.T.);
#14098 = ORIENTED_EDGE('',*,*,#14032,.F.);
#14099 = ORIENTED_EDGE('',*,*,#13778,.T.);
#14100 = ORIENTED_EDGE('',*,*,#14101,.T.);
#14101 = EDGE_CURVE('',#13779,#14102,#14104,.T.);
#14102 = VERTEX_POINT('',#14103);
#14103 = CARTESIAN_POINT('',(-4.575230534411,-1.905,0.493484892506));
#14104 = LINE('',#14105,#14106);
#14105 = CARTESIAN_POINT('',(-4.472624491413,-1.905,0.775392678742));
#14106 = VECTOR('',#14107,1.);
#14107 = DIRECTION('',(-0.342020143326,0.,-0.939692620786));
#14108 = ORIENTED_EDGE('',*,*,#14109,.T.);
#14109 = EDGE_CURVE('',#14102,#14110,#14112,.T.);
#14110 = VERTEX_POINT('',#14111);
#14111 = CARTESIAN_POINT('',(-5.28,-1.905,-2.22044604925E-16));
#14112 = CIRCLE('',#14113,0.75);
#14113 = AXIS2_PLACEMENT_3D('',#14114,#14115,#14116);
#14114 = CARTESIAN_POINT('',(-5.28,-1.905,0.75));
#14115 = DIRECTION('',(0.,1.,0.));
#14116 = DIRECTION('',(0.939692620786,0.,-0.342020143326));
#14117 = ORIENTED_EDGE('',*,*,#14118,.T.);
#14118 = EDGE_CURVE('',#14110,#14066,#14119,.T.);
#14119 = LINE('',#14120,#14121);
#14120 = CARTESIAN_POINT('',(-5.28,-1.905,-2.22044604925E-16));
#14121 = VECTOR('',#14122,1.);
#14122 = DIRECTION('',(-1.,0.,-9.522610922745E-17));
#14123 = PLANE('',#14124);
#14124 = AXIS2_PLACEMENT_3D('',#14125,#14126,#14127);
#14125 = CARTESIAN_POINT('',(-4.091426690538,-1.905,0.874745725546));
#14126 = DIRECTION('',(1.925014880134E-31,1.,-5.472315783042E-31));
#14127 = DIRECTION('',(0.,5.472315783042E-31,1.));
#14128 = ADVANCED_FACE('',(#14129),#14140,.T.);
#14129 = FACE_BOUND('',#14130,.T.);
#14130 = EDGE_LOOP('',(#14131,#14132,#14138,#14139));
#14131 = ORIENTED_EDGE('',*,*,#13949,.T.);
#14132 = ORIENTED_EDGE('',*,*,#14133,.T.);
#14133 = EDGE_CURVE('',#13942,#13854,#14134,.T.);
#14134 = LINE('',#14135,#14136);
#14135 = CARTESIAN_POINT('',(-2.237701336216,-2.655,1.43988764291));
#14136 = VECTOR('',#14137,1.);
#14137 = DIRECTION('',(0.,0.,-1.));
#14138 = ORIENTED_EDGE('',*,*,#13853,.F.);
#14139 = ORIENTED_EDGE('',*,*,#14050,.F.);
#14140 = PLANE('',#14141);
#14141 = AXIS2_PLACEMENT_3D('',#14142,#14143,#14144);
#14142 = CARTESIAN_POINT('',(-2.237701336216,-1.905,1.43988764291));
#14143 = DIRECTION('',(1.,0.,0.));
#14144 = DIRECTION('',(0.,0.,-1.));
#14145 = ADVANCED_FACE('',(#14146),#14171,.T.);
#14146 = FACE_BOUND('',#14147,.T.);
#14147 = EDGE_LOOP('',(#14148,#14156,#14164,#14170));
#14148 = ORIENTED_EDGE('',*,*,#14149,.T.);
#14149 = EDGE_CURVE('',#14066,#14150,#14152,.T.);
#14150 = VERTEX_POINT('',#14151);
#14151 = CARTESIAN_POINT('',(-5.79,-2.655,-2.70609920631E-16));
#14152 = LINE('',#14153,#14154);
#14153 = CARTESIAN_POINT('',(-5.79,-1.905,-2.70609920631E-16));
#14154 = VECTOR('',#14155,1.);
#14155 = DIRECTION('',(0.,-1.,0.));
#14156 = ORIENTED_EDGE('',*,*,#14157,.T.);
#14157 = EDGE_CURVE('',#14150,#14158,#14160,.T.);
#14158 = VERTEX_POINT('',#14159);
#14159 = CARTESIAN_POINT('',(-5.79,-2.655,0.5));
#14160 = LINE('',#14161,#14162);
#14161 = CARTESIAN_POINT('',(-5.79,-2.655,-2.70609920631E-16));
#14162 = VECTOR('',#14163,1.);
#14163 = DIRECTION('',(1.7763568394E-15,0.,1.));
#14164 = ORIENTED_EDGE('',*,*,#14165,.F.);
#14165 = EDGE_CURVE('',#14068,#14158,#14166,.T.);
#14166 = LINE('',#14167,#14168);
#14167 = CARTESIAN_POINT('',(-5.79,-1.905,0.5));
#14168 = VECTOR('',#14169,1.);
#14169 = DIRECTION('',(0.,-1.,0.));
#14170 = ORIENTED_EDGE('',*,*,#14065,.F.);
#14171 = PLANE('',#14172);
#14172 = AXIS2_PLACEMENT_3D('',#14173,#14174,#14175);
#14173 = CARTESIAN_POINT('',(-5.79,-1.905,-2.70609920631E-16));
#14174 = DIRECTION('',(-1.,0.,1.7763568394E-15));
#14175 = DIRECTION('',(1.7763568394E-15,0.,1.));
#14176 = ADVANCED_FACE('',(#14177),#14195,.T.);
#14177 = FACE_BOUND('',#14178,.T.);
#14178 = EDGE_LOOP('',(#14179,#14187,#14193,#14194));
#14179 = ORIENTED_EDGE('',*,*,#14180,.T.);
#14180 = EDGE_CURVE('',#14110,#14181,#14183,.T.);
#14181 = VERTEX_POINT('',#14182);
#14182 = CARTESIAN_POINT('',(-5.28,-2.655,-2.22044604925E-16));
#14183 = LINE('',#14184,#14185);
#14184 = CARTESIAN_POINT('',(-5.28,-1.905,-2.22044604925E-16));
#14185 = VECTOR('',#14186,1.);
#14186 = DIRECTION('',(0.,-1.,0.));
#14187 = ORIENTED_EDGE('',*,*,#14188,.T.);
#14188 = EDGE_CURVE('',#14181,#14150,#14189,.T.);
#14189 = LINE('',#14190,#14191);
#14190 = CARTESIAN_POINT('',(-5.28,-2.655,-2.22044604925E-16));
#14191 = VECTOR('',#14192,1.);
#14192 = DIRECTION('',(-1.,0.,-9.522610922745E-17));
#14193 = ORIENTED_EDGE('',*,*,#14149,.F.);
#14194 = ORIENTED_EDGE('',*,*,#14118,.F.);
#14195 = PLANE('',#14196);
#14196 = AXIS2_PLACEMENT_3D('',#14197,#14198,#14199);
#14197 = CARTESIAN_POINT('',(-5.28,-1.905,-2.22044604925E-16));
#14198 = DIRECTION('',(9.522610922745E-17,0.,-1.));
#14199 = DIRECTION('',(-1.,0.,-9.522610922745E-17));
#14200 = ADVANCED_FACE('',(#14201),#14220,.T.);
#14201 = FACE_BOUND('',#14202,.T.);
#14202 = EDGE_LOOP('',(#14203,#14211,#14218,#14219));
#14203 = ORIENTED_EDGE('',*,*,#14204,.T.);
#14204 = EDGE_CURVE('',#14102,#14205,#14207,.T.);
#14205 = VERTEX_POINT('',#14206);
#14206 = CARTESIAN_POINT('',(-4.575230534411,-2.655,0.493484892506));
#14207 = LINE('',#14208,#14209);
#14208 = CARTESIAN_POINT('',(-4.575230534411,-1.905,0.493484892506));
#14209 = VECTOR('',#14210,1.);
#14210 = DIRECTION('',(0.,-1.,0.));
#14211 = ORIENTED_EDGE('',*,*,#14212,.T.);
#14212 = EDGE_CURVE('',#14205,#14181,#14213,.T.);
#14213 = CIRCLE('',#14214,0.75);
#14214 = AXIS2_PLACEMENT_3D('',#14215,#14216,#14217);
#14215 = CARTESIAN_POINT('',(-5.28,-2.655,0.75));
#14216 = DIRECTION('',(0.,1.,0.));
#14217 = DIRECTION('',(0.939692620786,0.,-0.342020143326));
#14218 = ORIENTED_EDGE('',*,*,#14180,.F.);
#14219 = ORIENTED_EDGE('',*,*,#14109,.F.);
#14220 = CYLINDRICAL_SURFACE('',#14221,0.75);
#14221 = AXIS2_PLACEMENT_3D('',#14222,#14223,#14224);
#14222 = CARTESIAN_POINT('',(-5.28,-1.905,0.75));
#14223 = DIRECTION('',(0.,1.,0.));
#14224 = DIRECTION('',(0.939692620786,0.,-0.342020143326));
#14225 = ADVANCED_FACE('',(#14226),#14237,.T.);
#14226 = FACE_BOUND('',#14227,.T.);
#14227 = EDGE_LOOP('',(#14228,#14229,#14235,#14236));
#14228 = ORIENTED_EDGE('',*,*,#13787,.T.);
#14229 = ORIENTED_EDGE('',*,*,#14230,.T.);
#14230 = EDGE_CURVE('',#13788,#14205,#14231,.T.);
#14231 = LINE('',#14232,#14233);
#14232 = CARTESIAN_POINT('',(-4.472624491413,-2.655,0.775392678742));
#14233 = VECTOR('',#14234,1.);
#14234 = DIRECTION('',(-0.342020143326,0.,-0.939692620786));
#14235 = ORIENTED_EDGE('',*,*,#14204,.F.);
#14236 = ORIENTED_EDGE('',*,*,#14101,.F.);
#14237 = PLANE('',#14238);
#14238 = AXIS2_PLACEMENT_3D('',#14239,#14240,#14241);
#14239 = CARTESIAN_POINT('',(-4.472624491413,-1.905,0.775392678742));
#14240 = DIRECTION('',(0.939692620786,0.,-0.342020143326));
#14241 = DIRECTION('',(-0.342020143326,0.,-0.939692620786));
#14242 = ADVANCED_FACE('',(#14243),#14261,.T.);
#14243 = FACE_BOUND('',#14244,.T.);
#14244 = EDGE_LOOP('',(#14245,#14253,#14259,#14260));
#14245 = ORIENTED_EDGE('',*,*,#14246,.T.);
#14246 = EDGE_CURVE('',#14084,#14247,#14249,.T.);
#14247 = VERTEX_POINT('',#14248);
#14248 = CARTESIAN_POINT('',(-5.045076844804,-2.655,0.664494964169));
#14249 = LINE('',#14250,#14251);
#14250 = CARTESIAN_POINT('',(-5.045076844804,-1.905,0.664494964169));
#14251 = VECTOR('',#14252,1.);
#14252 = DIRECTION('',(0.,-1.,0.));
#14253 = ORIENTED_EDGE('',*,*,#14254,.T.);
#14254 = EDGE_CURVE('',#14247,#13991,#14255,.T.);
#14255 = LINE('',#14256,#14257);
#14256 = CARTESIAN_POINT('',(-5.045076844804,-2.655,0.664494964169));
#14257 = VECTOR('',#14258,1.);
#14258 = DIRECTION('',(0.342020143326,0.,0.939692620786));
#14259 = ORIENTED_EDGE('',*,*,#13990,.F.);
#14260 = ORIENTED_EDGE('',*,*,#14092,.F.);
#14261 = PLANE('',#14262);
#14262 = AXIS2_PLACEMENT_3D('',#14263,#14264,#14265);
#14263 = CARTESIAN_POINT('',(-5.045076844804,-1.905,0.664494964169));
#14264 = DIRECTION('',(-0.939692620786,0.,0.342020143326));
#14265 = DIRECTION('',(0.342020143326,0.,0.939692620786));
#14266 = ADVANCED_FACE('',(#14267),#14286,.F.);
#14267 = FACE_BOUND('',#14268,.F.);
#14268 = EDGE_LOOP('',(#14269,#14270,#14271,#14280));
#14269 = ORIENTED_EDGE('',*,*,#14083,.T.);
#14270 = ORIENTED_EDGE('',*,*,#14246,.T.);
#14271 = ORIENTED_EDGE('',*,*,#14272,.F.);
#14272 = EDGE_CURVE('',#14273,#14247,#14275,.T.);
#14273 = VERTEX_POINT('',#14274);
#14274 = CARTESIAN_POINT('',(-5.28,-2.655,0.5));
#14275 = CIRCLE('',#14276,0.25);
#14276 = AXIS2_PLACEMENT_3D('',#14277,#14278,#14279);
#14277 = CARTESIAN_POINT('',(-5.28,-2.655,0.75));
#14278 = DIRECTION('',(0.,-1.,0.));
#14279 = DIRECTION('',(0.,0.,-1.));
#14280 = ORIENTED_EDGE('',*,*,#14281,.F.);
#14281 = EDGE_CURVE('',#14076,#14273,#14282,.T.);
#14282 = LINE('',#14283,#14284);
#14283 = CARTESIAN_POINT('',(-5.28,-1.905,0.5));
#14284 = VECTOR('',#14285,1.);
#14285 = DIRECTION('',(0.,-1.,0.));
#14286 = CYLINDRICAL_SURFACE('',#14287,0.25);
#14287 = AXIS2_PLACEMENT_3D('',#14288,#14289,#14290);
#14288 = CARTESIAN_POINT('',(-5.28,-1.905,0.75));
#14289 = DIRECTION('',(0.,1.,0.));
#14290 = DIRECTION('',(0.,0.,-1.));
#14291 = ADVANCED_FACE('',(#14292),#14303,.T.);
#14292 = FACE_BOUND('',#14293,.T.);
#14293 = EDGE_LOOP('',(#14294,#14295,#14301,#14302));
#14294 = ORIENTED_EDGE('',*,*,#14165,.T.);
#14295 = ORIENTED_EDGE('',*,*,#14296,.T.);
#14296 = EDGE_CURVE('',#14158,#14273,#14297,.T.);
#14297 = LINE('',#14298,#14299);
#14298 = CARTESIAN_POINT('',(-5.79,-2.655,0.5));
#14299 = VECTOR('',#14300,1.);
#14300 = DIRECTION('',(1.,0.,0.));
#14301 = ORIENTED_EDGE('',*,*,#14281,.F.);
#14302 = ORIENTED_EDGE('',*,*,#14075,.F.);
#14303 = PLANE('',#14304);
#14304 = AXIS2_PLACEMENT_3D('',#14305,#14306,#14307);
#14305 = CARTESIAN_POINT('',(-5.79,-1.905,0.5));
#14306 = DIRECTION('',(0.,0.,1.));
#14307 = DIRECTION('',(1.,0.,0.));
#14308 = ADVANCED_FACE('',(#14309),#14326,.F.);
#14309 = FACE_BOUND('',#14310,.F.);
#14310 = EDGE_LOOP('',(#14311,#14312,#14313,#14314,#14315,#14316,#14322,
    #14323,#14324,#14325));
#14311 = ORIENTED_EDGE('',*,*,#14157,.T.);
#14312 = ORIENTED_EDGE('',*,*,#14296,.T.);
#14313 = ORIENTED_EDGE('',*,*,#14272,.T.);
#14314 = ORIENTED_EDGE('',*,*,#14254,.T.);
#14315 = ORIENTED_EDGE('',*,*,#13998,.T.);
#14316 = ORIENTED_EDGE('',*,*,#14317,.F.);
#14317 = EDGE_CURVE('',#13796,#13999,#14318,.T.);
#14318 = LINE('',#14319,#14320);
#14319 = CARTESIAN_POINT('',(-4.24,-2.655,0.437372862773));
#14320 = VECTOR('',#14321,1.);
#14321 = DIRECTION('',(0.,5.472315783042E-31,1.));
#14322 = ORIENTED_EDGE('',*,*,#13795,.T.);
#14323 = ORIENTED_EDGE('',*,*,#14230,.T.);
#14324 = ORIENTED_EDGE('',*,*,#14212,.T.);
#14325 = ORIENTED_EDGE('',*,*,#14188,.T.);
#14326 = PLANE('',#14327);
#14327 = AXIS2_PLACEMENT_3D('',#14328,#14329,#14330);
#14328 = CARTESIAN_POINT('',(-4.091426690538,-2.655,0.874745725546));
#14329 = DIRECTION('',(1.925014880134E-31,1.,-5.472315783042E-31));
#14330 = DIRECTION('',(0.,5.472315783042E-31,1.));
#14331 = ADVANCED_FACE('',(#14332),#14343,.T.);
#14332 = FACE_BOUND('',#14333,.T.);
#14333 = EDGE_LOOP('',(#14334,#14335,#14341,#14342));
#14334 = ORIENTED_EDGE('',*,*,#13804,.F.);
#14335 = ORIENTED_EDGE('',*,*,#14336,.T.);
#14336 = EDGE_CURVE('',#13805,#14008,#14337,.T.);
#14337 = LINE('',#14338,#14339);
#14338 = CARTESIAN_POINT('',(-4.24,-2.775,0.437372862773));
#14339 = VECTOR('',#14340,1.);
#14340 = DIRECTION('',(0.,5.472315783042E-31,1.));
#14341 = ORIENTED_EDGE('',*,*,#14007,.T.);
#14342 = ORIENTED_EDGE('',*,*,#14317,.F.);
#14343 = PLANE('',#14344);
#14344 = AXIS2_PLACEMENT_3D('',#14345,#14346,#14347);
#14345 = CARTESIAN_POINT('',(-4.24,-3.25,0.));
#14346 = DIRECTION('',(-1.,0.,0.));
#14347 = DIRECTION('',(0.,1.,0.));
#14348 = ADVANCED_FACE('',(#14349),#14362,.F.);
#14349 = FACE_BOUND('',#14350,.F.);
#14350 = EDGE_LOOP('',(#14351,#14352,#14353,#14354,#14355,#14361));
#14351 = ORIENTED_EDGE('',*,*,#13812,.T.);
#14352 = ORIENTED_EDGE('',*,*,#14336,.T.);
#14353 = ORIENTED_EDGE('',*,*,#14015,.T.);
#14354 = ORIENTED_EDGE('',*,*,#13925,.T.);
#14355 = ORIENTED_EDGE('',*,*,#14356,.T.);
#14356 = EDGE_CURVE('',#13926,#13870,#14357,.T.);
#14357 = LINE('',#14358,#14359);
#14358 = CARTESIAN_POINT('',(-3.49,-2.775,0.437372862773));
#14359 = VECTOR('',#14360,1.);
#14360 = DIRECTION('',(0.,-5.472315783042E-31,-1.));
#14361 = ORIENTED_EDGE('',*,*,#13877,.T.);
#14362 = PLANE('',#14363);
#14363 = AXIS2_PLACEMENT_3D('',#14364,#14365,#14366);
#14364 = CARTESIAN_POINT('',(-4.091426690538,-2.775,0.874745725546));
#14365 = DIRECTION('',(1.925014880134E-31,1.,-5.472315783042E-31));
#14366 = DIRECTION('',(0.,5.472315783042E-31,1.));
#14367 = ADVANCED_FACE('',(#14368),#14379,.T.);
#14368 = FACE_BOUND('',#14369,.T.);
#14369 = EDGE_LOOP('',(#14370,#14376,#14377,#14378));
#14370 = ORIENTED_EDGE('',*,*,#14371,.F.);
#14371 = EDGE_CURVE('',#13934,#13862,#14372,.T.);
#14372 = LINE('',#14373,#14374);
#14373 = CARTESIAN_POINT('',(-3.49,-2.655,0.437372862773));
#14374 = VECTOR('',#14375,1.);
#14375 = DIRECTION('',(0.,-5.472315783042E-31,-1.));
#14376 = ORIENTED_EDGE('',*,*,#13933,.F.);
#14377 = ORIENTED_EDGE('',*,*,#14356,.T.);
#14378 = ORIENTED_EDGE('',*,*,#13869,.F.);
#14379 = PLANE('',#14380);
#14380 = AXIS2_PLACEMENT_3D('',#14381,#14382,#14383);
#14381 = CARTESIAN_POINT('',(-3.49,3.25,0.));
#14382 = DIRECTION('',(1.,0.,0.));
#14383 = DIRECTION('',(0.,-1.,0.));
#14384 = ADVANCED_FACE('',(#14385),#14391,.F.);
#14385 = FACE_BOUND('',#14386,.F.);
#14386 = EDGE_LOOP('',(#14387,#14388,#14389,#14390));
#14387 = ORIENTED_EDGE('',*,*,#14371,.F.);
#14388 = ORIENTED_EDGE('',*,*,#13941,.T.);
#14389 = ORIENTED_EDGE('',*,*,#14133,.T.);
#14390 = ORIENTED_EDGE('',*,*,#13861,.T.);
#14391 = PLANE('',#14392);
#14392 = AXIS2_PLACEMENT_3D('',#14393,#14394,#14395);
#14393 = CARTESIAN_POINT('',(-4.091426690538,-2.655,0.874745725546));
#14394 = DIRECTION('',(1.925014880134E-31,1.,-5.472315783042E-31));
#14395 = DIRECTION('',(0.,5.472315783042E-31,1.));
#14396 = MANIFOLD_SOLID_BREP('',#14397);
#14397 = CLOSED_SHELL('',(#14398,#14438,#14501,#14525,#14581,#14598,
    #14615,#14632,#14649,#14666));
#14398 = ADVANCED_FACE('',(#14399),#14433,.T.);
#14399 = FACE_BOUND('',#14400,.T.);
#14400 = EDGE_LOOP('',(#14401,#14411,#14419,#14427));
#14401 = ORIENTED_EDGE('',*,*,#14402,.T.);
#14402 = EDGE_CURVE('',#14403,#14405,#14407,.T.);
#14403 = VERTEX_POINT('',#14404);
#14404 = CARTESIAN_POINT('',(-3.49,0.495,0.93988764291));
#14405 = VERTEX_POINT('',#14406);
#14406 = CARTESIAN_POINT('',(-3.91,0.495,0.93988764291));
#14407 = LINE('',#14408,#14409);
#14408 = CARTESIAN_POINT('',(-2.237701336216,0.495,0.93988764291));
#14409 = VECTOR('',#14410,1.);
#14410 = DIRECTION('',(-1.,0.,1.110223024625E-16));
#14411 = ORIENTED_EDGE('',*,*,#14412,.T.);
#14412 = EDGE_CURVE('',#14405,#14413,#14415,.T.);
#14413 = VERTEX_POINT('',#14414);
#14414 = CARTESIAN_POINT('',(-3.91,0.495,1.43988764291));
#14415 = LINE('',#14416,#14417);
#14416 = CARTESIAN_POINT('',(-3.91,0.495,0.));
#14417 = VECTOR('',#14418,1.);
#14418 = DIRECTION('',(0.,0.,1.));
#14419 = ORIENTED_EDGE('',*,*,#14420,.T.);
#14420 = EDGE_CURVE('',#14413,#14421,#14423,.T.);
#14421 = VERTEX_POINT('',#14422);
#14422 = CARTESIAN_POINT('',(-3.49,0.495,1.43988764291));
#14423 = LINE('',#14424,#14425);
#14424 = CARTESIAN_POINT('',(-4.237701336216,0.495,1.43988764291));
#14425 = VECTOR('',#14426,1.);
#14426 = DIRECTION('',(1.,0.,-1.110223024625E-16));
#14427 = ORIENTED_EDGE('',*,*,#14428,.T.);
#14428 = EDGE_CURVE('',#14421,#14403,#14429,.T.);
#14429 = LINE('',#14430,#14431);
#14430 = CARTESIAN_POINT('',(-3.49,0.495,0.437372862773));
#14431 = VECTOR('',#14432,1.);
#14432 = DIRECTION('',(0.,-5.472315783042E-31,-1.));
#14433 = PLANE('',#14434);
#14434 = AXIS2_PLACEMENT_3D('',#14435,#14436,#14437);
#14435 = CARTESIAN_POINT('',(-4.091426690538,0.495,0.874745725546));
#14436 = DIRECTION('',(1.925014880134E-31,1.,-5.472315783042E-31));
#14437 = DIRECTION('',(0.,5.472315783042E-31,1.));
#14438 = ADVANCED_FACE('',(#14439),#14496,.T.);
#14439 = FACE_BOUND('',#14440,.T.);
#14440 = EDGE_LOOP('',(#14441,#14442,#14450,#14458,#14466,#14474,#14482,
    #14490));
#14441 = ORIENTED_EDGE('',*,*,#14402,.F.);
#14442 = ORIENTED_EDGE('',*,*,#14443,.T.);
#14443 = EDGE_CURVE('',#14403,#14444,#14446,.T.);
#14444 = VERTEX_POINT('',#14445);
#14445 = CARTESIAN_POINT('',(-3.49,0.375,0.93988764291));
#14446 = LINE('',#14447,#14448);
#14447 = CARTESIAN_POINT('',(-3.49,1.8725,0.93988764291));
#14448 = VECTOR('',#14449,1.);
#14449 = DIRECTION('',(0.,-1.,0.));
#14450 = ORIENTED_EDGE('',*,*,#14451,.F.);
#14451 = EDGE_CURVE('',#14452,#14444,#14454,.T.);
#14452 = VERTEX_POINT('',#14453);
#14453 = CARTESIAN_POINT('',(-2.237701336216,0.375,0.93988764291));
#14454 = LINE('',#14455,#14456);
#14455 = CARTESIAN_POINT('',(-2.237701336216,0.375,0.93988764291));
#14456 = VECTOR('',#14457,1.);
#14457 = DIRECTION('',(-1.,0.,1.110223024625E-16));
#14458 = ORIENTED_EDGE('',*,*,#14459,.T.);
#14459 = EDGE_CURVE('',#14452,#14460,#14462,.T.);
#14460 = VERTEX_POINT('',#14461);
#14461 = CARTESIAN_POINT('',(-2.237701336216,-0.375,0.93988764291));
#14462 = LINE('',#14463,#14464);
#14463 = CARTESIAN_POINT('',(-2.237701336216,0.375,0.93988764291));
#14464 = VECTOR('',#14465,1.);
#14465 = DIRECTION('',(0.,-1.,0.));
#14466 = ORIENTED_EDGE('',*,*,#14467,.T.);
#14467 = EDGE_CURVE('',#14460,#14468,#14470,.T.);
#14468 = VERTEX_POINT('',#14469);
#14469 = CARTESIAN_POINT('',(-3.49,-0.375,0.93988764291));
#14470 = LINE('',#14471,#14472);
#14471 = CARTESIAN_POINT('',(-2.237701336216,-0.375,0.93988764291));
#14472 = VECTOR('',#14473,1.);
#14473 = DIRECTION('',(-1.,0.,1.110223024625E-16));
#14474 = ORIENTED_EDGE('',*,*,#14475,.T.);
#14475 = EDGE_CURVE('',#14468,#14476,#14478,.T.);
#14476 = VERTEX_POINT('',#14477);
#14477 = CARTESIAN_POINT('',(-3.49,-0.495,0.93988764291));
#14478 = LINE('',#14479,#14480);
#14479 = CARTESIAN_POINT('',(-3.49,1.8725,0.93988764291));
#14480 = VECTOR('',#14481,1.);
#14481 = DIRECTION('',(0.,-1.,0.));
#14482 = ORIENTED_EDGE('',*,*,#14483,.T.);
#14483 = EDGE_CURVE('',#14476,#14484,#14486,.T.);
#14484 = VERTEX_POINT('',#14485);
#14485 = CARTESIAN_POINT('',(-3.91,-0.495,0.93988764291));
#14486 = LINE('',#14487,#14488);
#14487 = CARTESIAN_POINT('',(-2.237701336216,-0.495,0.93988764291));
#14488 = VECTOR('',#14489,1.);
#14489 = DIRECTION('',(-1.,0.,1.110223024625E-16));
#14490 = ORIENTED_EDGE('',*,*,#14491,.T.);
#14491 = EDGE_CURVE('',#14484,#14405,#14492,.T.);
#14492 = LINE('',#14493,#14494);
#14493 = CARTESIAN_POINT('',(-3.91,5.551115123126E-17,0.93988764291));
#14494 = VECTOR('',#14495,1.);
#14495 = DIRECTION('',(0.,1.,0.));
#14496 = PLANE('',#14497);
#14497 = AXIS2_PLACEMENT_3D('',#14498,#14499,#14500);
#14498 = CARTESIAN_POINT('',(-2.237701336216,0.495,0.93988764291));
#14499 = DIRECTION('',(-1.110223024625E-16,-0.,-1.));
#14500 = DIRECTION('',(-1.,0.,1.110223024625E-16));
#14501 = ADVANCED_FACE('',(#14502),#14520,.T.);
#14502 = FACE_BOUND('',#14503,.T.);
#14503 = EDGE_LOOP('',(#14504,#14505,#14513,#14519));
#14504 = ORIENTED_EDGE('',*,*,#14428,.F.);
#14505 = ORIENTED_EDGE('',*,*,#14506,.F.);
#14506 = EDGE_CURVE('',#14507,#14421,#14509,.T.);
#14507 = VERTEX_POINT('',#14508);
#14508 = CARTESIAN_POINT('',(-3.49,0.375,1.43988764291));
#14509 = LINE('',#14510,#14511);
#14510 = CARTESIAN_POINT('',(-3.49,1.8725,1.43988764291));
#14511 = VECTOR('',#14512,1.);
#14512 = DIRECTION('',(0.,1.,0.));
#14513 = ORIENTED_EDGE('',*,*,#14514,.T.);
#14514 = EDGE_CURVE('',#14507,#14444,#14515,.T.);
#14515 = LINE('',#14516,#14517);
#14516 = CARTESIAN_POINT('',(-3.49,0.375,0.437372862773));
#14517 = VECTOR('',#14518,1.);
#14518 = DIRECTION('',(0.,-5.472315783042E-31,-1.));
#14519 = ORIENTED_EDGE('',*,*,#14443,.F.);
#14520 = PLANE('',#14521);
#14521 = AXIS2_PLACEMENT_3D('',#14522,#14523,#14524);
#14522 = CARTESIAN_POINT('',(-3.49,3.25,0.));
#14523 = DIRECTION('',(1.,0.,0.));
#14524 = DIRECTION('',(0.,-1.,0.));
#14525 = ADVANCED_FACE('',(#14526),#14576,.T.);
#14526 = FACE_BOUND('',#14527,.T.);
#14527 = EDGE_LOOP('',(#14528,#14529,#14537,#14545,#14553,#14561,#14569,
    #14575));
#14528 = ORIENTED_EDGE('',*,*,#14420,.F.);
#14529 = ORIENTED_EDGE('',*,*,#14530,.T.);
#14530 = EDGE_CURVE('',#14413,#14531,#14533,.T.);
#14531 = VERTEX_POINT('',#14532);
#14532 = CARTESIAN_POINT('',(-3.91,-0.495,1.43988764291));
#14533 = LINE('',#14534,#14535);
#14534 = CARTESIAN_POINT('',(-3.91,5.551115123126E-17,1.43988764291));
#14535 = VECTOR('',#14536,1.);
#14536 = DIRECTION('',(0.,-1.,0.));
#14537 = ORIENTED_EDGE('',*,*,#14538,.T.);
#14538 = EDGE_CURVE('',#14531,#14539,#14541,.T.);
#14539 = VERTEX_POINT('',#14540);
#14540 = CARTESIAN_POINT('',(-3.49,-0.495,1.43988764291));
#14541 = LINE('',#14542,#14543);
#14542 = CARTESIAN_POINT('',(-4.237701336216,-0.495,1.43988764291));
#14543 = VECTOR('',#14544,1.);
#14544 = DIRECTION('',(1.,0.,-1.110223024625E-16));
#14545 = ORIENTED_EDGE('',*,*,#14546,.T.);
#14546 = EDGE_CURVE('',#14539,#14547,#14549,.T.);
#14547 = VERTEX_POINT('',#14548);
#14548 = CARTESIAN_POINT('',(-3.49,-0.375,1.43988764291));
#14549 = LINE('',#14550,#14551);
#14550 = CARTESIAN_POINT('',(-3.49,1.8725,1.43988764291));
#14551 = VECTOR('',#14552,1.);
#14552 = DIRECTION('',(0.,1.,0.));
#14553 = ORIENTED_EDGE('',*,*,#14554,.T.);
#14554 = EDGE_CURVE('',#14547,#14555,#14557,.T.);
#14555 = VERTEX_POINT('',#14556);
#14556 = CARTESIAN_POINT('',(-2.237701336216,-0.375,1.43988764291));
#14557 = LINE('',#14558,#14559);
#14558 = CARTESIAN_POINT('',(-4.237701336216,-0.375,1.43988764291));
#14559 = VECTOR('',#14560,1.);
#14560 = DIRECTION('',(1.,0.,-1.110223024625E-16));
#14561 = ORIENTED_EDGE('',*,*,#14562,.F.);
#14562 = EDGE_CURVE('',#14563,#14555,#14565,.T.);
#14563 = VERTEX_POINT('',#14564);
#14564 = CARTESIAN_POINT('',(-2.237701336216,0.375,1.43988764291));
#14565 = LINE('',#14566,#14567);
#14566 = CARTESIAN_POINT('',(-2.237701336216,0.375,1.43988764291));
#14567 = VECTOR('',#14568,1.);
#14568 = DIRECTION('',(0.,-1.,0.));
#14569 = ORIENTED_EDGE('',*,*,#14570,.F.);
#14570 = EDGE_CURVE('',#14507,#14563,#14571,.T.);
#14571 = LINE('',#14572,#14573);
#14572 = CARTESIAN_POINT('',(-4.237701336216,0.375,1.43988764291));
#14573 = VECTOR('',#14574,1.);
#14574 = DIRECTION('',(1.,0.,-1.110223024625E-16));
#14575 = ORIENTED_EDGE('',*,*,#14506,.T.);
#14576 = PLANE('',#14577);
#14577 = AXIS2_PLACEMENT_3D('',#14578,#14579,#14580);
#14578 = CARTESIAN_POINT('',(-4.237701336216,0.495,1.43988764291));
#14579 = DIRECTION('',(1.110223024625E-16,0.,1.));
#14580 = DIRECTION('',(1.,0.,-1.110223024625E-16));
#14581 = ADVANCED_FACE('',(#14582),#14593,.T.);
#14582 = FACE_BOUND('',#14583,.T.);
#14583 = EDGE_LOOP('',(#14584,#14585,#14591,#14592));
#14584 = ORIENTED_EDGE('',*,*,#14491,.F.);
#14585 = ORIENTED_EDGE('',*,*,#14586,.T.);
#14586 = EDGE_CURVE('',#14484,#14531,#14587,.T.);
#14587 = LINE('',#14588,#14589);
#14588 = CARTESIAN_POINT('',(-3.91,-0.495,0.));
#14589 = VECTOR('',#14590,1.);
#14590 = DIRECTION('',(0.,0.,1.));
#14591 = ORIENTED_EDGE('',*,*,#14530,.F.);
#14592 = ORIENTED_EDGE('',*,*,#14412,.F.);
#14593 = PLANE('',#14594);
#14594 = AXIS2_PLACEMENT_3D('',#14595,#14596,#14597);
#14595 = CARTESIAN_POINT('',(-3.91,-0.495,0.));
#14596 = DIRECTION('',(-1.,0.,0.));
#14597 = DIRECTION('',(0.,1.,0.));
#14598 = ADVANCED_FACE('',(#14599),#14610,.F.);
#14599 = FACE_BOUND('',#14600,.F.);
#14600 = EDGE_LOOP('',(#14601,#14602,#14603,#14604));
#14601 = ORIENTED_EDGE('',*,*,#14483,.T.);
#14602 = ORIENTED_EDGE('',*,*,#14586,.T.);
#14603 = ORIENTED_EDGE('',*,*,#14538,.T.);
#14604 = ORIENTED_EDGE('',*,*,#14605,.T.);
#14605 = EDGE_CURVE('',#14539,#14476,#14606,.T.);
#14606 = LINE('',#14607,#14608);
#14607 = CARTESIAN_POINT('',(-3.49,-0.495,0.437372862773));
#14608 = VECTOR('',#14609,1.);
#14609 = DIRECTION('',(0.,-5.472315783042E-31,-1.));
#14610 = PLANE('',#14611);
#14611 = AXIS2_PLACEMENT_3D('',#14612,#14613,#14614);
#14612 = CARTESIAN_POINT('',(-4.091426690538,-0.495,0.874745725546));
#14613 = DIRECTION('',(1.925014880134E-31,1.,-5.472315783042E-31));
#14614 = DIRECTION('',(0.,5.472315783042E-31,1.));
#14615 = ADVANCED_FACE('',(#14616),#14627,.T.);
#14616 = FACE_BOUND('',#14617,.T.);
#14617 = EDGE_LOOP('',(#14618,#14624,#14625,#14626));
#14618 = ORIENTED_EDGE('',*,*,#14619,.F.);
#14619 = EDGE_CURVE('',#14547,#14468,#14620,.T.);
#14620 = LINE('',#14621,#14622);
#14621 = CARTESIAN_POINT('',(-3.49,-0.375,0.437372862773));
#14622 = VECTOR('',#14623,1.);
#14623 = DIRECTION('',(0.,-5.472315783042E-31,-1.));
#14624 = ORIENTED_EDGE('',*,*,#14546,.F.);
#14625 = ORIENTED_EDGE('',*,*,#14605,.T.);
#14626 = ORIENTED_EDGE('',*,*,#14475,.F.);
#14627 = PLANE('',#14628);
#14628 = AXIS2_PLACEMENT_3D('',#14629,#14630,#14631);
#14629 = CARTESIAN_POINT('',(-3.49,3.25,0.));
#14630 = DIRECTION('',(1.,0.,0.));
#14631 = DIRECTION('',(0.,-1.,0.));
#14632 = ADVANCED_FACE('',(#14633),#14644,.F.);
#14633 = FACE_BOUND('',#14634,.F.);
#14634 = EDGE_LOOP('',(#14635,#14636,#14637,#14643));
#14635 = ORIENTED_EDGE('',*,*,#14619,.F.);
#14636 = ORIENTED_EDGE('',*,*,#14554,.T.);
#14637 = ORIENTED_EDGE('',*,*,#14638,.T.);
#14638 = EDGE_CURVE('',#14555,#14460,#14639,.T.);
#14639 = LINE('',#14640,#14641);
#14640 = CARTESIAN_POINT('',(-2.237701336216,-0.375,1.43988764291));
#14641 = VECTOR('',#14642,1.);
#14642 = DIRECTION('',(0.,0.,-1.));
#14643 = ORIENTED_EDGE('',*,*,#14467,.T.);
#14644 = PLANE('',#14645);
#14645 = AXIS2_PLACEMENT_3D('',#14646,#14647,#14648);
#14646 = CARTESIAN_POINT('',(-4.091426690538,-0.375,0.874745725546));
#14647 = DIRECTION('',(1.925014880134E-31,1.,-5.472315783042E-31));
#14648 = DIRECTION('',(0.,5.472315783042E-31,1.));
#14649 = ADVANCED_FACE('',(#14650),#14661,.T.);
#14650 = FACE_BOUND('',#14651,.T.);
#14651 = EDGE_LOOP('',(#14652,#14653,#14654,#14655));
#14652 = ORIENTED_EDGE('',*,*,#14562,.T.);
#14653 = ORIENTED_EDGE('',*,*,#14638,.T.);
#14654 = ORIENTED_EDGE('',*,*,#14459,.F.);
#14655 = ORIENTED_EDGE('',*,*,#14656,.F.);
#14656 = EDGE_CURVE('',#14563,#14452,#14657,.T.);
#14657 = LINE('',#14658,#14659);
#14658 = CARTESIAN_POINT('',(-2.237701336216,0.375,1.43988764291));
#14659 = VECTOR('',#14660,1.);
#14660 = DIRECTION('',(0.,0.,-1.));
#14661 = PLANE('',#14662);
#14662 = AXIS2_PLACEMENT_3D('',#14663,#14664,#14665);
#14663 = CARTESIAN_POINT('',(-2.237701336216,0.375,1.43988764291));
#14664 = DIRECTION('',(1.,0.,0.));
#14665 = DIRECTION('',(0.,0.,-1.));
#14666 = ADVANCED_FACE('',(#14667),#14673,.T.);
#14667 = FACE_BOUND('',#14668,.T.);
#14668 = EDGE_LOOP('',(#14669,#14670,#14671,#14672));
#14669 = ORIENTED_EDGE('',*,*,#14514,.F.);
#14670 = ORIENTED_EDGE('',*,*,#14570,.T.);
#14671 = ORIENTED_EDGE('',*,*,#14656,.T.);
#14672 = ORIENTED_EDGE('',*,*,#14451,.T.);
#14673 = PLANE('',#14674);
#14674 = AXIS2_PLACEMENT_3D('',#14675,#14676,#14677);
#14675 = CARTESIAN_POINT('',(-4.091426690538,0.375,0.874745725546));
#14676 = DIRECTION('',(1.925014880134E-31,1.,-5.472315783042E-31));
#14677 = DIRECTION('',(0.,5.472315783042E-31,1.));
#14678 = MANIFOLD_SOLID_BREP('',#14679);
#14679 = CLOSED_SHELL('',(#14680,#14738,#14804,#14860,#14884,#14940,
    #14999,#15016,#15033,#15100,#15117,#15148,#15172,#15197,#15214,
    #15238,#15263,#15280,#15303,#15320,#15339,#15356));
#14680 = ADVANCED_FACE('',(#14681),#14733,.T.);
#14681 = FACE_BOUND('',#14682,.T.);
#14682 = EDGE_LOOP('',(#14683,#14694,#14702,#14711,#14719,#14727));
#14683 = ORIENTED_EDGE('',*,*,#14684,.T.);
#14684 = EDGE_CURVE('',#14685,#14687,#14689,.T.);
#14685 = VERTEX_POINT('',#14686);
#14686 = CARTESIAN_POINT('',(-4.237701336216,2.775,0.93988764291));
#14687 = VERTEX_POINT('',#14688);
#14688 = CARTESIAN_POINT('',(-4.24,2.775,0.939877074976));
#14689 = CIRCLE('',#14690,0.25);
#14690 = AXIS2_PLACEMENT_3D('',#14691,#14692,#14693);
#14691 = CARTESIAN_POINT('',(-4.237701336216,2.775,0.68988764291));
#14692 = DIRECTION('',(0.,-1.,0.));
#14693 = DIRECTION('',(-3.5527136788E-15,0.,1.));
#14694 = ORIENTED_EDGE('',*,*,#14695,.T.);
#14695 = EDGE_CURVE('',#14687,#14696,#14698,.T.);
#14696 = VERTEX_POINT('',#14697);
#14697 = CARTESIAN_POINT('',(-4.24,2.775,1.439884120332));
#14698 = LINE('',#14699,#14700);
#14699 = CARTESIAN_POINT('',(-4.24,2.775,0.437372862773));
#14700 = VECTOR('',#14701,1.);
#14701 = DIRECTION('',(0.,5.472315783042E-31,1.));
#14702 = ORIENTED_EDGE('',*,*,#14703,.T.);
#14703 = EDGE_CURVE('',#14696,#14704,#14706,.T.);
#14704 = VERTEX_POINT('',#14705);
#14705 = CARTESIAN_POINT('',(-4.237701336216,2.775,1.43988764291));
#14706 = CIRCLE('',#14707,0.75);
#14707 = AXIS2_PLACEMENT_3D('',#14708,#14709,#14710);
#14708 = CARTESIAN_POINT('',(-4.237701336216,2.775,0.68988764291));
#14709 = DIRECTION('',(0.,1.,-0.));
#14710 = DIRECTION('',(-0.939692620786,0.,0.342020143326));
#14711 = ORIENTED_EDGE('',*,*,#14712,.T.);
#14712 = EDGE_CURVE('',#14704,#14713,#14715,.T.);
#14713 = VERTEX_POINT('',#14714);
#14714 = CARTESIAN_POINT('',(-3.49,2.775,1.43988764291));
#14715 = LINE('',#14716,#14717);
#14716 = CARTESIAN_POINT('',(-4.237701336216,2.775,1.43988764291));
#14717 = VECTOR('',#14718,1.);
#14718 = DIRECTION('',(1.,0.,-1.110223024625E-16));
#14719 = ORIENTED_EDGE('',*,*,#14720,.T.);
#14720 = EDGE_CURVE('',#14713,#14721,#14723,.T.);
#14721 = VERTEX_POINT('',#14722);
#14722 = CARTESIAN_POINT('',(-3.49,2.775,0.93988764291));
#14723 = LINE('',#14724,#14725);
#14724 = CARTESIAN_POINT('',(-3.49,2.775,0.437372862773));
#14725 = VECTOR('',#14726,1.);
#14726 = DIRECTION('',(0.,-5.472315783042E-31,-1.));
#14727 = ORIENTED_EDGE('',*,*,#14728,.T.);
#14728 = EDGE_CURVE('',#14721,#14685,#14729,.T.);
#14729 = LINE('',#14730,#14731);
#14730 = CARTESIAN_POINT('',(-2.237701336216,2.775,0.93988764291));
#14731 = VECTOR('',#14732,1.);
#14732 = DIRECTION('',(-1.,0.,1.110223024625E-16));
#14733 = PLANE('',#14734);
#14734 = AXIS2_PLACEMENT_3D('',#14735,#14736,#14737);
#14735 = CARTESIAN_POINT('',(-4.091426690538,2.775,0.874745725546));
#14736 = DIRECTION('',(1.925014880134E-31,1.,-5.472315783042E-31));
#14737 = DIRECTION('',(0.,5.472315783042E-31,1.));
#14738 = ADVANCED_FACE('',(#14739),#14799,.F.);
#14739 = FACE_BOUND('',#14740,.F.);
#14740 = EDGE_LOOP('',(#14741,#14749,#14758,#14766,#14775,#14783,#14792,
    #14798));
#14741 = ORIENTED_EDGE('',*,*,#14742,.F.);
#14742 = EDGE_CURVE('',#14743,#14687,#14745,.T.);
#14743 = VERTEX_POINT('',#14744);
#14744 = CARTESIAN_POINT('',(-4.24,2.655,0.939877074976));
#14745 = LINE('',#14746,#14747);
#14746 = CARTESIAN_POINT('',(-4.24,2.775,0.939877074976));
#14747 = VECTOR('',#14748,1.);
#14748 = DIRECTION('',(0.,1.,0.));
#14749 = ORIENTED_EDGE('',*,*,#14750,.T.);
#14750 = EDGE_CURVE('',#14743,#14751,#14753,.T.);
#14751 = VERTEX_POINT('',#14752);
#14752 = CARTESIAN_POINT('',(-4.472624491413,2.655,0.775392678742));
#14753 = CIRCLE('',#14754,0.25);
#14754 = AXIS2_PLACEMENT_3D('',#14755,#14756,#14757);
#14755 = CARTESIAN_POINT('',(-4.237701336216,2.655,0.68988764291));
#14756 = DIRECTION('',(0.,-1.,0.));
#14757 = DIRECTION('',(-3.5527136788E-15,0.,1.));
#14758 = ORIENTED_EDGE('',*,*,#14759,.T.);
#14759 = EDGE_CURVE('',#14751,#14760,#14762,.T.);
#14760 = VERTEX_POINT('',#14761);
#14761 = CARTESIAN_POINT('',(-4.472624491413,1.905,0.775392678742));
#14762 = LINE('',#14763,#14764);
#14763 = CARTESIAN_POINT('',(-4.472624491413,2.655,0.775392678742));
#14764 = VECTOR('',#14765,1.);
#14765 = DIRECTION('',(0.,-1.,0.));
#14766 = ORIENTED_EDGE('',*,*,#14767,.F.);
#14767 = EDGE_CURVE('',#14768,#14760,#14770,.T.);
#14768 = VERTEX_POINT('',#14769);
#14769 = CARTESIAN_POINT('',(-4.24,1.905,0.939877074976));
#14770 = CIRCLE('',#14771,0.25);
#14771 = AXIS2_PLACEMENT_3D('',#14772,#14773,#14774);
#14772 = CARTESIAN_POINT('',(-4.237701336216,1.905,0.68988764291));
#14773 = DIRECTION('',(0.,-1.,0.));
#14774 = DIRECTION('',(-3.5527136788E-15,0.,1.));
#14775 = ORIENTED_EDGE('',*,*,#14776,.F.);
#14776 = EDGE_CURVE('',#14777,#14768,#14779,.T.);
#14777 = VERTEX_POINT('',#14778);
#14778 = CARTESIAN_POINT('',(-4.24,1.785,0.939877074976));
#14779 = LINE('',#14780,#14781);
#14780 = CARTESIAN_POINT('',(-4.24,2.775,0.939877074976));
#14781 = VECTOR('',#14782,1.);
#14782 = DIRECTION('',(0.,1.,0.));
#14783 = ORIENTED_EDGE('',*,*,#14784,.F.);
#14784 = EDGE_CURVE('',#14785,#14777,#14787,.T.);
#14785 = VERTEX_POINT('',#14786);
#14786 = CARTESIAN_POINT('',(-4.237701336216,1.785,0.93988764291));
#14787 = CIRCLE('',#14788,0.25);
#14788 = AXIS2_PLACEMENT_3D('',#14789,#14790,#14791);
#14789 = CARTESIAN_POINT('',(-4.237701336216,1.785,0.68988764291));
#14790 = DIRECTION('',(0.,-1.,0.));
#14791 = DIRECTION('',(-3.5527136788E-15,0.,1.));
#14792 = ORIENTED_EDGE('',*,*,#14793,.F.);
#14793 = EDGE_CURVE('',#14685,#14785,#14794,.T.);
#14794 = LINE('',#14795,#14796);
#14795 = CARTESIAN_POINT('',(-4.237701336216,2.775,0.93988764291));
#14796 = VECTOR('',#14797,1.);
#14797 = DIRECTION('',(0.,-1.,0.));
#14798 = ORIENTED_EDGE('',*,*,#14684,.T.);
#14799 = CYLINDRICAL_SURFACE('',#14800,0.25);
#14800 = AXIS2_PLACEMENT_3D('',#14801,#14802,#14803);
#14801 = CARTESIAN_POINT('',(-4.237701336216,2.775,0.68988764291));
#14802 = DIRECTION('',(0.,1.,0.));
#14803 = DIRECTION('',(-3.5527136788E-15,0.,1.));
#14804 = ADVANCED_FACE('',(#14805),#14855,.T.);
#14805 = FACE_BOUND('',#14806,.T.);
#14806 = EDGE_LOOP('',(#14807,#14808,#14816,#14824,#14832,#14840,#14848,
    #14854));
#14807 = ORIENTED_EDGE('',*,*,#14728,.F.);
#14808 = ORIENTED_EDGE('',*,*,#14809,.T.);
#14809 = EDGE_CURVE('',#14721,#14810,#14812,.T.);
#14810 = VERTEX_POINT('',#14811);
#14811 = CARTESIAN_POINT('',(-3.49,2.655,0.93988764291));
#14812 = LINE('',#14813,#14814);
#14813 = CARTESIAN_POINT('',(-3.49,3.0125,0.93988764291));
#14814 = VECTOR('',#14815,1.);
#14815 = DIRECTION('',(0.,-1.,0.));
#14816 = ORIENTED_EDGE('',*,*,#14817,.F.);
#14817 = EDGE_CURVE('',#14818,#14810,#14820,.T.);
#14818 = VERTEX_POINT('',#14819);
#14819 = CARTESIAN_POINT('',(-2.237701336216,2.655,0.93988764291));
#14820 = LINE('',#14821,#14822);
#14821 = CARTESIAN_POINT('',(-2.237701336216,2.655,0.93988764291));
#14822 = VECTOR('',#14823,1.);
#14823 = DIRECTION('',(-1.,0.,1.110223024625E-16));
#14824 = ORIENTED_EDGE('',*,*,#14825,.T.);
#14825 = EDGE_CURVE('',#14818,#14826,#14828,.T.);
#14826 = VERTEX_POINT('',#14827);
#14827 = CARTESIAN_POINT('',(-2.237701336216,1.905,0.93988764291));
#14828 = LINE('',#14829,#14830);
#14829 = CARTESIAN_POINT('',(-2.237701336216,2.655,0.93988764291));
#14830 = VECTOR('',#14831,1.);
#14831 = DIRECTION('',(0.,-1.,0.));
#14832 = ORIENTED_EDGE('',*,*,#14833,.T.);
#14833 = EDGE_CURVE('',#14826,#14834,#14836,.T.);
#14834 = VERTEX_POINT('',#14835);
#14835 = CARTESIAN_POINT('',(-3.49,1.905,0.93988764291));
#14836 = LINE('',#14837,#14838);
#14837 = CARTESIAN_POINT('',(-2.237701336216,1.905,0.93988764291));
#14838 = VECTOR('',#14839,1.);
#14839 = DIRECTION('',(-1.,0.,1.110223024625E-16));
#14840 = ORIENTED_EDGE('',*,*,#14841,.T.);
#14841 = EDGE_CURVE('',#14834,#14842,#14844,.T.);
#14842 = VERTEX_POINT('',#14843);
#14843 = CARTESIAN_POINT('',(-3.49,1.785,0.93988764291));
#14844 = LINE('',#14845,#14846);
#14845 = CARTESIAN_POINT('',(-3.49,3.0125,0.93988764291));
#14846 = VECTOR('',#14847,1.);
#14847 = DIRECTION('',(0.,-1.,0.));
#14848 = ORIENTED_EDGE('',*,*,#14849,.T.);
#14849 = EDGE_CURVE('',#14842,#14785,#14850,.T.);
#14850 = LINE('',#14851,#14852);
#14851 = CARTESIAN_POINT('',(-2.237701336216,1.785,0.93988764291));
#14852 = VECTOR('',#14853,1.);
#14853 = DIRECTION('',(-1.,0.,1.110223024625E-16));
#14854 = ORIENTED_EDGE('',*,*,#14793,.F.);
#14855 = PLANE('',#14856);
#14856 = AXIS2_PLACEMENT_3D('',#14857,#14858,#14859);
#14857 = CARTESIAN_POINT('',(-2.237701336216,2.775,0.93988764291));
#14858 = DIRECTION('',(-1.110223024625E-16,-0.,-1.));
#14859 = DIRECTION('',(-1.,0.,1.110223024625E-16));
#14860 = ADVANCED_FACE('',(#14861),#14879,.T.);
#14861 = FACE_BOUND('',#14862,.T.);
#14862 = EDGE_LOOP('',(#14863,#14864,#14872,#14878));
#14863 = ORIENTED_EDGE('',*,*,#14720,.F.);
#14864 = ORIENTED_EDGE('',*,*,#14865,.F.);
#14865 = EDGE_CURVE('',#14866,#14713,#14868,.T.);
#14866 = VERTEX_POINT('',#14867);
#14867 = CARTESIAN_POINT('',(-3.49,2.655,1.43988764291));
#14868 = LINE('',#14869,#14870);
#14869 = CARTESIAN_POINT('',(-3.49,3.0125,1.43988764291));
#14870 = VECTOR('',#14871,1.);
#14871 = DIRECTION('',(0.,1.,0.));
#14872 = ORIENTED_EDGE('',*,*,#14873,.T.);
#14873 = EDGE_CURVE('',#14866,#14810,#14874,.T.);
#14874 = LINE('',#14875,#14876);
#14875 = CARTESIAN_POINT('',(-3.49,2.655,0.437372862773));
#14876 = VECTOR('',#14877,1.);
#14877 = DIRECTION('',(0.,-5.472315783042E-31,-1.));
#14878 = ORIENTED_EDGE('',*,*,#14809,.F.);
#14879 = PLANE('',#14880);
#14880 = AXIS2_PLACEMENT_3D('',#14881,#14882,#14883);
#14881 = CARTESIAN_POINT('',(-3.49,3.25,0.));
#14882 = DIRECTION('',(1.,0.,0.));
#14883 = DIRECTION('',(0.,-1.,0.));
#14884 = ADVANCED_FACE('',(#14885),#14935,.T.);
#14885 = FACE_BOUND('',#14886,.T.);
#14886 = EDGE_LOOP('',(#14887,#14888,#14896,#14904,#14912,#14920,#14928,
    #14934));
#14887 = ORIENTED_EDGE('',*,*,#14712,.F.);
#14888 = ORIENTED_EDGE('',*,*,#14889,.T.);
#14889 = EDGE_CURVE('',#14704,#14890,#14892,.T.);
#14890 = VERTEX_POINT('',#14891);
#14891 = CARTESIAN_POINT('',(-4.237701336216,1.785,1.43988764291));
#14892 = LINE('',#14893,#14894);
#14893 = CARTESIAN_POINT('',(-4.237701336216,2.775,1.43988764291));
#14894 = VECTOR('',#14895,1.);
#14895 = DIRECTION('',(0.,-1.,0.));
#14896 = ORIENTED_EDGE('',*,*,#14897,.T.);
#14897 = EDGE_CURVE('',#14890,#14898,#14900,.T.);
#14898 = VERTEX_POINT('',#14899);
#14899 = CARTESIAN_POINT('',(-3.49,1.785,1.43988764291));
#14900 = LINE('',#14901,#14902);
#14901 = CARTESIAN_POINT('',(-4.237701336216,1.785,1.43988764291));
#14902 = VECTOR('',#14903,1.);
#14903 = DIRECTION('',(1.,0.,-1.110223024625E-16));
#14904 = ORIENTED_EDGE('',*,*,#14905,.T.);
#14905 = EDGE_CURVE('',#14898,#14906,#14908,.T.);
#14906 = VERTEX_POINT('',#14907);
#14907 = CARTESIAN_POINT('',(-3.49,1.905,1.43988764291));
#14908 = LINE('',#14909,#14910);
#14909 = CARTESIAN_POINT('',(-3.49,3.0125,1.43988764291));
#14910 = VECTOR('',#14911,1.);
#14911 = DIRECTION('',(0.,1.,0.));
#14912 = ORIENTED_EDGE('',*,*,#14913,.T.);
#14913 = EDGE_CURVE('',#14906,#14914,#14916,.T.);
#14914 = VERTEX_POINT('',#14915);
#14915 = CARTESIAN_POINT('',(-2.237701336216,1.905,1.43988764291));
#14916 = LINE('',#14917,#14918);
#14917 = CARTESIAN_POINT('',(-4.237701336216,1.905,1.43988764291));
#14918 = VECTOR('',#14919,1.);
#14919 = DIRECTION('',(1.,0.,-1.110223024625E-16));
#14920 = ORIENTED_EDGE('',*,*,#14921,.F.);
#14921 = EDGE_CURVE('',#14922,#14914,#14924,.T.);
#14922 = VERTEX_POINT('',#14923);
#14923 = CARTESIAN_POINT('',(-2.237701336216,2.655,1.43988764291));
#14924 = LINE('',#14925,#14926);
#14925 = CARTESIAN_POINT('',(-2.237701336216,2.655,1.43988764291));
#14926 = VECTOR('',#14927,1.);
#14927 = DIRECTION('',(0.,-1.,0.));
#14928 = ORIENTED_EDGE('',*,*,#14929,.F.);
#14929 = EDGE_CURVE('',#14866,#14922,#14930,.T.);
#14930 = LINE('',#14931,#14932);
#14931 = CARTESIAN_POINT('',(-4.237701336216,2.655,1.43988764291));
#14932 = VECTOR('',#14933,1.);
#14933 = DIRECTION('',(1.,0.,-1.110223024625E-16));
#14934 = ORIENTED_EDGE('',*,*,#14865,.T.);
#14935 = PLANE('',#14936);
#14936 = AXIS2_PLACEMENT_3D('',#14937,#14938,#14939);
#14937 = CARTESIAN_POINT('',(-4.237701336216,2.775,1.43988764291));
#14938 = DIRECTION('',(1.110223024625E-16,0.,1.));
#14939 = DIRECTION('',(1.,0.,-1.110223024625E-16));
#14940 = ADVANCED_FACE('',(#14941),#14994,.T.);
#14941 = FACE_BOUND('',#14942,.T.);
#14942 = EDGE_LOOP('',(#14943,#14944,#14952,#14961,#14969,#14978,#14986,
    #14993));
#14943 = ORIENTED_EDGE('',*,*,#14703,.F.);
#14944 = ORIENTED_EDGE('',*,*,#14945,.F.);
#14945 = EDGE_CURVE('',#14946,#14696,#14948,.T.);
#14946 = VERTEX_POINT('',#14947);
#14947 = CARTESIAN_POINT('',(-4.24,2.655,1.439884120332));
#14948 = LINE('',#14949,#14950);
#14949 = CARTESIAN_POINT('',(-4.24,2.775,1.439884120332));
#14950 = VECTOR('',#14951,1.);
#14951 = DIRECTION('',(0.,1.,0.));
#14952 = ORIENTED_EDGE('',*,*,#14953,.F.);
#14953 = EDGE_CURVE('',#14954,#14946,#14956,.T.);
#14954 = VERTEX_POINT('',#14955);
#14955 = CARTESIAN_POINT('',(-4.942470801806,2.655,0.946402750404));
#14956 = CIRCLE('',#14957,0.75);
#14957 = AXIS2_PLACEMENT_3D('',#14958,#14959,#14960);
#14958 = CARTESIAN_POINT('',(-4.237701336216,2.655,0.68988764291));
#14959 = DIRECTION('',(0.,1.,-0.));
#14960 = DIRECTION('',(-0.939692620786,0.,0.342020143326));
#14961 = ORIENTED_EDGE('',*,*,#14962,.T.);
#14962 = EDGE_CURVE('',#14954,#14963,#14965,.T.);
#14963 = VERTEX_POINT('',#14964);
#14964 = CARTESIAN_POINT('',(-4.942470801806,1.905,0.946402750404));
#14965 = LINE('',#14966,#14967);
#14966 = CARTESIAN_POINT('',(-4.942470801806,2.655,0.946402750404));
#14967 = VECTOR('',#14968,1.);
#14968 = DIRECTION('',(0.,-1.,0.));
#14969 = ORIENTED_EDGE('',*,*,#14970,.T.);
#14970 = EDGE_CURVE('',#14963,#14971,#14973,.T.);
#14971 = VERTEX_POINT('',#14972);
#14972 = CARTESIAN_POINT('',(-4.24,1.905,1.439884120332));
#14973 = CIRCLE('',#14974,0.75);
#14974 = AXIS2_PLACEMENT_3D('',#14975,#14976,#14977);
#14975 = CARTESIAN_POINT('',(-4.237701336216,1.905,0.68988764291));
#14976 = DIRECTION('',(0.,1.,-0.));
#14977 = DIRECTION('',(-0.939692620786,0.,0.342020143326));
#14978 = ORIENTED_EDGE('',*,*,#14979,.F.);
#14979 = EDGE_CURVE('',#14980,#14971,#14982,.T.);
#14980 = VERTEX_POINT('',#14981);
#14981 = CARTESIAN_POINT('',(-4.24,1.785,1.439884120332));
#14982 = LINE('',#14983,#14984);
#14983 = CARTESIAN_POINT('',(-4.24,2.775,1.439884120332));
#14984 = VECTOR('',#14985,1.);
#14985 = DIRECTION('',(0.,1.,0.));
#14986 = ORIENTED_EDGE('',*,*,#14987,.T.);
#14987 = EDGE_CURVE('',#14980,#14890,#14988,.T.);
#14988 = CIRCLE('',#14989,0.75);
#14989 = AXIS2_PLACEMENT_3D('',#14990,#14991,#14992);
#14990 = CARTESIAN_POINT('',(-4.237701336216,1.785,0.68988764291));
#14991 = DIRECTION('',(0.,1.,-0.));
#14992 = DIRECTION('',(-0.939692620786,0.,0.342020143326));
#14993 = ORIENTED_EDGE('',*,*,#14889,.F.);
#14994 = CYLINDRICAL_SURFACE('',#14995,0.75);
#14995 = AXIS2_PLACEMENT_3D('',#14996,#14997,#14998);
#14996 = CARTESIAN_POINT('',(-4.237701336216,2.775,0.68988764291));
#14997 = DIRECTION('',(0.,1.,0.));
#14998 = DIRECTION('',(-0.939692620786,0.,0.342020143326));
#14999 = ADVANCED_FACE('',(#15000),#15011,.T.);
#15000 = FACE_BOUND('',#15001,.T.);
#15001 = EDGE_LOOP('',(#15002,#15003,#15004,#15010));
#15002 = ORIENTED_EDGE('',*,*,#14695,.F.);
#15003 = ORIENTED_EDGE('',*,*,#14742,.F.);
#15004 = ORIENTED_EDGE('',*,*,#15005,.T.);
#15005 = EDGE_CURVE('',#14743,#14946,#15006,.T.);
#15006 = LINE('',#15007,#15008);
#15007 = CARTESIAN_POINT('',(-4.24,2.655,0.437372862773));
#15008 = VECTOR('',#15009,1.);
#15009 = DIRECTION('',(0.,5.472315783042E-31,1.));
#15010 = ORIENTED_EDGE('',*,*,#14945,.T.);
#15011 = PLANE('',#15012);
#15012 = AXIS2_PLACEMENT_3D('',#15013,#15014,#15015);
#15013 = CARTESIAN_POINT('',(-4.24,-3.25,0.));
#15014 = DIRECTION('',(-1.,0.,0.));
#15015 = DIRECTION('',(0.,1.,0.));
#15016 = ADVANCED_FACE('',(#15017),#15028,.T.);
#15017 = FACE_BOUND('',#15018,.T.);
#15018 = EDGE_LOOP('',(#15019,#15020,#15021,#15027));
#15019 = ORIENTED_EDGE('',*,*,#14873,.F.);
#15020 = ORIENTED_EDGE('',*,*,#14929,.T.);
#15021 = ORIENTED_EDGE('',*,*,#15022,.T.);
#15022 = EDGE_CURVE('',#14922,#14818,#15023,.T.);
#15023 = LINE('',#15024,#15025);
#15024 = CARTESIAN_POINT('',(-2.237701336216,2.655,1.43988764291));
#15025 = VECTOR('',#15026,1.);
#15026 = DIRECTION('',(0.,0.,-1.));
#15027 = ORIENTED_EDGE('',*,*,#14817,.T.);
#15028 = PLANE('',#15029);
#15029 = AXIS2_PLACEMENT_3D('',#15030,#15031,#15032);
#15030 = CARTESIAN_POINT('',(-4.091426690538,2.655,0.874745725546));
#15031 = DIRECTION('',(1.925014880134E-31,1.,-5.472315783042E-31));
#15032 = DIRECTION('',(0.,5.472315783042E-31,1.));
#15033 = ADVANCED_FACE('',(#15034),#15095,.T.);
#15034 = FACE_BOUND('',#15035,.T.);
#15035 = EDGE_LOOP('',(#15036,#15046,#15054,#15063,#15069,#15070,#15071,
    #15072,#15080,#15089));
#15036 = ORIENTED_EDGE('',*,*,#15037,.T.);
#15037 = EDGE_CURVE('',#15038,#15040,#15042,.T.);
#15038 = VERTEX_POINT('',#15039);
#15039 = CARTESIAN_POINT('',(-5.79,2.655,-2.70609920631E-16));
#15040 = VERTEX_POINT('',#15041);
#15041 = CARTESIAN_POINT('',(-5.79,2.655,0.5));
#15042 = LINE('',#15043,#15044);
#15043 = CARTESIAN_POINT('',(-5.79,2.655,-2.70609920631E-16));
#15044 = VECTOR('',#15045,1.);
#15045 = DIRECTION('',(1.7763568394E-15,0.,1.));
#15046 = ORIENTED_EDGE('',*,*,#15047,.T.);
#15047 = EDGE_CURVE('',#15040,#15048,#15050,.T.);
#15048 = VERTEX_POINT('',#15049);
#15049 = CARTESIAN_POINT('',(-5.28,2.655,0.5));
#15050 = LINE('',#15051,#15052);
#15051 = CARTESIAN_POINT('',(-5.79,2.655,0.5));
#15052 = VECTOR('',#15053,1.);
#15053 = DIRECTION('',(1.,0.,0.));
#15054 = ORIENTED_EDGE('',*,*,#15055,.T.);
#15055 = EDGE_CURVE('',#15048,#15056,#15058,.T.);
#15056 = VERTEX_POINT('',#15057);
#15057 = CARTESIAN_POINT('',(-5.045076844804,2.655,0.664494964169));
#15058 = CIRCLE('',#15059,0.25);
#15059 = AXIS2_PLACEMENT_3D('',#15060,#15061,#15062);
#15060 = CARTESIAN_POINT('',(-5.28,2.655,0.75));
#15061 = DIRECTION('',(0.,-1.,0.));
#15062 = DIRECTION('',(0.,0.,-1.));
#15063 = ORIENTED_EDGE('',*,*,#15064,.T.);
#15064 = EDGE_CURVE('',#15056,#14954,#15065,.T.);
#15065 = LINE('',#15066,#15067);
#15066 = CARTESIAN_POINT('',(-5.045076844804,2.655,0.664494964169));
#15067 = VECTOR('',#15068,1.);
#15068 = DIRECTION('',(0.342020143326,0.,0.939692620786));
#15069 = ORIENTED_EDGE('',*,*,#14953,.T.);
#15070 = ORIENTED_EDGE('',*,*,#15005,.F.);
#15071 = ORIENTED_EDGE('',*,*,#14750,.T.);
#15072 = ORIENTED_EDGE('',*,*,#15073,.T.);
#15073 = EDGE_CURVE('',#14751,#15074,#15076,.T.);
#15074 = VERTEX_POINT('',#15075);
#15075 = CARTESIAN_POINT('',(-4.575230534411,2.655,0.493484892506));
#15076 = LINE('',#15077,#15078);
#15077 = CARTESIAN_POINT('',(-4.472624491413,2.655,0.775392678742));
#15078 = VECTOR('',#15079,1.);
#15079 = DIRECTION('',(-0.342020143326,0.,-0.939692620786));
#15080 = ORIENTED_EDGE('',*,*,#15081,.T.);
#15081 = EDGE_CURVE('',#15074,#15082,#15084,.T.);
#15082 = VERTEX_POINT('',#15083);
#15083 = CARTESIAN_POINT('',(-5.28,2.655,-2.22044604925E-16));
#15084 = CIRCLE('',#15085,0.75);
#15085 = AXIS2_PLACEMENT_3D('',#15086,#15087,#15088);
#15086 = CARTESIAN_POINT('',(-5.28,2.655,0.75));
#15087 = DIRECTION('',(0.,1.,0.));
#15088 = DIRECTION('',(0.939692620786,0.,-0.342020143326));
#15089 = ORIENTED_EDGE('',*,*,#15090,.T.);
#15090 = EDGE_CURVE('',#15082,#15038,#15091,.T.);
#15091 = LINE('',#15092,#15093);
#15092 = CARTESIAN_POINT('',(-5.28,2.655,-2.22044604925E-16));
#15093 = VECTOR('',#15094,1.);
#15094 = DIRECTION('',(-1.,0.,-9.522610922745E-17));
#15095 = PLANE('',#15096);
#15096 = AXIS2_PLACEMENT_3D('',#15097,#15098,#15099);
#15097 = CARTESIAN_POINT('',(-4.091426690538,2.655,0.874745725546));
#15098 = DIRECTION('',(1.925014880134E-31,1.,-5.472315783042E-31));
#15099 = DIRECTION('',(0.,5.472315783042E-31,1.));
#15100 = ADVANCED_FACE('',(#15101),#15112,.T.);
#15101 = FACE_BOUND('',#15102,.T.);
#15102 = EDGE_LOOP('',(#15103,#15104,#15110,#15111));
#15103 = ORIENTED_EDGE('',*,*,#14921,.T.);
#15104 = ORIENTED_EDGE('',*,*,#15105,.T.);
#15105 = EDGE_CURVE('',#14914,#14826,#15106,.T.);
#15106 = LINE('',#15107,#15108);
#15107 = CARTESIAN_POINT('',(-2.237701336216,1.905,1.43988764291));
#15108 = VECTOR('',#15109,1.);
#15109 = DIRECTION('',(0.,0.,-1.));
#15110 = ORIENTED_EDGE('',*,*,#14825,.F.);
#15111 = ORIENTED_EDGE('',*,*,#15022,.F.);
#15112 = PLANE('',#15113);
#15113 = AXIS2_PLACEMENT_3D('',#15114,#15115,#15116);
#15114 = CARTESIAN_POINT('',(-2.237701336216,2.655,1.43988764291));
#15115 = DIRECTION('',(1.,0.,0.));
#15116 = DIRECTION('',(0.,0.,-1.));
#15117 = ADVANCED_FACE('',(#15118),#15143,.T.);
#15118 = FACE_BOUND('',#15119,.T.);
#15119 = EDGE_LOOP('',(#15120,#15128,#15136,#15142));
#15120 = ORIENTED_EDGE('',*,*,#15121,.T.);
#15121 = EDGE_CURVE('',#15038,#15122,#15124,.T.);
#15122 = VERTEX_POINT('',#15123);
#15123 = CARTESIAN_POINT('',(-5.79,1.905,-2.70609920631E-16));
#15124 = LINE('',#15125,#15126);
#15125 = CARTESIAN_POINT('',(-5.79,2.655,-2.70609920631E-16));
#15126 = VECTOR('',#15127,1.);
#15127 = DIRECTION('',(0.,-1.,0.));
#15128 = ORIENTED_EDGE('',*,*,#15129,.T.);
#15129 = EDGE_CURVE('',#15122,#15130,#15132,.T.);
#15130 = VERTEX_POINT('',#15131);
#15131 = CARTESIAN_POINT('',(-5.79,1.905,0.5));
#15132 = LINE('',#15133,#15134);
#15133 = CARTESIAN_POINT('',(-5.79,1.905,-2.70609920631E-16));
#15134 = VECTOR('',#15135,1.);
#15135 = DIRECTION('',(1.7763568394E-15,0.,1.));
#15136 = ORIENTED_EDGE('',*,*,#15137,.F.);
#15137 = EDGE_CURVE('',#15040,#15130,#15138,.T.);
#15138 = LINE('',#15139,#15140);
#15139 = CARTESIAN_POINT('',(-5.79,2.655,0.5));
#15140 = VECTOR('',#15141,1.);
#15141 = DIRECTION('',(0.,-1.,0.));
#15142 = ORIENTED_EDGE('',*,*,#15037,.F.);
#15143 = PLANE('',#15144);
#15144 = AXIS2_PLACEMENT_3D('',#15145,#15146,#15147);
#15145 = CARTESIAN_POINT('',(-5.79,2.655,-2.70609920631E-16));
#15146 = DIRECTION('',(-1.,0.,1.7763568394E-15));
#15147 = DIRECTION('',(1.7763568394E-15,0.,1.));
#15148 = ADVANCED_FACE('',(#15149),#15167,.T.);
#15149 = FACE_BOUND('',#15150,.T.);
#15150 = EDGE_LOOP('',(#15151,#15159,#15165,#15166));
#15151 = ORIENTED_EDGE('',*,*,#15152,.T.);
#15152 = EDGE_CURVE('',#15082,#15153,#15155,.T.);
#15153 = VERTEX_POINT('',#15154);
#15154 = CARTESIAN_POINT('',(-5.28,1.905,-2.22044604925E-16));
#15155 = LINE('',#15156,#15157);
#15156 = CARTESIAN_POINT('',(-5.28,2.655,-2.22044604925E-16));
#15157 = VECTOR('',#15158,1.);
#15158 = DIRECTION('',(0.,-1.,0.));
#15159 = ORIENTED_EDGE('',*,*,#15160,.T.);
#15160 = EDGE_CURVE('',#15153,#15122,#15161,.T.);
#15161 = LINE('',#15162,#15163);
#15162 = CARTESIAN_POINT('',(-5.28,1.905,-2.22044604925E-16));
#15163 = VECTOR('',#15164,1.);
#15164 = DIRECTION('',(-1.,0.,-9.522610922745E-17));
#15165 = ORIENTED_EDGE('',*,*,#15121,.F.);
#15166 = ORIENTED_EDGE('',*,*,#15090,.F.);
#15167 = PLANE('',#15168);
#15168 = AXIS2_PLACEMENT_3D('',#15169,#15170,#15171);
#15169 = CARTESIAN_POINT('',(-5.28,2.655,-2.22044604925E-16));
#15170 = DIRECTION('',(9.522610922745E-17,0.,-1.));
#15171 = DIRECTION('',(-1.,0.,-9.522610922745E-17));
#15172 = ADVANCED_FACE('',(#15173),#15192,.T.);
#15173 = FACE_BOUND('',#15174,.T.);
#15174 = EDGE_LOOP('',(#15175,#15183,#15190,#15191));
#15175 = ORIENTED_EDGE('',*,*,#15176,.T.);
#15176 = EDGE_CURVE('',#15074,#15177,#15179,.T.);
#15177 = VERTEX_POINT('',#15178);
#15178 = CARTESIAN_POINT('',(-4.575230534411,1.905,0.493484892506));
#15179 = LINE('',#15180,#15181);
#15180 = CARTESIAN_POINT('',(-4.575230534411,2.655,0.493484892506));
#15181 = VECTOR('',#15182,1.);
#15182 = DIRECTION('',(0.,-1.,0.));
#15183 = ORIENTED_EDGE('',*,*,#15184,.T.);
#15184 = EDGE_CURVE('',#15177,#15153,#15185,.T.);
#15185 = CIRCLE('',#15186,0.75);
#15186 = AXIS2_PLACEMENT_3D('',#15187,#15188,#15189);
#15187 = CARTESIAN_POINT('',(-5.28,1.905,0.75));
#15188 = DIRECTION('',(0.,1.,0.));
#15189 = DIRECTION('',(0.939692620786,0.,-0.342020143326));
#15190 = ORIENTED_EDGE('',*,*,#15152,.F.);
#15191 = ORIENTED_EDGE('',*,*,#15081,.F.);
#15192 = CYLINDRICAL_SURFACE('',#15193,0.75);
#15193 = AXIS2_PLACEMENT_3D('',#15194,#15195,#15196);
#15194 = CARTESIAN_POINT('',(-5.28,2.655,0.75));
#15195 = DIRECTION('',(0.,1.,0.));
#15196 = DIRECTION('',(0.939692620786,0.,-0.342020143326));
#15197 = ADVANCED_FACE('',(#15198),#15209,.T.);
#15198 = FACE_BOUND('',#15199,.T.);
#15199 = EDGE_LOOP('',(#15200,#15201,#15207,#15208));
#15200 = ORIENTED_EDGE('',*,*,#14759,.T.);
#15201 = ORIENTED_EDGE('',*,*,#15202,.T.);
#15202 = EDGE_CURVE('',#14760,#15177,#15203,.T.);
#15203 = LINE('',#15204,#15205);
#15204 = CARTESIAN_POINT('',(-4.472624491413,1.905,0.775392678742));
#15205 = VECTOR('',#15206,1.);
#15206 = DIRECTION('',(-0.342020143326,0.,-0.939692620786));
#15207 = ORIENTED_EDGE('',*,*,#15176,.F.);
#15208 = ORIENTED_EDGE('',*,*,#15073,.F.);
#15209 = PLANE('',#15210);
#15210 = AXIS2_PLACEMENT_3D('',#15211,#15212,#15213);
#15211 = CARTESIAN_POINT('',(-4.472624491413,2.655,0.775392678742));
#15212 = DIRECTION('',(0.939692620786,0.,-0.342020143326));
#15213 = DIRECTION('',(-0.342020143326,0.,-0.939692620786));
#15214 = ADVANCED_FACE('',(#15215),#15233,.T.);
#15215 = FACE_BOUND('',#15216,.T.);
#15216 = EDGE_LOOP('',(#15217,#15225,#15231,#15232));
#15217 = ORIENTED_EDGE('',*,*,#15218,.T.);
#15218 = EDGE_CURVE('',#15056,#15219,#15221,.T.);
#15219 = VERTEX_POINT('',#15220);
#15220 = CARTESIAN_POINT('',(-5.045076844804,1.905,0.664494964169));
#15221 = LINE('',#15222,#15223);
#15222 = CARTESIAN_POINT('',(-5.045076844804,2.655,0.664494964169));
#15223 = VECTOR('',#15224,1.);
#15224 = DIRECTION('',(0.,-1.,0.));
#15225 = ORIENTED_EDGE('',*,*,#15226,.T.);
#15226 = EDGE_CURVE('',#15219,#14963,#15227,.T.);
#15227 = LINE('',#15228,#15229);
#15228 = CARTESIAN_POINT('',(-5.045076844804,1.905,0.664494964169));
#15229 = VECTOR('',#15230,1.);
#15230 = DIRECTION('',(0.342020143326,0.,0.939692620786));
#15231 = ORIENTED_EDGE('',*,*,#14962,.F.);
#15232 = ORIENTED_EDGE('',*,*,#15064,.F.);
#15233 = PLANE('',#15234);
#15234 = AXIS2_PLACEMENT_3D('',#15235,#15236,#15237);
#15235 = CARTESIAN_POINT('',(-5.045076844804,2.655,0.664494964169));
#15236 = DIRECTION('',(-0.939692620786,0.,0.342020143326));
#15237 = DIRECTION('',(0.342020143326,0.,0.939692620786));
#15238 = ADVANCED_FACE('',(#15239),#15258,.F.);
#15239 = FACE_BOUND('',#15240,.F.);
#15240 = EDGE_LOOP('',(#15241,#15242,#15243,#15252));
#15241 = ORIENTED_EDGE('',*,*,#15055,.T.);
#15242 = ORIENTED_EDGE('',*,*,#15218,.T.);
#15243 = ORIENTED_EDGE('',*,*,#15244,.F.);
#15244 = EDGE_CURVE('',#15245,#15219,#15247,.T.);
#15245 = VERTEX_POINT('',#15246);
#15246 = CARTESIAN_POINT('',(-5.28,1.905,0.5));
#15247 = CIRCLE('',#15248,0.25);
#15248 = AXIS2_PLACEMENT_3D('',#15249,#15250,#15251);
#15249 = CARTESIAN_POINT('',(-5.28,1.905,0.75));
#15250 = DIRECTION('',(0.,-1.,0.));
#15251 = DIRECTION('',(0.,0.,-1.));
#15252 = ORIENTED_EDGE('',*,*,#15253,.F.);
#15253 = EDGE_CURVE('',#15048,#15245,#15254,.T.);
#15254 = LINE('',#15255,#15256);
#15255 = CARTESIAN_POINT('',(-5.28,2.655,0.5));
#15256 = VECTOR('',#15257,1.);
#15257 = DIRECTION('',(0.,-1.,0.));
#15258 = CYLINDRICAL_SURFACE('',#15259,0.25);
#15259 = AXIS2_PLACEMENT_3D('',#15260,#15261,#15262);
#15260 = CARTESIAN_POINT('',(-5.28,2.655,0.75));
#15261 = DIRECTION('',(0.,1.,0.));
#15262 = DIRECTION('',(0.,0.,-1.));
#15263 = ADVANCED_FACE('',(#15264),#15275,.T.);
#15264 = FACE_BOUND('',#15265,.T.);
#15265 = EDGE_LOOP('',(#15266,#15267,#15273,#15274));
#15266 = ORIENTED_EDGE('',*,*,#15137,.T.);
#15267 = ORIENTED_EDGE('',*,*,#15268,.T.);
#15268 = EDGE_CURVE('',#15130,#15245,#15269,.T.);
#15269 = LINE('',#15270,#15271);
#15270 = CARTESIAN_POINT('',(-5.79,1.905,0.5));
#15271 = VECTOR('',#15272,1.);
#15272 = DIRECTION('',(1.,0.,0.));
#15273 = ORIENTED_EDGE('',*,*,#15253,.F.);
#15274 = ORIENTED_EDGE('',*,*,#15047,.F.);
#15275 = PLANE('',#15276);
#15276 = AXIS2_PLACEMENT_3D('',#15277,#15278,#15279);
#15277 = CARTESIAN_POINT('',(-5.79,2.655,0.5));
#15278 = DIRECTION('',(0.,0.,1.));
#15279 = DIRECTION('',(1.,0.,0.));
#15280 = ADVANCED_FACE('',(#15281),#15298,.F.);
#15281 = FACE_BOUND('',#15282,.F.);
#15282 = EDGE_LOOP('',(#15283,#15284,#15285,#15286,#15287,#15288,#15294,
    #15295,#15296,#15297));
#15283 = ORIENTED_EDGE('',*,*,#15129,.T.);
#15284 = ORIENTED_EDGE('',*,*,#15268,.T.);
#15285 = ORIENTED_EDGE('',*,*,#15244,.T.);
#15286 = ORIENTED_EDGE('',*,*,#15226,.T.);
#15287 = ORIENTED_EDGE('',*,*,#14970,.T.);
#15288 = ORIENTED_EDGE('',*,*,#15289,.F.);
#15289 = EDGE_CURVE('',#14768,#14971,#15290,.T.);
#15290 = LINE('',#15291,#15292);
#15291 = CARTESIAN_POINT('',(-4.24,1.905,0.437372862773));
#15292 = VECTOR('',#15293,1.);
#15293 = DIRECTION('',(0.,5.472315783042E-31,1.));
#15294 = ORIENTED_EDGE('',*,*,#14767,.T.);
#15295 = ORIENTED_EDGE('',*,*,#15202,.T.);
#15296 = ORIENTED_EDGE('',*,*,#15184,.T.);
#15297 = ORIENTED_EDGE('',*,*,#15160,.T.);
#15298 = PLANE('',#15299);
#15299 = AXIS2_PLACEMENT_3D('',#15300,#15301,#15302);
#15300 = CARTESIAN_POINT('',(-4.091426690538,1.905,0.874745725546));
#15301 = DIRECTION('',(1.925014880134E-31,1.,-5.472315783042E-31));
#15302 = DIRECTION('',(0.,5.472315783042E-31,1.));
#15303 = ADVANCED_FACE('',(#15304),#15315,.T.);
#15304 = FACE_BOUND('',#15305,.T.);
#15305 = EDGE_LOOP('',(#15306,#15307,#15308,#15314));
#15306 = ORIENTED_EDGE('',*,*,#15289,.F.);
#15307 = ORIENTED_EDGE('',*,*,#14776,.F.);
#15308 = ORIENTED_EDGE('',*,*,#15309,.T.);
#15309 = EDGE_CURVE('',#14777,#14980,#15310,.T.);
#15310 = LINE('',#15311,#15312);
#15311 = CARTESIAN_POINT('',(-4.24,1.785,0.437372862773));
#15312 = VECTOR('',#15313,1.);
#15313 = DIRECTION('',(0.,5.472315783042E-31,1.));
#15314 = ORIENTED_EDGE('',*,*,#14979,.T.);
#15315 = PLANE('',#15316);
#15316 = AXIS2_PLACEMENT_3D('',#15317,#15318,#15319);
#15317 = CARTESIAN_POINT('',(-4.24,-3.25,0.));
#15318 = DIRECTION('',(-1.,0.,0.));
#15319 = DIRECTION('',(0.,1.,0.));
#15320 = ADVANCED_FACE('',(#15321),#15334,.F.);
#15321 = FACE_BOUND('',#15322,.F.);
#15322 = EDGE_LOOP('',(#15323,#15324,#15325,#15326,#15327,#15333));
#15323 = ORIENTED_EDGE('',*,*,#14784,.T.);
#15324 = ORIENTED_EDGE('',*,*,#15309,.T.);
#15325 = ORIENTED_EDGE('',*,*,#14987,.T.);
#15326 = ORIENTED_EDGE('',*,*,#14897,.T.);
#15327 = ORIENTED_EDGE('',*,*,#15328,.T.);
#15328 = EDGE_CURVE('',#14898,#14842,#15329,.T.);
#15329 = LINE('',#15330,#15331);
#15330 = CARTESIAN_POINT('',(-3.49,1.785,0.437372862773));
#15331 = VECTOR('',#15332,1.);
#15332 = DIRECTION('',(0.,-5.472315783042E-31,-1.));
#15333 = ORIENTED_EDGE('',*,*,#14849,.T.);
#15334 = PLANE('',#15335);
#15335 = AXIS2_PLACEMENT_3D('',#15336,#15337,#15338);
#15336 = CARTESIAN_POINT('',(-4.091426690538,1.785,0.874745725546));
#15337 = DIRECTION('',(1.925014880134E-31,1.,-5.472315783042E-31));
#15338 = DIRECTION('',(0.,5.472315783042E-31,1.));
#15339 = ADVANCED_FACE('',(#15340),#15351,.T.);
#15340 = FACE_BOUND('',#15341,.T.);
#15341 = EDGE_LOOP('',(#15342,#15348,#15349,#15350));
#15342 = ORIENTED_EDGE('',*,*,#15343,.F.);
#15343 = EDGE_CURVE('',#14906,#14834,#15344,.T.);
#15344 = LINE('',#15345,#15346);
#15345 = CARTESIAN_POINT('',(-3.49,1.905,0.437372862773));
#15346 = VECTOR('',#15347,1.);
#15347 = DIRECTION('',(0.,-5.472315783042E-31,-1.));
#15348 = ORIENTED_EDGE('',*,*,#14905,.F.);
#15349 = ORIENTED_EDGE('',*,*,#15328,.T.);
#15350 = ORIENTED_EDGE('',*,*,#14841,.F.);
#15351 = PLANE('',#15352);
#15352 = AXIS2_PLACEMENT_3D('',#15353,#15354,#15355);
#15353 = CARTESIAN_POINT('',(-3.49,3.25,0.));
#15354 = DIRECTION('',(1.,0.,0.));
#15355 = DIRECTION('',(0.,-1.,0.));
#15356 = ADVANCED_FACE('',(#15357),#15363,.F.);
#15357 = FACE_BOUND('',#15358,.F.);
#15358 = EDGE_LOOP('',(#15359,#15360,#15361,#15362));
#15359 = ORIENTED_EDGE('',*,*,#15343,.F.);
#15360 = ORIENTED_EDGE('',*,*,#14913,.T.);
#15361 = ORIENTED_EDGE('',*,*,#15105,.T.);
#15362 = ORIENTED_EDGE('',*,*,#14833,.T.);
#15363 = PLANE('',#15364);
#15364 = AXIS2_PLACEMENT_3D('',#15365,#15366,#15367);
#15365 = CARTESIAN_POINT('',(-4.091426690538,1.905,0.874745725546));
#15366 = DIRECTION('',(1.925014880134E-31,1.,-5.472315783042E-31));
#15367 = DIRECTION('',(0.,5.472315783042E-31,1.));
#15368 = ( GEOMETRIC_REPRESENTATION_CONTEXT(3) 
GLOBAL_UNCERTAINTY_ASSIGNED_CONTEXT((#15372)) 
GLOBAL_UNIT_ASSIGNED_CONTEXT((#15369,#15370,#15371)) 
REPRESENTATION_CONTEXT('Context #1',
  '3D Context with UNIT and UNCERTAINTY') );
#15369 = ( LENGTH_UNIT() NAMED_UNIT(*) SI_UNIT(.MILLI.,.METRE.) );
#15370 = ( NAMED_UNIT(*) PLANE_ANGLE_UNIT() SI_UNIT($,.RADIAN.) );
#15371 = ( NAMED_UNIT(*) SI_UNIT($,.STERADIAN.) SOLID_ANGLE_UNIT() );
#15372 = UNCERTAINTY_MEASURE_WITH_UNIT(LENGTH_MEASURE(1.E-07),#15369,
  'distance_accuracy_value','confusion accuracy');
#15373 = CONTEXT_DEPENDENT_SHAPE_REPRESENTATION(#15374,#15376);
#15374 = ( REPRESENTATION_RELATIONSHIP('','',#12875,#12852) 
REPRESENTATION_RELATIONSHIP_WITH_TRANSFORMATION(#15375) 
SHAPE_REPRESENTATION_RELATIONSHIP() );
#15375 = ITEM_DEFINED_TRANSFORMATION('','',#11,#12853);
#15376 = PRODUCT_DEFINITION_SHAPE('Placement','Placement of an item',
  #15377);
#15377 = NEXT_ASSEMBLY_USAGE_OCCURRENCE('21','','',#12847,#12870,$);
#15378 = PRODUCT_RELATED_PRODUCT_CATEGORY('part',$,(#12872));
#15379 = CONTEXT_DEPENDENT_SHAPE_REPRESENTATION(#15380,#15382);
#15380 = ( REPRESENTATION_RELATIONSHIP('','',#9144,#10) 
REPRESENTATION_RELATIONSHIP_WITH_TRANSFORMATION(#15381) 
SHAPE_REPRESENTATION_RELATIONSHIP() );
#15381 = ITEM_DEFINED_TRANSFORMATION('','',#11,#99);
#15382 = PRODUCT_DEFINITION_SHAPE('Placement','Placement of an item',
  #15383);
#15383 = NEXT_ASSEMBLY_USAGE_OCCURRENCE('23','R7','',#5,#9139,$);
#15384 = CONTEXT_DEPENDENT_SHAPE_REPRESENTATION(#15385,#15387);
#15385 = ( REPRESENTATION_RELATIONSHIP('','',#9144,#10) 
REPRESENTATION_RELATIONSHIP_WITH_TRANSFORMATION(#15386) 
SHAPE_REPRESENTATION_RELATIONSHIP() );
#15386 = ITEM_DEFINED_TRANSFORMATION('','',#11,#103);
#15387 = PRODUCT_DEFINITION_SHAPE('Placement','Placement of an item',
  #15388);
#15388 = NEXT_ASSEMBLY_USAGE_OCCURRENCE('24','R3','',#5,#9139,$);
#15389 = CONTEXT_DEPENDENT_SHAPE_REPRESENTATION(#15390,#15392);
#15390 = ( REPRESENTATION_RELATIONSHIP('','',#9958,#10) 
REPRESENTATION_RELATIONSHIP_WITH_TRANSFORMATION(#15391) 
SHAPE_REPRESENTATION_RELATIONSHIP() );
#15391 = ITEM_DEFINED_TRANSFORMATION('','',#11,#107);
#15392 = PRODUCT_DEFINITION_SHAPE('Placement','Placement of an item',
  #15393);
#15393 = NEXT_ASSEMBLY_USAGE_OCCURRENCE('25','C4','',#5,#9953,$);
#15394 = CONTEXT_DEPENDENT_SHAPE_REPRESENTATION(#15395,#15397);
#15395 = ( REPRESENTATION_RELATIONSHIP('','',#9144,#10) 
REPRESENTATION_RELATIONSHIP_WITH_TRANSFORMATION(#15396) 
SHAPE_REPRESENTATION_RELATIONSHIP() );
#15396 = ITEM_DEFINED_TRANSFORMATION('','',#11,#111);
#15397 = PRODUCT_DEFINITION_SHAPE('Placement','Placement of an item',
  #15398);
#15398 = NEXT_ASSEMBLY_USAGE_OCCURRENCE('26','R1','',#5,#9139,$);
#15399 = CONTEXT_DEPENDENT_SHAPE_REPRESENTATION(#15400,#15402);
#15400 = ( REPRESENTATION_RELATIONSHIP('','',#9144,#10) 
REPRESENTATION_RELATIONSHIP_WITH_TRANSFORMATION(#15401) 
SHAPE_REPRESENTATION_RELATIONSHIP() );
#15401 = ITEM_DEFINED_TRANSFORMATION('','',#11,#115);
#15402 = PRODUCT_DEFINITION_SHAPE('Placement','Placement of an item',
  #15403);
#15403 = NEXT_ASSEMBLY_USAGE_OCCURRENCE('27','R9','',#5,#9139,$);
#15404 = CONTEXT_DEPENDENT_SHAPE_REPRESENTATION(#15405,#15407);
#15405 = ( REPRESENTATION_RELATIONSHIP('','',#9958,#10) 
REPRESENTATION_RELATIONSHIP_WITH_TRANSFORMATION(#15406) 
SHAPE_REPRESENTATION_RELATIONSHIP() );
#15406 = ITEM_DEFINED_TRANSFORMATION('','',#11,#119);
#15407 = PRODUCT_DEFINITION_SHAPE('Placement','Placement of an item',
  #15408);
#15408 = NEXT_ASSEMBLY_USAGE_OCCURRENCE('28','C3','',#5,#9953,$);
#15409 = CONTEXT_DEPENDENT_SHAPE_REPRESENTATION(#15410,#15412);
#15410 = ( REPRESENTATION_RELATIONSHIP('','',#9958,#10) 
REPRESENTATION_RELATIONSHIP_WITH_TRANSFORMATION(#15411) 
SHAPE_REPRESENTATION_RELATIONSHIP() );
#15411 = ITEM_DEFINED_TRANSFORMATION('','',#11,#123);
#15412 = PRODUCT_DEFINITION_SHAPE('Placement','Placement of an item',
  #15413);
#15413 = NEXT_ASSEMBLY_USAGE_OCCURRENCE('29','C5','',#5,#9953,$);
#15414 = SHAPE_DEFINITION_REPRESENTATION(#15415,#15421);
#15415 = PRODUCT_DEFINITION_SHAPE('','',#15416);
#15416 = PRODUCT_DEFINITION('design','',#15417,#15420);
#15417 = PRODUCT_DEFINITION_FORMATION('','',#15418);
#15418 = PRODUCT('lamp-driver_PCB','lamp-driver_PCB','',(#15419));
#15419 = PRODUCT_CONTEXT('',#2,'mechanical');
#15420 = PRODUCT_DEFINITION_CONTEXT('part definition',#2,'design');
#15421 = ADVANCED_BREP_SHAPE_REPRESENTATION('',(#11,#15422),#17717);
#15422 = MANIFOLD_SOLID_BREP('',#15423);
#15423 = CLOSED_SHELL('',(#15424,#15464,#15495,#15526,#16148,#16770,
    #16782,#16799,#16816,#16833,#16850,#16867,#16884,#16901,#16918,
    #16935,#16952,#16969,#16986,#17003,#17020,#17037,#17054,#17071,
    #17088,#17105,#17122,#17139,#17156,#17173,#17190,#17207,#17224,
    #17241,#17258,#17275,#17292,#17309,#17326,#17343,#17360,#17377,
    #17394,#17411,#17428,#17445,#17462,#17479,#17496,#17513,#17530,
    #17547,#17564,#17581,#17598,#17615,#17632,#17649,#17666,#17683,
    #17700));
#15424 = ADVANCED_FACE('',(#15425),#15459,.T.);
#15425 = FACE_BOUND('',#15426,.T.);
#15426 = EDGE_LOOP('',(#15427,#15437,#15445,#15453));
#15427 = ORIENTED_EDGE('',*,*,#15428,.T.);
#15428 = EDGE_CURVE('',#15429,#15431,#15433,.T.);
#15429 = VERTEX_POINT('',#15430);
#15430 = CARTESIAN_POINT('',(156.56,-74.76,0.));
#15431 = VERTEX_POINT('',#15432);
#15432 = CARTESIAN_POINT('',(156.56,-74.76,1.51));
#15433 = LINE('',#15434,#15435);
#15434 = CARTESIAN_POINT('',(156.56,-74.76,0.));
#15435 = VECTOR('',#15436,1.);
#15436 = DIRECTION('',(0.,0.,1.));
#15437 = ORIENTED_EDGE('',*,*,#15438,.T.);
#15438 = EDGE_CURVE('',#15431,#15439,#15441,.T.);
#15439 = VERTEX_POINT('',#15440);
#15440 = CARTESIAN_POINT('',(92.68,-74.76,1.51));
#15441 = LINE('',#15442,#15443);
#15442 = CARTESIAN_POINT('',(156.56,-74.76,1.51));
#15443 = VECTOR('',#15444,1.);
#15444 = DIRECTION('',(-1.,0.,0.));
#15445 = ORIENTED_EDGE('',*,*,#15446,.F.);
#15446 = EDGE_CURVE('',#15447,#15439,#15449,.T.);
#15447 = VERTEX_POINT('',#15448);
#15448 = CARTESIAN_POINT('',(92.68,-74.76,0.));
#15449 = LINE('',#15450,#15451);
#15450 = CARTESIAN_POINT('',(92.68,-74.76,0.));
#15451 = VECTOR('',#15452,1.);
#15452 = DIRECTION('',(0.,0.,1.));
#15453 = ORIENTED_EDGE('',*,*,#15454,.F.);
#15454 = EDGE_CURVE('',#15429,#15447,#15455,.T.);
#15455 = LINE('',#15456,#15457);
#15456 = CARTESIAN_POINT('',(156.56,-74.76,0.));
#15457 = VECTOR('',#15458,1.);
#15458 = DIRECTION('',(-1.,0.,0.));
#15459 = PLANE('',#15460);
#15460 = AXIS2_PLACEMENT_3D('',#15461,#15462,#15463);
#15461 = CARTESIAN_POINT('',(156.56,-74.76,0.));
#15462 = DIRECTION('',(0.,-1.,0.));
#15463 = DIRECTION('',(-1.,0.,0.));
#15464 = ADVANCED_FACE('',(#15465),#15490,.T.);
#15465 = FACE_BOUND('',#15466,.T.);
#15466 = EDGE_LOOP('',(#15467,#15477,#15483,#15484));
#15467 = ORIENTED_EDGE('',*,*,#15468,.T.);
#15468 = EDGE_CURVE('',#15469,#15471,#15473,.T.);
#15469 = VERTEX_POINT('',#15470);
#15470 = CARTESIAN_POINT('',(156.56,-39.35,0.));
#15471 = VERTEX_POINT('',#15472);
#15472 = CARTESIAN_POINT('',(156.56,-39.35,1.51));
#15473 = LINE('',#15474,#15475);
#15474 = CARTESIAN_POINT('',(156.56,-39.35,0.));
#15475 = VECTOR('',#15476,1.);
#15476 = DIRECTION('',(0.,0.,1.));
#15477 = ORIENTED_EDGE('',*,*,#15478,.T.);
#15478 = EDGE_CURVE('',#15471,#15431,#15479,.T.);
#15479 = LINE('',#15480,#15481);
#15480 = CARTESIAN_POINT('',(156.56,-39.35,1.51));
#15481 = VECTOR('',#15482,1.);
#15482 = DIRECTION('',(0.,-1.,0.));
#15483 = ORIENTED_EDGE('',*,*,#15428,.F.);
#15484 = ORIENTED_EDGE('',*,*,#15485,.F.);
#15485 = EDGE_CURVE('',#15469,#15429,#15486,.T.);
#15486 = LINE('',#15487,#15488);
#15487 = CARTESIAN_POINT('',(156.56,-39.35,0.));
#15488 = VECTOR('',#15489,1.);
#15489 = DIRECTION('',(0.,-1.,0.));
#15490 = PLANE('',#15491);
#15491 = AXIS2_PLACEMENT_3D('',#15492,#15493,#15494);
#15492 = CARTESIAN_POINT('',(156.56,-39.35,0.));
#15493 = DIRECTION('',(1.,0.,-0.));
#15494 = DIRECTION('',(0.,-1.,0.));
#15495 = ADVANCED_FACE('',(#15496),#15521,.T.);
#15496 = FACE_BOUND('',#15497,.T.);
#15497 = EDGE_LOOP('',(#15498,#15499,#15507,#15515));
#15498 = ORIENTED_EDGE('',*,*,#15446,.T.);
#15499 = ORIENTED_EDGE('',*,*,#15500,.T.);
#15500 = EDGE_CURVE('',#15439,#15501,#15503,.T.);
#15501 = VERTEX_POINT('',#15502);
#15502 = CARTESIAN_POINT('',(92.68,-39.35,1.51));
#15503 = LINE('',#15504,#15505);
#15504 = CARTESIAN_POINT('',(92.68,-74.76,1.51));
#15505 = VECTOR('',#15506,1.);
#15506 = DIRECTION('',(0.,1.,0.));
#15507 = ORIENTED_EDGE('',*,*,#15508,.F.);
#15508 = EDGE_CURVE('',#15509,#15501,#15511,.T.);
#15509 = VERTEX_POINT('',#15510);
#15510 = CARTESIAN_POINT('',(92.68,-39.35,0.));
#15511 = LINE('',#15512,#15513);
#15512 = CARTESIAN_POINT('',(92.68,-39.35,0.));
#15513 = VECTOR('',#15514,1.);
#15514 = DIRECTION('',(0.,0.,1.));
#15515 = ORIENTED_EDGE('',*,*,#15516,.F.);
#15516 = EDGE_CURVE('',#15447,#15509,#15517,.T.);
#15517 = LINE('',#15518,#15519);
#15518 = CARTESIAN_POINT('',(92.68,-74.76,0.));
#15519 = VECTOR('',#15520,1.);
#15520 = DIRECTION('',(0.,1.,0.));
#15521 = PLANE('',#15522);
#15522 = AXIS2_PLACEMENT_3D('',#15523,#15524,#15525);
#15523 = CARTESIAN_POINT('',(92.68,-74.76,0.));
#15524 = DIRECTION('',(-1.,0.,0.));
#15525 = DIRECTION('',(0.,1.,0.));
#15526 = ADVANCED_FACE('',(#15527,#15538,#15549,#15560,#15571,#15582,
    #15593,#15604,#15615,#15626,#15637,#15648,#15659,#15670,#15681,
    #15692,#15703,#15714,#15725,#15736,#15747,#15758,#15769,#15780,
    #15791,#15802,#15813,#15824,#15835,#15846,#15857,#15868,#15879,
    #15890,#15901,#15912,#15923,#15934,#15945,#15956,#15967,#15978,
    #15989,#16000,#16011,#16022,#16033,#16044,#16055,#16066,#16077,
    #16088,#16099,#16110,#16121,#16132),#16143,.F.);
#15527 = FACE_BOUND('',#15528,.F.);
#15528 = EDGE_LOOP('',(#15529,#15530,#15531,#15537));
#15529 = ORIENTED_EDGE('',*,*,#15454,.F.);
#15530 = ORIENTED_EDGE('',*,*,#15485,.F.);
#15531 = ORIENTED_EDGE('',*,*,#15532,.F.);
#15532 = EDGE_CURVE('',#15509,#15469,#15533,.T.);
#15533 = LINE('',#15534,#15535);
#15534 = CARTESIAN_POINT('',(92.68,-39.35,0.));
#15535 = VECTOR('',#15536,1.);
#15536 = DIRECTION('',(1.,0.,0.));
#15537 = ORIENTED_EDGE('',*,*,#15516,.F.);
#15538 = FACE_BOUND('',#15539,.F.);
#15539 = EDGE_LOOP('',(#15540));
#15540 = ORIENTED_EDGE('',*,*,#15541,.T.);
#15541 = EDGE_CURVE('',#15542,#15542,#15544,.T.);
#15542 = VERTEX_POINT('',#15543);
#15543 = CARTESIAN_POINT('',(96.963435,-71.31,0.));
#15544 = CIRCLE('',#15545,0.4);
#15545 = AXIS2_PLACEMENT_3D('',#15546,#15547,#15548);
#15546 = CARTESIAN_POINT('',(96.963435,-70.91,0.));
#15547 = DIRECTION('',(-0.,0.,-1.));
#15548 = DIRECTION('',(-0.,-1.,0.));
#15549 = FACE_BOUND('',#15550,.F.);
#15550 = EDGE_LOOP('',(#15551));
#15551 = ORIENTED_EDGE('',*,*,#15552,.T.);
#15552 = EDGE_CURVE('',#15553,#15553,#15555,.T.);
#15553 = VERTEX_POINT('',#15554);
#15554 = CARTESIAN_POINT('',(96.963435,-68.77,0.));
#15555 = CIRCLE('',#15556,0.4);
#15556 = AXIS2_PLACEMENT_3D('',#15557,#15558,#15559);
#15557 = CARTESIAN_POINT('',(96.963435,-68.37,0.));
#15558 = DIRECTION('',(-0.,0.,-1.));
#15559 = DIRECTION('',(-0.,-1.,0.));
#15560 = FACE_BOUND('',#15561,.F.);
#15561 = EDGE_LOOP('',(#15562));
#15562 = ORIENTED_EDGE('',*,*,#15563,.T.);
#15563 = EDGE_CURVE('',#15564,#15564,#15566,.T.);
#15564 = VERTEX_POINT('',#15565);
#15565 = CARTESIAN_POINT('',(112.203435,-71.31,0.));
#15566 = CIRCLE('',#15567,0.4);
#15567 = AXIS2_PLACEMENT_3D('',#15568,#15569,#15570);
#15568 = CARTESIAN_POINT('',(112.203435,-70.91,0.));
#15569 = DIRECTION('',(-0.,0.,-1.));
#15570 = DIRECTION('',(-0.,-1.,0.));
#15571 = FACE_BOUND('',#15572,.F.);
#15572 = EDGE_LOOP('',(#15573));
#15573 = ORIENTED_EDGE('',*,*,#15574,.T.);
#15574 = EDGE_CURVE('',#15575,#15575,#15577,.T.);
#15575 = VERTEX_POINT('',#15576);
#15576 = CARTESIAN_POINT('',(112.203435,-68.77,0.));
#15577 = CIRCLE('',#15578,0.4);
#15578 = AXIS2_PLACEMENT_3D('',#15579,#15580,#15581);
#15579 = CARTESIAN_POINT('',(112.203435,-68.37,0.));
#15580 = DIRECTION('',(-0.,0.,-1.));
#15581 = DIRECTION('',(-0.,-1.,0.));
#15582 = FACE_BOUND('',#15583,.F.);
#15583 = EDGE_LOOP('',(#15584));
#15584 = ORIENTED_EDGE('',*,*,#15585,.T.);
#15585 = EDGE_CURVE('',#15586,#15586,#15588,.T.);
#15586 = VERTEX_POINT('',#15587);
#15587 = CARTESIAN_POINT('',(117.84,-60.23,0.));
#15588 = CIRCLE('',#15589,0.55);
#15589 = AXIS2_PLACEMENT_3D('',#15590,#15591,#15592);
#15590 = CARTESIAN_POINT('',(117.84,-59.68,0.));
#15591 = DIRECTION('',(-0.,0.,-1.));
#15592 = DIRECTION('',(-0.,-1.,0.));
#15593 = FACE_BOUND('',#15594,.F.);
#15594 = EDGE_LOOP('',(#15595));
#15595 = ORIENTED_EDGE('',*,*,#15596,.T.);
#15596 = EDGE_CURVE('',#15597,#15597,#15599,.T.);
#15597 = VERTEX_POINT('',#15598);
#15598 = CARTESIAN_POINT('',(120.38,-60.23,0.));
#15599 = CIRCLE('',#15600,0.55);
#15600 = AXIS2_PLACEMENT_3D('',#15601,#15602,#15603);
#15601 = CARTESIAN_POINT('',(120.38,-59.68,0.));
#15602 = DIRECTION('',(-0.,0.,-1.));
#15603 = DIRECTION('',(-0.,-1.,0.));
#15604 = FACE_BOUND('',#15605,.F.);
#15605 = EDGE_LOOP('',(#15606));
#15606 = ORIENTED_EDGE('',*,*,#15607,.T.);
#15607 = EDGE_CURVE('',#15608,#15608,#15610,.T.);
#15608 = VERTEX_POINT('',#15609);
#15609 = CARTESIAN_POINT('',(122.92,-60.23,0.));
#15610 = CIRCLE('',#15611,0.55);
#15611 = AXIS2_PLACEMENT_3D('',#15612,#15613,#15614);
#15612 = CARTESIAN_POINT('',(122.92,-59.68,0.));
#15613 = DIRECTION('',(-0.,0.,-1.));
#15614 = DIRECTION('',(-0.,-1.,0.));
#15615 = FACE_BOUND('',#15616,.F.);
#15616 = EDGE_LOOP('',(#15617));
#15617 = ORIENTED_EDGE('',*,*,#15618,.T.);
#15618 = EDGE_CURVE('',#15619,#15619,#15621,.T.);
#15619 = VERTEX_POINT('',#15620);
#15620 = CARTESIAN_POINT('',(127.01,-70.735,0.));
#15621 = CIRCLE('',#15622,0.595);
#15622 = AXIS2_PLACEMENT_3D('',#15623,#15624,#15625);
#15623 = CARTESIAN_POINT('',(127.01,-70.14,0.));
#15624 = DIRECTION('',(-0.,0.,-1.));
#15625 = DIRECTION('',(-0.,-1.,0.));
#15626 = FACE_BOUND('',#15627,.F.);
#15627 = EDGE_LOOP('',(#15628));
#15628 = ORIENTED_EDGE('',*,*,#15629,.T.);
#15629 = EDGE_CURVE('',#15630,#15630,#15632,.T.);
#15630 = VERTEX_POINT('',#15631);
#15631 = CARTESIAN_POINT('',(129.55,-70.735,0.));
#15632 = CIRCLE('',#15633,0.595);
#15633 = AXIS2_PLACEMENT_3D('',#15634,#15635,#15636);
#15634 = CARTESIAN_POINT('',(129.55,-70.14,0.));
#15635 = DIRECTION('',(-0.,0.,-1.));
#15636 = DIRECTION('',(-0.,-1.,0.));
#15637 = FACE_BOUND('',#15638,.F.);
#15638 = EDGE_LOOP('',(#15639));
#15639 = ORIENTED_EDGE('',*,*,#15640,.T.);
#15640 = EDGE_CURVE('',#15641,#15641,#15643,.T.);
#15641 = VERTEX_POINT('',#15642);
#15642 = CARTESIAN_POINT('',(134.43,-70.735,0.));
#15643 = CIRCLE('',#15644,0.595);
#15644 = AXIS2_PLACEMENT_3D('',#15645,#15646,#15647);
#15645 = CARTESIAN_POINT('',(134.43,-70.14,0.));
#15646 = DIRECTION('',(-0.,0.,-1.));
#15647 = DIRECTION('',(-0.,-1.,0.));
#15648 = FACE_BOUND('',#15649,.F.);
#15649 = EDGE_LOOP('',(#15650));
#15650 = ORIENTED_EDGE('',*,*,#15651,.T.);
#15651 = EDGE_CURVE('',#15652,#15652,#15654,.T.);
#15652 = VERTEX_POINT('',#15653);
#15653 = CARTESIAN_POINT('',(136.97,-70.735,0.));
#15654 = CIRCLE('',#15655,0.595);
#15655 = AXIS2_PLACEMENT_3D('',#15656,#15657,#15658);
#15656 = CARTESIAN_POINT('',(136.97,-70.14,0.));
#15657 = DIRECTION('',(-0.,0.,-1.));
#15658 = DIRECTION('',(-0.,-1.,0.));
#15659 = FACE_BOUND('',#15660,.F.);
#15660 = EDGE_LOOP('',(#15661));
#15661 = ORIENTED_EDGE('',*,*,#15662,.T.);
#15662 = EDGE_CURVE('',#15663,#15663,#15665,.T.);
#15663 = VERTEX_POINT('',#15664);
#15664 = CARTESIAN_POINT('',(147.5,-72.095,0.));
#15665 = CIRCLE('',#15666,0.785);
#15666 = AXIS2_PLACEMENT_3D('',#15667,#15668,#15669);
#15667 = CARTESIAN_POINT('',(147.5,-71.31,0.));
#15668 = DIRECTION('',(-0.,0.,-1.));
#15669 = DIRECTION('',(-0.,-1.,0.));
#15670 = FACE_BOUND('',#15671,.F.);
#15671 = EDGE_LOOP('',(#15672));
#15672 = ORIENTED_EDGE('',*,*,#15673,.T.);
#15673 = EDGE_CURVE('',#15674,#15674,#15676,.T.);
#15674 = VERTEX_POINT('',#15675);
#15675 = CARTESIAN_POINT('',(150.93,-71.155,0.));
#15676 = CIRCLE('',#15677,1.625);
#15677 = AXIS2_PLACEMENT_3D('',#15678,#15679,#15680);
#15678 = CARTESIAN_POINT('',(150.93,-69.53,0.));
#15679 = DIRECTION('',(-0.,0.,-1.));
#15680 = DIRECTION('',(-0.,-1.,0.));
#15681 = FACE_BOUND('',#15682,.F.);
#15682 = EDGE_LOOP('',(#15683));
#15683 = ORIENTED_EDGE('',*,*,#15684,.T.);
#15684 = EDGE_CURVE('',#15685,#15685,#15687,.T.);
#15685 = VERTEX_POINT('',#15686);
#15686 = CARTESIAN_POINT('',(146.61,-67.177,0.));
#15687 = CIRCLE('',#15688,0.445);
#15688 = AXIS2_PLACEMENT_3D('',#15689,#15690,#15691);
#15689 = CARTESIAN_POINT('',(146.61,-66.732,0.));
#15690 = DIRECTION('',(-0.,0.,-1.));
#15691 = DIRECTION('',(-0.,-1.,0.));
#15692 = FACE_BOUND('',#15693,.F.);
#15693 = EDGE_LOOP('',(#15694));
#15694 = ORIENTED_EDGE('',*,*,#15695,.T.);
#15695 = EDGE_CURVE('',#15696,#15696,#15698,.T.);
#15696 = VERTEX_POINT('',#15697);
#15697 = CARTESIAN_POINT('',(148.39,-66.161,0.));
#15698 = CIRCLE('',#15699,0.445);
#15699 = AXIS2_PLACEMENT_3D('',#15700,#15701,#15702);
#15700 = CARTESIAN_POINT('',(148.39,-65.716,0.));
#15701 = DIRECTION('',(-0.,0.,-1.));
#15702 = DIRECTION('',(-0.,-1.,0.));
#15703 = FACE_BOUND('',#15704,.F.);
#15704 = EDGE_LOOP('',(#15705));
#15705 = ORIENTED_EDGE('',*,*,#15706,.T.);
#15706 = EDGE_CURVE('',#15707,#15707,#15709,.T.);
#15707 = VERTEX_POINT('',#15708);
#15708 = CARTESIAN_POINT('',(125.46,-60.23,0.));
#15709 = CIRCLE('',#15710,0.55);
#15710 = AXIS2_PLACEMENT_3D('',#15711,#15712,#15713);
#15711 = CARTESIAN_POINT('',(125.46,-59.68,0.));
#15712 = DIRECTION('',(-0.,0.,-1.));
#15713 = DIRECTION('',(-2.5837917664E-14,-1.,0.));
#15714 = FACE_BOUND('',#15715,.F.);
#15715 = EDGE_LOOP('',(#15716));
#15716 = ORIENTED_EDGE('',*,*,#15717,.T.);
#15717 = EDGE_CURVE('',#15718,#15718,#15720,.T.);
#15718 = VERTEX_POINT('',#15719);
#15719 = CARTESIAN_POINT('',(129.6,-60.23,0.));
#15720 = CIRCLE('',#15721,0.55);
#15721 = AXIS2_PLACEMENT_3D('',#15722,#15723,#15724);
#15722 = CARTESIAN_POINT('',(129.6,-59.68,0.));
#15723 = DIRECTION('',(-0.,0.,-1.));
#15724 = DIRECTION('',(-5.167583532801E-14,-1.,0.));
#15725 = FACE_BOUND('',#15726,.F.);
#15726 = EDGE_LOOP('',(#15727));
#15727 = ORIENTED_EDGE('',*,*,#15728,.T.);
#15728 = EDGE_CURVE('',#15729,#15729,#15731,.T.);
#15729 = VERTEX_POINT('',#15730);
#15730 = CARTESIAN_POINT('',(132.14,-60.23,0.));
#15731 = CIRCLE('',#15732,0.55);
#15732 = AXIS2_PLACEMENT_3D('',#15733,#15734,#15735);
#15733 = CARTESIAN_POINT('',(132.14,-59.68,0.));
#15734 = DIRECTION('',(-0.,0.,-1.));
#15735 = DIRECTION('',(-0.,-1.,0.));
#15736 = FACE_BOUND('',#15737,.F.);
#15737 = EDGE_LOOP('',(#15738));
#15738 = ORIENTED_EDGE('',*,*,#15739,.T.);
#15739 = EDGE_CURVE('',#15740,#15740,#15742,.T.);
#15740 = VERTEX_POINT('',#15741);
#15741 = CARTESIAN_POINT('',(134.68,-60.23,0.));
#15742 = CIRCLE('',#15743,0.55);
#15743 = AXIS2_PLACEMENT_3D('',#15744,#15745,#15746);
#15744 = CARTESIAN_POINT('',(134.68,-59.68,0.));
#15745 = DIRECTION('',(-0.,0.,-1.));
#15746 = DIRECTION('',(-0.,-1.,0.));
#15747 = FACE_BOUND('',#15748,.F.);
#15748 = EDGE_LOOP('',(#15749));
#15749 = ORIENTED_EDGE('',*,*,#15750,.T.);
#15750 = EDGE_CURVE('',#15751,#15751,#15753,.T.);
#15751 = VERTEX_POINT('',#15752);
#15752 = CARTESIAN_POINT('',(137.22,-60.23,0.));
#15753 = CIRCLE('',#15754,0.55);
#15754 = AXIS2_PLACEMENT_3D('',#15755,#15756,#15757);
#15755 = CARTESIAN_POINT('',(137.22,-59.68,0.));
#15756 = DIRECTION('',(-0.,0.,-1.));
#15757 = DIRECTION('',(-0.,-1.,0.));
#15758 = FACE_BOUND('',#15759,.F.);
#15759 = EDGE_LOOP('',(#15760));
#15760 = ORIENTED_EDGE('',*,*,#15761,.T.);
#15761 = EDGE_CURVE('',#15762,#15762,#15764,.T.);
#15762 = VERTEX_POINT('',#15763);
#15763 = CARTESIAN_POINT('',(146.61,-65.145,0.));
#15764 = CIRCLE('',#15765,0.445);
#15765 = AXIS2_PLACEMENT_3D('',#15766,#15767,#15768);
#15766 = CARTESIAN_POINT('',(146.61,-64.7,0.));
#15767 = DIRECTION('',(-0.,0.,-1.));
#15768 = DIRECTION('',(-0.,-1.,0.));
#15769 = FACE_BOUND('',#15770,.F.);
#15770 = EDGE_LOOP('',(#15771));
#15771 = ORIENTED_EDGE('',*,*,#15772,.T.);
#15772 = EDGE_CURVE('',#15773,#15773,#15775,.T.);
#15773 = VERTEX_POINT('',#15774);
#15774 = CARTESIAN_POINT('',(148.39,-64.129,0.));
#15775 = CIRCLE('',#15776,0.445);
#15776 = AXIS2_PLACEMENT_3D('',#15777,#15778,#15779);
#15777 = CARTESIAN_POINT('',(148.39,-63.684,0.));
#15778 = DIRECTION('',(-0.,0.,-1.));
#15779 = DIRECTION('',(-0.,-1.,0.));
#15780 = FACE_BOUND('',#15781,.F.);
#15781 = EDGE_LOOP('',(#15782));
#15782 = ORIENTED_EDGE('',*,*,#15783,.T.);
#15783 = EDGE_CURVE('',#15784,#15784,#15786,.T.);
#15784 = VERTEX_POINT('',#15785);
#15785 = CARTESIAN_POINT('',(146.61,-63.113,0.));
#15786 = CIRCLE('',#15787,0.445);
#15787 = AXIS2_PLACEMENT_3D('',#15788,#15789,#15790);
#15788 = CARTESIAN_POINT('',(146.61,-62.668,0.));
#15789 = DIRECTION('',(-0.,0.,-1.));
#15790 = DIRECTION('',(-0.,-1.,0.));
#15791 = FACE_BOUND('',#15792,.F.);
#15792 = EDGE_LOOP('',(#15793));
#15793 = ORIENTED_EDGE('',*,*,#15794,.T.);
#15794 = EDGE_CURVE('',#15795,#15795,#15797,.T.);
#15795 = VERTEX_POINT('',#15796);
#15796 = CARTESIAN_POINT('',(148.39,-62.097,0.));
#15797 = CIRCLE('',#15798,0.445);
#15798 = AXIS2_PLACEMENT_3D('',#15799,#15800,#15801);
#15799 = CARTESIAN_POINT('',(148.39,-61.652,0.));
#15800 = DIRECTION('',(-0.,0.,-1.));
#15801 = DIRECTION('',(-0.,-1.,0.));
#15802 = FACE_BOUND('',#15803,.F.);
#15803 = EDGE_LOOP('',(#15804));
#15804 = ORIENTED_EDGE('',*,*,#15805,.T.);
#15805 = EDGE_CURVE('',#15806,#15806,#15808,.T.);
#15806 = VERTEX_POINT('',#15807);
#15807 = CARTESIAN_POINT('',(146.61,-61.081,0.));
#15808 = CIRCLE('',#15809,0.445);
#15809 = AXIS2_PLACEMENT_3D('',#15810,#15811,#15812);
#15810 = CARTESIAN_POINT('',(146.61,-60.636,0.));
#15811 = DIRECTION('',(-0.,0.,-1.));
#15812 = DIRECTION('',(-0.,-1.,0.));
#15813 = FACE_BOUND('',#15814,.F.);
#15814 = EDGE_LOOP('',(#15815));
#15815 = ORIENTED_EDGE('',*,*,#15816,.T.);
#15816 = EDGE_CURVE('',#15817,#15817,#15819,.T.);
#15817 = VERTEX_POINT('',#15818);
#15818 = CARTESIAN_POINT('',(148.39,-60.065,0.));
#15819 = CIRCLE('',#15820,0.445);
#15820 = AXIS2_PLACEMENT_3D('',#15821,#15822,#15823);
#15821 = CARTESIAN_POINT('',(148.39,-59.62,0.));
#15822 = DIRECTION('',(-0.,0.,-1.));
#15823 = DIRECTION('',(-0.,-1.,0.));
#15824 = FACE_BOUND('',#15825,.F.);
#15825 = EDGE_LOOP('',(#15826));
#15826 = ORIENTED_EDGE('',*,*,#15827,.T.);
#15827 = EDGE_CURVE('',#15828,#15828,#15830,.T.);
#15828 = VERTEX_POINT('',#15829);
#15829 = CARTESIAN_POINT('',(117.84,-52.575,0.));
#15830 = CIRCLE('',#15831,0.55);
#15831 = AXIS2_PLACEMENT_3D('',#15832,#15833,#15834);
#15832 = CARTESIAN_POINT('',(117.84,-52.025,0.));
#15833 = DIRECTION('',(-0.,0.,-1.));
#15834 = DIRECTION('',(-0.,-1.,0.));
#15835 = FACE_BOUND('',#15836,.F.);
#15836 = EDGE_LOOP('',(#15837));
#15837 = ORIENTED_EDGE('',*,*,#15838,.T.);
#15838 = EDGE_CURVE('',#15839,#15839,#15841,.T.);
#15839 = VERTEX_POINT('',#15840);
#15840 = CARTESIAN_POINT('',(120.38,-52.575,0.));
#15841 = CIRCLE('',#15842,0.55);
#15842 = AXIS2_PLACEMENT_3D('',#15843,#15844,#15845);
#15843 = CARTESIAN_POINT('',(120.38,-52.025,0.));
#15844 = DIRECTION('',(-0.,0.,-1.));
#15845 = DIRECTION('',(-0.,-1.,0.));
#15846 = FACE_BOUND('',#15847,.F.);
#15847 = EDGE_LOOP('',(#15848));
#15848 = ORIENTED_EDGE('',*,*,#15849,.T.);
#15849 = EDGE_CURVE('',#15850,#15850,#15852,.T.);
#15850 = VERTEX_POINT('',#15851);
#15851 = CARTESIAN_POINT('',(122.92,-52.575,0.));
#15852 = CIRCLE('',#15853,0.55);
#15853 = AXIS2_PLACEMENT_3D('',#15854,#15855,#15856);
#15854 = CARTESIAN_POINT('',(122.92,-52.025,0.));
#15855 = DIRECTION('',(-0.,0.,-1.));
#15856 = DIRECTION('',(-0.,-1.,0.));
#15857 = FACE_BOUND('',#15858,.F.);
#15858 = EDGE_LOOP('',(#15859));
#15859 = ORIENTED_EDGE('',*,*,#15860,.T.);
#15860 = EDGE_CURVE('',#15861,#15861,#15863,.T.);
#15861 = VERTEX_POINT('',#15862);
#15862 = CARTESIAN_POINT('',(96.963435,-46.17,0.));
#15863 = CIRCLE('',#15864,0.4);
#15864 = AXIS2_PLACEMENT_3D('',#15865,#15866,#15867);
#15865 = CARTESIAN_POINT('',(96.963435,-45.77,0.));
#15866 = DIRECTION('',(-0.,0.,-1.));
#15867 = DIRECTION('',(-0.,-1.,0.));
#15868 = FACE_BOUND('',#15869,.F.);
#15869 = EDGE_LOOP('',(#15870));
#15870 = ORIENTED_EDGE('',*,*,#15871,.T.);
#15871 = EDGE_CURVE('',#15872,#15872,#15874,.T.);
#15872 = VERTEX_POINT('',#15873);
#15873 = CARTESIAN_POINT('',(96.963435,-43.63,0.));
#15874 = CIRCLE('',#15875,0.4);
#15875 = AXIS2_PLACEMENT_3D('',#15876,#15877,#15878);
#15876 = CARTESIAN_POINT('',(96.963435,-43.23,0.));
#15877 = DIRECTION('',(-0.,0.,-1.));
#15878 = DIRECTION('',(-0.,-1.,0.));
#15879 = FACE_BOUND('',#15880,.F.);
#15880 = EDGE_LOOP('',(#15881));
#15881 = ORIENTED_EDGE('',*,*,#15882,.T.);
#15882 = EDGE_CURVE('',#15883,#15883,#15885,.T.);
#15883 = VERTEX_POINT('',#15884);
#15884 = CARTESIAN_POINT('',(112.203435,-48.71,0.));
#15885 = CIRCLE('',#15886,0.4);
#15886 = AXIS2_PLACEMENT_3D('',#15887,#15888,#15889);
#15887 = CARTESIAN_POINT('',(112.203435,-48.31,0.));
#15888 = DIRECTION('',(-0.,0.,-1.));
#15889 = DIRECTION('',(-0.,-1.,0.));
#15890 = FACE_BOUND('',#15891,.F.);
#15891 = EDGE_LOOP('',(#15892));
#15892 = ORIENTED_EDGE('',*,*,#15893,.T.);
#15893 = EDGE_CURVE('',#15894,#15894,#15896,.T.);
#15894 = VERTEX_POINT('',#15895);
#15895 = CARTESIAN_POINT('',(112.203435,-46.17,0.));
#15896 = CIRCLE('',#15897,0.4);
#15897 = AXIS2_PLACEMENT_3D('',#15898,#15899,#15900);
#15898 = CARTESIAN_POINT('',(112.203435,-45.77,0.));
#15899 = DIRECTION('',(-0.,0.,-1.));
#15900 = DIRECTION('',(-0.,-1.,0.));
#15901 = FACE_BOUND('',#15902,.F.);
#15902 = EDGE_LOOP('',(#15903));
#15903 = ORIENTED_EDGE('',*,*,#15904,.T.);
#15904 = EDGE_CURVE('',#15905,#15905,#15907,.T.);
#15905 = VERTEX_POINT('',#15906);
#15906 = CARTESIAN_POINT('',(112.203435,-43.63,0.));
#15907 = CIRCLE('',#15908,0.4);
#15908 = AXIS2_PLACEMENT_3D('',#15909,#15910,#15911);
#15909 = CARTESIAN_POINT('',(112.203435,-43.23,0.));
#15910 = DIRECTION('',(-0.,0.,-1.));
#15911 = DIRECTION('',(-0.,-1.,0.));
#15912 = FACE_BOUND('',#15913,.F.);
#15913 = EDGE_LOOP('',(#15914));
#15914 = ORIENTED_EDGE('',*,*,#15915,.T.);
#15915 = EDGE_CURVE('',#15916,#15916,#15918,.T.);
#15916 = VERTEX_POINT('',#15917);
#15917 = CARTESIAN_POINT('',(117.84,-44.92,0.));
#15918 = CIRCLE('',#15919,0.55);
#15919 = AXIS2_PLACEMENT_3D('',#15920,#15921,#15922);
#15920 = CARTESIAN_POINT('',(117.84,-44.37,0.));
#15921 = DIRECTION('',(-0.,0.,-1.));
#15922 = DIRECTION('',(-0.,-1.,0.));
#15923 = FACE_BOUND('',#15924,.F.);
#15924 = EDGE_LOOP('',(#15925));
#15925 = ORIENTED_EDGE('',*,*,#15926,.T.);
#15926 = EDGE_CURVE('',#15927,#15927,#15929,.T.);
#15927 = VERTEX_POINT('',#15928);
#15928 = CARTESIAN_POINT('',(120.38,-44.92,0.));
#15929 = CIRCLE('',#15930,0.55);
#15930 = AXIS2_PLACEMENT_3D('',#15931,#15932,#15933);
#15931 = CARTESIAN_POINT('',(120.38,-44.37,0.));
#15932 = DIRECTION('',(-0.,0.,-1.));
#15933 = DIRECTION('',(-0.,-1.,0.));
#15934 = FACE_BOUND('',#15935,.F.);
#15935 = EDGE_LOOP('',(#15936));
#15936 = ORIENTED_EDGE('',*,*,#15937,.T.);
#15937 = EDGE_CURVE('',#15938,#15938,#15940,.T.);
#15938 = VERTEX_POINT('',#15939);
#15939 = CARTESIAN_POINT('',(122.92,-44.92,0.));
#15940 = CIRCLE('',#15941,0.55);
#15941 = AXIS2_PLACEMENT_3D('',#15942,#15943,#15944);
#15942 = CARTESIAN_POINT('',(122.92,-44.37,0.));
#15943 = DIRECTION('',(-0.,0.,-1.));
#15944 = DIRECTION('',(-0.,-1.,0.));
#15945 = FACE_BOUND('',#15946,.F.);
#15946 = EDGE_LOOP('',(#15947));
#15947 = ORIENTED_EDGE('',*,*,#15948,.T.);
#15948 = EDGE_CURVE('',#15949,#15949,#15951,.T.);
#15949 = VERTEX_POINT('',#15950);
#15950 = CARTESIAN_POINT('',(125.46,-52.575,0.));
#15951 = CIRCLE('',#15952,0.55);
#15952 = AXIS2_PLACEMENT_3D('',#15953,#15954,#15955);
#15953 = CARTESIAN_POINT('',(125.46,-52.025,0.));
#15954 = DIRECTION('',(-0.,0.,-1.));
#15955 = DIRECTION('',(-2.5837917664E-14,-1.,0.));
#15956 = FACE_BOUND('',#15957,.F.);
#15957 = EDGE_LOOP('',(#15958));
#15958 = ORIENTED_EDGE('',*,*,#15959,.T.);
#15959 = EDGE_CURVE('',#15960,#15960,#15962,.T.);
#15960 = VERTEX_POINT('',#15961);
#15961 = CARTESIAN_POINT('',(129.6,-52.575,0.));
#15962 = CIRCLE('',#15963,0.55);
#15963 = AXIS2_PLACEMENT_3D('',#15964,#15965,#15966);
#15964 = CARTESIAN_POINT('',(129.6,-52.025,0.));
#15965 = DIRECTION('',(-0.,0.,-1.));
#15966 = DIRECTION('',(-5.167583532801E-14,-1.,0.));
#15967 = FACE_BOUND('',#15968,.F.);
#15968 = EDGE_LOOP('',(#15969));
#15969 = ORIENTED_EDGE('',*,*,#15970,.T.);
#15970 = EDGE_CURVE('',#15971,#15971,#15973,.T.);
#15971 = VERTEX_POINT('',#15972);
#15972 = CARTESIAN_POINT('',(132.14,-52.575,0.));
#15973 = CIRCLE('',#15974,0.55);
#15974 = AXIS2_PLACEMENT_3D('',#15975,#15976,#15977);
#15975 = CARTESIAN_POINT('',(132.14,-52.025,0.));
#15976 = DIRECTION('',(-0.,0.,-1.));
#15977 = DIRECTION('',(-0.,-1.,0.));
#15978 = FACE_BOUND('',#15979,.F.);
#15979 = EDGE_LOOP('',(#15980));
#15980 = ORIENTED_EDGE('',*,*,#15981,.T.);
#15981 = EDGE_CURVE('',#15982,#15982,#15984,.T.);
#15982 = VERTEX_POINT('',#15983);
#15983 = CARTESIAN_POINT('',(134.68,-52.575,0.));
#15984 = CIRCLE('',#15985,0.55);
#15985 = AXIS2_PLACEMENT_3D('',#15986,#15987,#15988);
#15986 = CARTESIAN_POINT('',(134.68,-52.025,0.));
#15987 = DIRECTION('',(-0.,0.,-1.));
#15988 = DIRECTION('',(-0.,-1.,0.));
#15989 = FACE_BOUND('',#15990,.F.);
#15990 = EDGE_LOOP('',(#15991));
#15991 = ORIENTED_EDGE('',*,*,#15992,.T.);
#15992 = EDGE_CURVE('',#15993,#15993,#15995,.T.);
#15993 = VERTEX_POINT('',#15994);
#15994 = CARTESIAN_POINT('',(137.22,-52.575,0.));
#15995 = CIRCLE('',#15996,0.55);
#15996 = AXIS2_PLACEMENT_3D('',#15997,#15998,#15999);
#15997 = CARTESIAN_POINT('',(137.22,-52.025,0.));
#15998 = DIRECTION('',(-0.,0.,-1.));
#15999 = DIRECTION('',(-0.,-1.,0.));
#16000 = FACE_BOUND('',#16001,.F.);
#16001 = EDGE_LOOP('',(#16002));
#16002 = ORIENTED_EDGE('',*,*,#16003,.T.);
#16003 = EDGE_CURVE('',#16004,#16004,#16006,.T.);
#16004 = VERTEX_POINT('',#16005);
#16005 = CARTESIAN_POINT('',(150.93,-58.455,0.));
#16006 = CIRCLE('',#16007,1.625);
#16007 = AXIS2_PLACEMENT_3D('',#16008,#16009,#16010);
#16008 = CARTESIAN_POINT('',(150.93,-56.83,0.));
#16009 = DIRECTION('',(-0.,0.,-1.));
#16010 = DIRECTION('',(-0.,-1.,0.));
#16011 = FACE_BOUND('',#16012,.F.);
#16012 = EDGE_LOOP('',(#16013));
#16013 = ORIENTED_EDGE('',*,*,#16014,.T.);
#16014 = EDGE_CURVE('',#16015,#16015,#16017,.T.);
#16015 = VERTEX_POINT('',#16016);
#16016 = CARTESIAN_POINT('',(147.5,-55.835,0.));
#16017 = CIRCLE('',#16018,0.785);
#16018 = AXIS2_PLACEMENT_3D('',#16019,#16020,#16021);
#16019 = CARTESIAN_POINT('',(147.5,-55.05,0.));
#16020 = DIRECTION('',(-0.,0.,-1.));
#16021 = DIRECTION('',(-0.,-1.,0.));
#16022 = FACE_BOUND('',#16023,.F.);
#16023 = EDGE_LOOP('',(#16024));
#16024 = ORIENTED_EDGE('',*,*,#16025,.T.);
#16025 = EDGE_CURVE('',#16026,#16026,#16028,.T.);
#16026 = VERTEX_POINT('',#16027);
#16027 = CARTESIAN_POINT('',(152.39,-51.37,0.));
#16028 = CIRCLE('',#16029,0.55);
#16029 = AXIS2_PLACEMENT_3D('',#16030,#16031,#16032);
#16030 = CARTESIAN_POINT('',(152.39,-50.82,0.));
#16031 = DIRECTION('',(-0.,0.,-1.));
#16032 = DIRECTION('',(-0.,-1.,0.));
#16033 = FACE_BOUND('',#16034,.F.);
#16034 = EDGE_LOOP('',(#16035));
#16035 = ORIENTED_EDGE('',*,*,#16036,.T.);
#16036 = EDGE_CURVE('',#16037,#16037,#16039,.T.);
#16037 = VERTEX_POINT('',#16038);
#16038 = CARTESIAN_POINT('',(125.46,-44.92,0.));
#16039 = CIRCLE('',#16040,0.55);
#16040 = AXIS2_PLACEMENT_3D('',#16041,#16042,#16043);
#16041 = CARTESIAN_POINT('',(125.46,-44.37,0.));
#16042 = DIRECTION('',(-0.,0.,-1.));
#16043 = DIRECTION('',(-2.5837917664E-14,-1.,0.));
#16044 = FACE_BOUND('',#16045,.F.);
#16045 = EDGE_LOOP('',(#16046));
#16046 = ORIENTED_EDGE('',*,*,#16047,.T.);
#16047 = EDGE_CURVE('',#16048,#16048,#16050,.T.);
#16048 = VERTEX_POINT('',#16049);
#16049 = CARTESIAN_POINT('',(129.6,-44.92,0.));
#16050 = CIRCLE('',#16051,0.55);
#16051 = AXIS2_PLACEMENT_3D('',#16052,#16053,#16054);
#16052 = CARTESIAN_POINT('',(129.6,-44.37,0.));
#16053 = DIRECTION('',(-0.,0.,-1.));
#16054 = DIRECTION('',(-5.167583532801E-14,-1.,0.));
#16055 = FACE_BOUND('',#16056,.F.);
#16056 = EDGE_LOOP('',(#16057));
#16057 = ORIENTED_EDGE('',*,*,#16058,.T.);
#16058 = EDGE_CURVE('',#16059,#16059,#16061,.T.);
#16059 = VERTEX_POINT('',#16060);
#16060 = CARTESIAN_POINT('',(132.14,-44.92,0.));
#16061 = CIRCLE('',#16062,0.55);
#16062 = AXIS2_PLACEMENT_3D('',#16063,#16064,#16065);
#16063 = CARTESIAN_POINT('',(132.14,-44.37,0.));
#16064 = DIRECTION('',(-0.,0.,-1.));
#16065 = DIRECTION('',(-0.,-1.,0.));
#16066 = FACE_BOUND('',#16067,.F.);
#16067 = EDGE_LOOP('',(#16068));
#16068 = ORIENTED_EDGE('',*,*,#16069,.T.);
#16069 = EDGE_CURVE('',#16070,#16070,#16072,.T.);
#16070 = VERTEX_POINT('',#16071);
#16071 = CARTESIAN_POINT('',(134.68,-44.92,0.));
#16072 = CIRCLE('',#16073,0.55);
#16073 = AXIS2_PLACEMENT_3D('',#16074,#16075,#16076);
#16074 = CARTESIAN_POINT('',(134.68,-44.37,0.));
#16075 = DIRECTION('',(-0.,0.,-1.));
#16076 = DIRECTION('',(-0.,-1.,0.));
#16077 = FACE_BOUND('',#16078,.F.);
#16078 = EDGE_LOOP('',(#16079));
#16079 = ORIENTED_EDGE('',*,*,#16080,.T.);
#16080 = EDGE_CURVE('',#16081,#16081,#16083,.T.);
#16081 = VERTEX_POINT('',#16082);
#16082 = CARTESIAN_POINT('',(137.22,-44.92,0.));
#16083 = CIRCLE('',#16084,0.55);
#16084 = AXIS2_PLACEMENT_3D('',#16085,#16086,#16087);
#16085 = CARTESIAN_POINT('',(137.22,-44.37,0.));
#16086 = DIRECTION('',(-0.,0.,-1.));
#16087 = DIRECTION('',(-0.,-1.,0.));
#16088 = FACE_BOUND('',#16089,.F.);
#16089 = EDGE_LOOP('',(#16090));
#16090 = ORIENTED_EDGE('',*,*,#16091,.T.);
#16091 = EDGE_CURVE('',#16092,#16092,#16094,.T.);
#16092 = VERTEX_POINT('',#16093);
#16093 = CARTESIAN_POINT('',(152.39,-48.83,0.));
#16094 = CIRCLE('',#16095,0.55);
#16095 = AXIS2_PLACEMENT_3D('',#16096,#16097,#16098);
#16096 = CARTESIAN_POINT('',(152.39,-48.28,0.));
#16097 = DIRECTION('',(-0.,0.,-1.));
#16098 = DIRECTION('',(-0.,-1.,0.));
#16099 = FACE_BOUND('',#16100,.F.);
#16100 = EDGE_LOOP('',(#16101));
#16101 = ORIENTED_EDGE('',*,*,#16102,.T.);
#16102 = EDGE_CURVE('',#16103,#16103,#16105,.T.);
#16103 = VERTEX_POINT('',#16104);
#16104 = CARTESIAN_POINT('',(143.21,-44.185,0.));
#16105 = CIRCLE('',#16106,0.595);
#16106 = AXIS2_PLACEMENT_3D('',#16107,#16108,#16109);
#16107 = CARTESIAN_POINT('',(143.21,-43.59,0.));
#16108 = DIRECTION('',(-0.,0.,-1.));
#16109 = DIRECTION('',(-0.,-1.,0.));
#16110 = FACE_BOUND('',#16111,.F.);
#16111 = EDGE_LOOP('',(#16112));
#16112 = ORIENTED_EDGE('',*,*,#16113,.T.);
#16113 = EDGE_CURVE('',#16114,#16114,#16116,.T.);
#16114 = VERTEX_POINT('',#16115);
#16115 = CARTESIAN_POINT('',(145.75,-44.185,0.));
#16116 = CIRCLE('',#16117,0.595);
#16117 = AXIS2_PLACEMENT_3D('',#16118,#16119,#16120);
#16118 = CARTESIAN_POINT('',(145.75,-43.59,0.));
#16119 = DIRECTION('',(-0.,0.,-1.));
#16120 = DIRECTION('',(-0.,-1.,0.));
#16121 = FACE_BOUND('',#16122,.F.);
#16122 = EDGE_LOOP('',(#16123));
#16123 = ORIENTED_EDGE('',*,*,#16124,.T.);
#16124 = EDGE_CURVE('',#16125,#16125,#16127,.T.);
#16125 = VERTEX_POINT('',#16126);
#16126 = CARTESIAN_POINT('',(152.39,-46.29,0.));
#16127 = CIRCLE('',#16128,0.55);
#16128 = AXIS2_PLACEMENT_3D('',#16129,#16130,#16131);
#16129 = CARTESIAN_POINT('',(152.39,-45.74,0.));
#16130 = DIRECTION('',(-0.,0.,-1.));
#16131 = DIRECTION('',(-0.,-1.,0.));
#16132 = FACE_BOUND('',#16133,.F.);
#16133 = EDGE_LOOP('',(#16134));
#16134 = ORIENTED_EDGE('',*,*,#16135,.T.);
#16135 = EDGE_CURVE('',#16136,#16136,#16138,.T.);
#16136 = VERTEX_POINT('',#16137);
#16137 = CARTESIAN_POINT('',(152.39,-43.75,0.));
#16138 = CIRCLE('',#16139,0.55);
#16139 = AXIS2_PLACEMENT_3D('',#16140,#16141,#16142);
#16140 = CARTESIAN_POINT('',(152.39,-43.2,0.));
#16141 = DIRECTION('',(-0.,0.,-1.));
#16142 = DIRECTION('',(-0.,-1.,0.));
#16143 = PLANE('',#16144);
#16144 = AXIS2_PLACEMENT_3D('',#16145,#16146,#16147);
#16145 = CARTESIAN_POINT('',(0.,0.,0.));
#16146 = DIRECTION('',(0.,0.,1.));
#16147 = DIRECTION('',(1.,0.,-0.));
#16148 = ADVANCED_FACE('',(#16149,#16160,#16171,#16182,#16193,#16204,
    #16215,#16226,#16237,#16248,#16259,#16270,#16281,#16292,#16303,
    #16314,#16325,#16336,#16347,#16358,#16369,#16380,#16391,#16402,
    #16413,#16424,#16435,#16446,#16457,#16468,#16479,#16490,#16501,
    #16512,#16523,#16534,#16545,#16556,#16567,#16578,#16589,#16600,
    #16611,#16622,#16633,#16644,#16655,#16666,#16677,#16688,#16699,
    #16710,#16721,#16732,#16743,#16754),#16765,.T.);
#16149 = FACE_BOUND('',#16150,.T.);
#16150 = EDGE_LOOP('',(#16151,#16152,#16153,#16159));
#16151 = ORIENTED_EDGE('',*,*,#15438,.F.);
#16152 = ORIENTED_EDGE('',*,*,#15478,.F.);
#16153 = ORIENTED_EDGE('',*,*,#16154,.F.);
#16154 = EDGE_CURVE('',#15501,#15471,#16155,.T.);
#16155 = LINE('',#16156,#16157);
#16156 = CARTESIAN_POINT('',(92.68,-39.35,1.51));
#16157 = VECTOR('',#16158,1.);
#16158 = DIRECTION('',(1.,0.,0.));
#16159 = ORIENTED_EDGE('',*,*,#15500,.F.);
#16160 = FACE_BOUND('',#16161,.T.);
#16161 = EDGE_LOOP('',(#16162));
#16162 = ORIENTED_EDGE('',*,*,#16163,.T.);
#16163 = EDGE_CURVE('',#16164,#16164,#16166,.T.);
#16164 = VERTEX_POINT('',#16165);
#16165 = CARTESIAN_POINT('',(96.963435,-71.31,1.51));
#16166 = CIRCLE('',#16167,0.4);
#16167 = AXIS2_PLACEMENT_3D('',#16168,#16169,#16170);
#16168 = CARTESIAN_POINT('',(96.963435,-70.91,1.51));
#16169 = DIRECTION('',(-0.,0.,-1.));
#16170 = DIRECTION('',(-0.,-1.,0.));
#16171 = FACE_BOUND('',#16172,.T.);
#16172 = EDGE_LOOP('',(#16173));
#16173 = ORIENTED_EDGE('',*,*,#16174,.T.);
#16174 = EDGE_CURVE('',#16175,#16175,#16177,.T.);
#16175 = VERTEX_POINT('',#16176);
#16176 = CARTESIAN_POINT('',(96.963435,-68.77,1.51));
#16177 = CIRCLE('',#16178,0.4);
#16178 = AXIS2_PLACEMENT_3D('',#16179,#16180,#16181);
#16179 = CARTESIAN_POINT('',(96.963435,-68.37,1.51));
#16180 = DIRECTION('',(-0.,0.,-1.));
#16181 = DIRECTION('',(-0.,-1.,0.));
#16182 = FACE_BOUND('',#16183,.T.);
#16183 = EDGE_LOOP('',(#16184));
#16184 = ORIENTED_EDGE('',*,*,#16185,.T.);
#16185 = EDGE_CURVE('',#16186,#16186,#16188,.T.);
#16186 = VERTEX_POINT('',#16187);
#16187 = CARTESIAN_POINT('',(112.203435,-71.31,1.51));
#16188 = CIRCLE('',#16189,0.4);
#16189 = AXIS2_PLACEMENT_3D('',#16190,#16191,#16192);
#16190 = CARTESIAN_POINT('',(112.203435,-70.91,1.51));
#16191 = DIRECTION('',(-0.,0.,-1.));
#16192 = DIRECTION('',(-0.,-1.,0.));
#16193 = FACE_BOUND('',#16194,.T.);
#16194 = EDGE_LOOP('',(#16195));
#16195 = ORIENTED_EDGE('',*,*,#16196,.T.);
#16196 = EDGE_CURVE('',#16197,#16197,#16199,.T.);
#16197 = VERTEX_POINT('',#16198);
#16198 = CARTESIAN_POINT('',(112.203435,-68.77,1.51));
#16199 = CIRCLE('',#16200,0.4);
#16200 = AXIS2_PLACEMENT_3D('',#16201,#16202,#16203);
#16201 = CARTESIAN_POINT('',(112.203435,-68.37,1.51));
#16202 = DIRECTION('',(-0.,0.,-1.));
#16203 = DIRECTION('',(-0.,-1.,0.));
#16204 = FACE_BOUND('',#16205,.T.);
#16205 = EDGE_LOOP('',(#16206));
#16206 = ORIENTED_EDGE('',*,*,#16207,.T.);
#16207 = EDGE_CURVE('',#16208,#16208,#16210,.T.);
#16208 = VERTEX_POINT('',#16209);
#16209 = CARTESIAN_POINT('',(117.84,-60.23,1.51));
#16210 = CIRCLE('',#16211,0.55);
#16211 = AXIS2_PLACEMENT_3D('',#16212,#16213,#16214);
#16212 = CARTESIAN_POINT('',(117.84,-59.68,1.51));
#16213 = DIRECTION('',(-0.,0.,-1.));
#16214 = DIRECTION('',(-0.,-1.,0.));
#16215 = FACE_BOUND('',#16216,.T.);
#16216 = EDGE_LOOP('',(#16217));
#16217 = ORIENTED_EDGE('',*,*,#16218,.T.);
#16218 = EDGE_CURVE('',#16219,#16219,#16221,.T.);
#16219 = VERTEX_POINT('',#16220);
#16220 = CARTESIAN_POINT('',(120.38,-60.23,1.51));
#16221 = CIRCLE('',#16222,0.55);
#16222 = AXIS2_PLACEMENT_3D('',#16223,#16224,#16225);
#16223 = CARTESIAN_POINT('',(120.38,-59.68,1.51));
#16224 = DIRECTION('',(-0.,0.,-1.));
#16225 = DIRECTION('',(-0.,-1.,0.));
#16226 = FACE_BOUND('',#16227,.T.);
#16227 = EDGE_LOOP('',(#16228));
#16228 = ORIENTED_EDGE('',*,*,#16229,.T.);
#16229 = EDGE_CURVE('',#16230,#16230,#16232,.T.);
#16230 = VERTEX_POINT('',#16231);
#16231 = CARTESIAN_POINT('',(122.92,-60.23,1.51));
#16232 = CIRCLE('',#16233,0.55);
#16233 = AXIS2_PLACEMENT_3D('',#16234,#16235,#16236);
#16234 = CARTESIAN_POINT('',(122.92,-59.68,1.51));
#16235 = DIRECTION('',(-0.,0.,-1.));
#16236 = DIRECTION('',(-0.,-1.,0.));
#16237 = FACE_BOUND('',#16238,.T.);
#16238 = EDGE_LOOP('',(#16239));
#16239 = ORIENTED_EDGE('',*,*,#16240,.T.);
#16240 = EDGE_CURVE('',#16241,#16241,#16243,.T.);
#16241 = VERTEX_POINT('',#16242);
#16242 = CARTESIAN_POINT('',(127.01,-70.735,1.51));
#16243 = CIRCLE('',#16244,0.595);
#16244 = AXIS2_PLACEMENT_3D('',#16245,#16246,#16247);
#16245 = CARTESIAN_POINT('',(127.01,-70.14,1.51));
#16246 = DIRECTION('',(-0.,0.,-1.));
#16247 = DIRECTION('',(-0.,-1.,0.));
#16248 = FACE_BOUND('',#16249,.T.);
#16249 = EDGE_LOOP('',(#16250));
#16250 = ORIENTED_EDGE('',*,*,#16251,.T.);
#16251 = EDGE_CURVE('',#16252,#16252,#16254,.T.);
#16252 = VERTEX_POINT('',#16253);
#16253 = CARTESIAN_POINT('',(129.55,-70.735,1.51));
#16254 = CIRCLE('',#16255,0.595);
#16255 = AXIS2_PLACEMENT_3D('',#16256,#16257,#16258);
#16256 = CARTESIAN_POINT('',(129.55,-70.14,1.51));
#16257 = DIRECTION('',(-0.,0.,-1.));
#16258 = DIRECTION('',(-0.,-1.,0.));
#16259 = FACE_BOUND('',#16260,.T.);
#16260 = EDGE_LOOP('',(#16261));
#16261 = ORIENTED_EDGE('',*,*,#16262,.T.);
#16262 = EDGE_CURVE('',#16263,#16263,#16265,.T.);
#16263 = VERTEX_POINT('',#16264);
#16264 = CARTESIAN_POINT('',(134.43,-70.735,1.51));
#16265 = CIRCLE('',#16266,0.595);
#16266 = AXIS2_PLACEMENT_3D('',#16267,#16268,#16269);
#16267 = CARTESIAN_POINT('',(134.43,-70.14,1.51));
#16268 = DIRECTION('',(-0.,0.,-1.));
#16269 = DIRECTION('',(-0.,-1.,0.));
#16270 = FACE_BOUND('',#16271,.T.);
#16271 = EDGE_LOOP('',(#16272));
#16272 = ORIENTED_EDGE('',*,*,#16273,.T.);
#16273 = EDGE_CURVE('',#16274,#16274,#16276,.T.);
#16274 = VERTEX_POINT('',#16275);
#16275 = CARTESIAN_POINT('',(136.97,-70.735,1.51));
#16276 = CIRCLE('',#16277,0.595);
#16277 = AXIS2_PLACEMENT_3D('',#16278,#16279,#16280);
#16278 = CARTESIAN_POINT('',(136.97,-70.14,1.51));
#16279 = DIRECTION('',(-0.,0.,-1.));
#16280 = DIRECTION('',(-0.,-1.,0.));
#16281 = FACE_BOUND('',#16282,.T.);
#16282 = EDGE_LOOP('',(#16283));
#16283 = ORIENTED_EDGE('',*,*,#16284,.T.);
#16284 = EDGE_CURVE('',#16285,#16285,#16287,.T.);
#16285 = VERTEX_POINT('',#16286);
#16286 = CARTESIAN_POINT('',(147.5,-72.095,1.51));
#16287 = CIRCLE('',#16288,0.785);
#16288 = AXIS2_PLACEMENT_3D('',#16289,#16290,#16291);
#16289 = CARTESIAN_POINT('',(147.5,-71.31,1.51));
#16290 = DIRECTION('',(-0.,0.,-1.));
#16291 = DIRECTION('',(-0.,-1.,0.));
#16292 = FACE_BOUND('',#16293,.T.);
#16293 = EDGE_LOOP('',(#16294));
#16294 = ORIENTED_EDGE('',*,*,#16295,.T.);
#16295 = EDGE_CURVE('',#16296,#16296,#16298,.T.);
#16296 = VERTEX_POINT('',#16297);
#16297 = CARTESIAN_POINT('',(150.93,-71.155,1.51));
#16298 = CIRCLE('',#16299,1.625);
#16299 = AXIS2_PLACEMENT_3D('',#16300,#16301,#16302);
#16300 = CARTESIAN_POINT('',(150.93,-69.53,1.51));
#16301 = DIRECTION('',(-0.,0.,-1.));
#16302 = DIRECTION('',(-0.,-1.,0.));
#16303 = FACE_BOUND('',#16304,.T.);
#16304 = EDGE_LOOP('',(#16305));
#16305 = ORIENTED_EDGE('',*,*,#16306,.T.);
#16306 = EDGE_CURVE('',#16307,#16307,#16309,.T.);
#16307 = VERTEX_POINT('',#16308);
#16308 = CARTESIAN_POINT('',(146.61,-67.177,1.51));
#16309 = CIRCLE('',#16310,0.445);
#16310 = AXIS2_PLACEMENT_3D('',#16311,#16312,#16313);
#16311 = CARTESIAN_POINT('',(146.61,-66.732,1.51));
#16312 = DIRECTION('',(-0.,0.,-1.));
#16313 = DIRECTION('',(-0.,-1.,0.));
#16314 = FACE_BOUND('',#16315,.T.);
#16315 = EDGE_LOOP('',(#16316));
#16316 = ORIENTED_EDGE('',*,*,#16317,.T.);
#16317 = EDGE_CURVE('',#16318,#16318,#16320,.T.);
#16318 = VERTEX_POINT('',#16319);
#16319 = CARTESIAN_POINT('',(148.39,-66.161,1.51));
#16320 = CIRCLE('',#16321,0.445);
#16321 = AXIS2_PLACEMENT_3D('',#16322,#16323,#16324);
#16322 = CARTESIAN_POINT('',(148.39,-65.716,1.51));
#16323 = DIRECTION('',(-0.,0.,-1.));
#16324 = DIRECTION('',(-0.,-1.,0.));
#16325 = FACE_BOUND('',#16326,.T.);
#16326 = EDGE_LOOP('',(#16327));
#16327 = ORIENTED_EDGE('',*,*,#16328,.T.);
#16328 = EDGE_CURVE('',#16329,#16329,#16331,.T.);
#16329 = VERTEX_POINT('',#16330);
#16330 = CARTESIAN_POINT('',(125.46,-60.23,1.51));
#16331 = CIRCLE('',#16332,0.55);
#16332 = AXIS2_PLACEMENT_3D('',#16333,#16334,#16335);
#16333 = CARTESIAN_POINT('',(125.46,-59.68,1.51));
#16334 = DIRECTION('',(-0.,0.,-1.));
#16335 = DIRECTION('',(-2.5837917664E-14,-1.,0.));
#16336 = FACE_BOUND('',#16337,.T.);
#16337 = EDGE_LOOP('',(#16338));
#16338 = ORIENTED_EDGE('',*,*,#16339,.T.);
#16339 = EDGE_CURVE('',#16340,#16340,#16342,.T.);
#16340 = VERTEX_POINT('',#16341);
#16341 = CARTESIAN_POINT('',(129.6,-60.23,1.51));
#16342 = CIRCLE('',#16343,0.55);
#16343 = AXIS2_PLACEMENT_3D('',#16344,#16345,#16346);
#16344 = CARTESIAN_POINT('',(129.6,-59.68,1.51));
#16345 = DIRECTION('',(-0.,0.,-1.));
#16346 = DIRECTION('',(-5.167583532801E-14,-1.,0.));
#16347 = FACE_BOUND('',#16348,.T.);
#16348 = EDGE_LOOP('',(#16349));
#16349 = ORIENTED_EDGE('',*,*,#16350,.T.);
#16350 = EDGE_CURVE('',#16351,#16351,#16353,.T.);
#16351 = VERTEX_POINT('',#16352);
#16352 = CARTESIAN_POINT('',(132.14,-60.23,1.51));
#16353 = CIRCLE('',#16354,0.55);
#16354 = AXIS2_PLACEMENT_3D('',#16355,#16356,#16357);
#16355 = CARTESIAN_POINT('',(132.14,-59.68,1.51));
#16356 = DIRECTION('',(-0.,0.,-1.));
#16357 = DIRECTION('',(-0.,-1.,0.));
#16358 = FACE_BOUND('',#16359,.T.);
#16359 = EDGE_LOOP('',(#16360));
#16360 = ORIENTED_EDGE('',*,*,#16361,.T.);
#16361 = EDGE_CURVE('',#16362,#16362,#16364,.T.);
#16362 = VERTEX_POINT('',#16363);
#16363 = CARTESIAN_POINT('',(134.68,-60.23,1.51));
#16364 = CIRCLE('',#16365,0.55);
#16365 = AXIS2_PLACEMENT_3D('',#16366,#16367,#16368);
#16366 = CARTESIAN_POINT('',(134.68,-59.68,1.51));
#16367 = DIRECTION('',(-0.,0.,-1.));
#16368 = DIRECTION('',(-0.,-1.,0.));
#16369 = FACE_BOUND('',#16370,.T.);
#16370 = EDGE_LOOP('',(#16371));
#16371 = ORIENTED_EDGE('',*,*,#16372,.T.);
#16372 = EDGE_CURVE('',#16373,#16373,#16375,.T.);
#16373 = VERTEX_POINT('',#16374);
#16374 = CARTESIAN_POINT('',(137.22,-60.23,1.51));
#16375 = CIRCLE('',#16376,0.55);
#16376 = AXIS2_PLACEMENT_3D('',#16377,#16378,#16379);
#16377 = CARTESIAN_POINT('',(137.22,-59.68,1.51));
#16378 = DIRECTION('',(-0.,0.,-1.));
#16379 = DIRECTION('',(-0.,-1.,0.));
#16380 = FACE_BOUND('',#16381,.T.);
#16381 = EDGE_LOOP('',(#16382));
#16382 = ORIENTED_EDGE('',*,*,#16383,.T.);
#16383 = EDGE_CURVE('',#16384,#16384,#16386,.T.);
#16384 = VERTEX_POINT('',#16385);
#16385 = CARTESIAN_POINT('',(146.61,-65.145,1.51));
#16386 = CIRCLE('',#16387,0.445);
#16387 = AXIS2_PLACEMENT_3D('',#16388,#16389,#16390);
#16388 = CARTESIAN_POINT('',(146.61,-64.7,1.51));
#16389 = DIRECTION('',(-0.,0.,-1.));
#16390 = DIRECTION('',(-0.,-1.,0.));
#16391 = FACE_BOUND('',#16392,.T.);
#16392 = EDGE_LOOP('',(#16393));
#16393 = ORIENTED_EDGE('',*,*,#16394,.T.);
#16394 = EDGE_CURVE('',#16395,#16395,#16397,.T.);
#16395 = VERTEX_POINT('',#16396);
#16396 = CARTESIAN_POINT('',(148.39,-64.129,1.51));
#16397 = CIRCLE('',#16398,0.445);
#16398 = AXIS2_PLACEMENT_3D('',#16399,#16400,#16401);
#16399 = CARTESIAN_POINT('',(148.39,-63.684,1.51));
#16400 = DIRECTION('',(-0.,0.,-1.));
#16401 = DIRECTION('',(-0.,-1.,0.));
#16402 = FACE_BOUND('',#16403,.T.);
#16403 = EDGE_LOOP('',(#16404));
#16404 = ORIENTED_EDGE('',*,*,#16405,.T.);
#16405 = EDGE_CURVE('',#16406,#16406,#16408,.T.);
#16406 = VERTEX_POINT('',#16407);
#16407 = CARTESIAN_POINT('',(146.61,-63.113,1.51));
#16408 = CIRCLE('',#16409,0.445);
#16409 = AXIS2_PLACEMENT_3D('',#16410,#16411,#16412);
#16410 = CARTESIAN_POINT('',(146.61,-62.668,1.51));
#16411 = DIRECTION('',(-0.,0.,-1.));
#16412 = DIRECTION('',(-0.,-1.,0.));
#16413 = FACE_BOUND('',#16414,.T.);
#16414 = EDGE_LOOP('',(#16415));
#16415 = ORIENTED_EDGE('',*,*,#16416,.T.);
#16416 = EDGE_CURVE('',#16417,#16417,#16419,.T.);
#16417 = VERTEX_POINT('',#16418);
#16418 = CARTESIAN_POINT('',(148.39,-62.097,1.51));
#16419 = CIRCLE('',#16420,0.445);
#16420 = AXIS2_PLACEMENT_3D('',#16421,#16422,#16423);
#16421 = CARTESIAN_POINT('',(148.39,-61.652,1.51));
#16422 = DIRECTION('',(-0.,0.,-1.));
#16423 = DIRECTION('',(-0.,-1.,0.));
#16424 = FACE_BOUND('',#16425,.T.);
#16425 = EDGE_LOOP('',(#16426));
#16426 = ORIENTED_EDGE('',*,*,#16427,.T.);
#16427 = EDGE_CURVE('',#16428,#16428,#16430,.T.);
#16428 = VERTEX_POINT('',#16429);
#16429 = CARTESIAN_POINT('',(146.61,-61.081,1.51));
#16430 = CIRCLE('',#16431,0.445);
#16431 = AXIS2_PLACEMENT_3D('',#16432,#16433,#16434);
#16432 = CARTESIAN_POINT('',(146.61,-60.636,1.51));
#16433 = DIRECTION('',(-0.,0.,-1.));
#16434 = DIRECTION('',(-0.,-1.,0.));
#16435 = FACE_BOUND('',#16436,.T.);
#16436 = EDGE_LOOP('',(#16437));
#16437 = ORIENTED_EDGE('',*,*,#16438,.T.);
#16438 = EDGE_CURVE('',#16439,#16439,#16441,.T.);
#16439 = VERTEX_POINT('',#16440);
#16440 = CARTESIAN_POINT('',(148.39,-60.065,1.51));
#16441 = CIRCLE('',#16442,0.445);
#16442 = AXIS2_PLACEMENT_3D('',#16443,#16444,#16445);
#16443 = CARTESIAN_POINT('',(148.39,-59.62,1.51));
#16444 = DIRECTION('',(-0.,0.,-1.));
#16445 = DIRECTION('',(-0.,-1.,0.));
#16446 = FACE_BOUND('',#16447,.T.);
#16447 = EDGE_LOOP('',(#16448));
#16448 = ORIENTED_EDGE('',*,*,#16449,.T.);
#16449 = EDGE_CURVE('',#16450,#16450,#16452,.T.);
#16450 = VERTEX_POINT('',#16451);
#16451 = CARTESIAN_POINT('',(117.84,-52.575,1.51));
#16452 = CIRCLE('',#16453,0.55);
#16453 = AXIS2_PLACEMENT_3D('',#16454,#16455,#16456);
#16454 = CARTESIAN_POINT('',(117.84,-52.025,1.51));
#16455 = DIRECTION('',(-0.,0.,-1.));
#16456 = DIRECTION('',(-0.,-1.,0.));
#16457 = FACE_BOUND('',#16458,.T.);
#16458 = EDGE_LOOP('',(#16459));
#16459 = ORIENTED_EDGE('',*,*,#16460,.T.);
#16460 = EDGE_CURVE('',#16461,#16461,#16463,.T.);
#16461 = VERTEX_POINT('',#16462);
#16462 = CARTESIAN_POINT('',(120.38,-52.575,1.51));
#16463 = CIRCLE('',#16464,0.55);
#16464 = AXIS2_PLACEMENT_3D('',#16465,#16466,#16467);
#16465 = CARTESIAN_POINT('',(120.38,-52.025,1.51));
#16466 = DIRECTION('',(-0.,0.,-1.));
#16467 = DIRECTION('',(-0.,-1.,0.));
#16468 = FACE_BOUND('',#16469,.T.);
#16469 = EDGE_LOOP('',(#16470));
#16470 = ORIENTED_EDGE('',*,*,#16471,.T.);
#16471 = EDGE_CURVE('',#16472,#16472,#16474,.T.);
#16472 = VERTEX_POINT('',#16473);
#16473 = CARTESIAN_POINT('',(122.92,-52.575,1.51));
#16474 = CIRCLE('',#16475,0.55);
#16475 = AXIS2_PLACEMENT_3D('',#16476,#16477,#16478);
#16476 = CARTESIAN_POINT('',(122.92,-52.025,1.51));
#16477 = DIRECTION('',(-0.,0.,-1.));
#16478 = DIRECTION('',(-0.,-1.,0.));
#16479 = FACE_BOUND('',#16480,.T.);
#16480 = EDGE_LOOP('',(#16481));
#16481 = ORIENTED_EDGE('',*,*,#16482,.T.);
#16482 = EDGE_CURVE('',#16483,#16483,#16485,.T.);
#16483 = VERTEX_POINT('',#16484);
#16484 = CARTESIAN_POINT('',(96.963435,-46.17,1.51));
#16485 = CIRCLE('',#16486,0.4);
#16486 = AXIS2_PLACEMENT_3D('',#16487,#16488,#16489);
#16487 = CARTESIAN_POINT('',(96.963435,-45.77,1.51));
#16488 = DIRECTION('',(-0.,0.,-1.));
#16489 = DIRECTION('',(-0.,-1.,0.));
#16490 = FACE_BOUND('',#16491,.T.);
#16491 = EDGE_LOOP('',(#16492));
#16492 = ORIENTED_EDGE('',*,*,#16493,.T.);
#16493 = EDGE_CURVE('',#16494,#16494,#16496,.T.);
#16494 = VERTEX_POINT('',#16495);
#16495 = CARTESIAN_POINT('',(96.963435,-43.63,1.51));
#16496 = CIRCLE('',#16497,0.4);
#16497 = AXIS2_PLACEMENT_3D('',#16498,#16499,#16500);
#16498 = CARTESIAN_POINT('',(96.963435,-43.23,1.51));
#16499 = DIRECTION('',(-0.,0.,-1.));
#16500 = DIRECTION('',(-0.,-1.,0.));
#16501 = FACE_BOUND('',#16502,.T.);
#16502 = EDGE_LOOP('',(#16503));
#16503 = ORIENTED_EDGE('',*,*,#16504,.T.);
#16504 = EDGE_CURVE('',#16505,#16505,#16507,.T.);
#16505 = VERTEX_POINT('',#16506);
#16506 = CARTESIAN_POINT('',(112.203435,-48.71,1.51));
#16507 = CIRCLE('',#16508,0.4);
#16508 = AXIS2_PLACEMENT_3D('',#16509,#16510,#16511);
#16509 = CARTESIAN_POINT('',(112.203435,-48.31,1.51));
#16510 = DIRECTION('',(-0.,0.,-1.));
#16511 = DIRECTION('',(-0.,-1.,0.));
#16512 = FACE_BOUND('',#16513,.T.);
#16513 = EDGE_LOOP('',(#16514));
#16514 = ORIENTED_EDGE('',*,*,#16515,.T.);
#16515 = EDGE_CURVE('',#16516,#16516,#16518,.T.);
#16516 = VERTEX_POINT('',#16517);
#16517 = CARTESIAN_POINT('',(112.203435,-46.17,1.51));
#16518 = CIRCLE('',#16519,0.4);
#16519 = AXIS2_PLACEMENT_3D('',#16520,#16521,#16522);
#16520 = CARTESIAN_POINT('',(112.203435,-45.77,1.51));
#16521 = DIRECTION('',(-0.,0.,-1.));
#16522 = DIRECTION('',(-0.,-1.,0.));
#16523 = FACE_BOUND('',#16524,.T.);
#16524 = EDGE_LOOP('',(#16525));
#16525 = ORIENTED_EDGE('',*,*,#16526,.T.);
#16526 = EDGE_CURVE('',#16527,#16527,#16529,.T.);
#16527 = VERTEX_POINT('',#16528);
#16528 = CARTESIAN_POINT('',(112.203435,-43.63,1.51));
#16529 = CIRCLE('',#16530,0.4);
#16530 = AXIS2_PLACEMENT_3D('',#16531,#16532,#16533);
#16531 = CARTESIAN_POINT('',(112.203435,-43.23,1.51));
#16532 = DIRECTION('',(-0.,0.,-1.));
#16533 = DIRECTION('',(-0.,-1.,0.));
#16534 = FACE_BOUND('',#16535,.T.);
#16535 = EDGE_LOOP('',(#16536));
#16536 = ORIENTED_EDGE('',*,*,#16537,.T.);
#16537 = EDGE_CURVE('',#16538,#16538,#16540,.T.);
#16538 = VERTEX_POINT('',#16539);
#16539 = CARTESIAN_POINT('',(117.84,-44.92,1.51));
#16540 = CIRCLE('',#16541,0.55);
#16541 = AXIS2_PLACEMENT_3D('',#16542,#16543,#16544);
#16542 = CARTESIAN_POINT('',(117.84,-44.37,1.51));
#16543 = DIRECTION('',(-0.,0.,-1.));
#16544 = DIRECTION('',(-0.,-1.,0.));
#16545 = FACE_BOUND('',#16546,.T.);
#16546 = EDGE_LOOP('',(#16547));
#16547 = ORIENTED_EDGE('',*,*,#16548,.T.);
#16548 = EDGE_CURVE('',#16549,#16549,#16551,.T.);
#16549 = VERTEX_POINT('',#16550);
#16550 = CARTESIAN_POINT('',(120.38,-44.92,1.51));
#16551 = CIRCLE('',#16552,0.55);
#16552 = AXIS2_PLACEMENT_3D('',#16553,#16554,#16555);
#16553 = CARTESIAN_POINT('',(120.38,-44.37,1.51));
#16554 = DIRECTION('',(-0.,0.,-1.));
#16555 = DIRECTION('',(-0.,-1.,0.));
#16556 = FACE_BOUND('',#16557,.T.);
#16557 = EDGE_LOOP('',(#16558));
#16558 = ORIENTED_EDGE('',*,*,#16559,.T.);
#16559 = EDGE_CURVE('',#16560,#16560,#16562,.T.);
#16560 = VERTEX_POINT('',#16561);
#16561 = CARTESIAN_POINT('',(122.92,-44.92,1.51));
#16562 = CIRCLE('',#16563,0.55);
#16563 = AXIS2_PLACEMENT_3D('',#16564,#16565,#16566);
#16564 = CARTESIAN_POINT('',(122.92,-44.37,1.51));
#16565 = DIRECTION('',(-0.,0.,-1.));
#16566 = DIRECTION('',(-0.,-1.,0.));
#16567 = FACE_BOUND('',#16568,.T.);
#16568 = EDGE_LOOP('',(#16569));
#16569 = ORIENTED_EDGE('',*,*,#16570,.T.);
#16570 = EDGE_CURVE('',#16571,#16571,#16573,.T.);
#16571 = VERTEX_POINT('',#16572);
#16572 = CARTESIAN_POINT('',(125.46,-52.575,1.51));
#16573 = CIRCLE('',#16574,0.55);
#16574 = AXIS2_PLACEMENT_3D('',#16575,#16576,#16577);
#16575 = CARTESIAN_POINT('',(125.46,-52.025,1.51));
#16576 = DIRECTION('',(-0.,0.,-1.));
#16577 = DIRECTION('',(-2.5837917664E-14,-1.,0.));
#16578 = FACE_BOUND('',#16579,.T.);
#16579 = EDGE_LOOP('',(#16580));
#16580 = ORIENTED_EDGE('',*,*,#16581,.T.);
#16581 = EDGE_CURVE('',#16582,#16582,#16584,.T.);
#16582 = VERTEX_POINT('',#16583);
#16583 = CARTESIAN_POINT('',(129.6,-52.575,1.51));
#16584 = CIRCLE('',#16585,0.55);
#16585 = AXIS2_PLACEMENT_3D('',#16586,#16587,#16588);
#16586 = CARTESIAN_POINT('',(129.6,-52.025,1.51));
#16587 = DIRECTION('',(-0.,0.,-1.));
#16588 = DIRECTION('',(-5.167583532801E-14,-1.,0.));
#16589 = FACE_BOUND('',#16590,.T.);
#16590 = EDGE_LOOP('',(#16591));
#16591 = ORIENTED_EDGE('',*,*,#16592,.T.);
#16592 = EDGE_CURVE('',#16593,#16593,#16595,.T.);
#16593 = VERTEX_POINT('',#16594);
#16594 = CARTESIAN_POINT('',(132.14,-52.575,1.51));
#16595 = CIRCLE('',#16596,0.55);
#16596 = AXIS2_PLACEMENT_3D('',#16597,#16598,#16599);
#16597 = CARTESIAN_POINT('',(132.14,-52.025,1.51));
#16598 = DIRECTION('',(-0.,0.,-1.));
#16599 = DIRECTION('',(-0.,-1.,0.));
#16600 = FACE_BOUND('',#16601,.T.);
#16601 = EDGE_LOOP('',(#16602));
#16602 = ORIENTED_EDGE('',*,*,#16603,.T.);
#16603 = EDGE_CURVE('',#16604,#16604,#16606,.T.);
#16604 = VERTEX_POINT('',#16605);
#16605 = CARTESIAN_POINT('',(134.68,-52.575,1.51));
#16606 = CIRCLE('',#16607,0.55);
#16607 = AXIS2_PLACEMENT_3D('',#16608,#16609,#16610);
#16608 = CARTESIAN_POINT('',(134.68,-52.025,1.51));
#16609 = DIRECTION('',(-0.,0.,-1.));
#16610 = DIRECTION('',(-0.,-1.,0.));
#16611 = FACE_BOUND('',#16612,.T.);
#16612 = EDGE_LOOP('',(#16613));
#16613 = ORIENTED_EDGE('',*,*,#16614,.T.);
#16614 = EDGE_CURVE('',#16615,#16615,#16617,.T.);
#16615 = VERTEX_POINT('',#16616);
#16616 = CARTESIAN_POINT('',(137.22,-52.575,1.51));
#16617 = CIRCLE('',#16618,0.55);
#16618 = AXIS2_PLACEMENT_3D('',#16619,#16620,#16621);
#16619 = CARTESIAN_POINT('',(137.22,-52.025,1.51));
#16620 = DIRECTION('',(-0.,0.,-1.));
#16621 = DIRECTION('',(-0.,-1.,0.));
#16622 = FACE_BOUND('',#16623,.T.);
#16623 = EDGE_LOOP('',(#16624));
#16624 = ORIENTED_EDGE('',*,*,#16625,.T.);
#16625 = EDGE_CURVE('',#16626,#16626,#16628,.T.);
#16626 = VERTEX_POINT('',#16627);
#16627 = CARTESIAN_POINT('',(150.93,-58.455,1.51));
#16628 = CIRCLE('',#16629,1.625);
#16629 = AXIS2_PLACEMENT_3D('',#16630,#16631,#16632);
#16630 = CARTESIAN_POINT('',(150.93,-56.83,1.51));
#16631 = DIRECTION('',(-0.,0.,-1.));
#16632 = DIRECTION('',(-0.,-1.,0.));
#16633 = FACE_BOUND('',#16634,.T.);
#16634 = EDGE_LOOP('',(#16635));
#16635 = ORIENTED_EDGE('',*,*,#16636,.T.);
#16636 = EDGE_CURVE('',#16637,#16637,#16639,.T.);
#16637 = VERTEX_POINT('',#16638);
#16638 = CARTESIAN_POINT('',(147.5,-55.835,1.51));
#16639 = CIRCLE('',#16640,0.785);
#16640 = AXIS2_PLACEMENT_3D('',#16641,#16642,#16643);
#16641 = CARTESIAN_POINT('',(147.5,-55.05,1.51));
#16642 = DIRECTION('',(-0.,0.,-1.));
#16643 = DIRECTION('',(-0.,-1.,0.));
#16644 = FACE_BOUND('',#16645,.T.);
#16645 = EDGE_LOOP('',(#16646));
#16646 = ORIENTED_EDGE('',*,*,#16647,.T.);
#16647 = EDGE_CURVE('',#16648,#16648,#16650,.T.);
#16648 = VERTEX_POINT('',#16649);
#16649 = CARTESIAN_POINT('',(152.39,-51.37,1.51));
#16650 = CIRCLE('',#16651,0.55);
#16651 = AXIS2_PLACEMENT_3D('',#16652,#16653,#16654);
#16652 = CARTESIAN_POINT('',(152.39,-50.82,1.51));
#16653 = DIRECTION('',(-0.,0.,-1.));
#16654 = DIRECTION('',(-0.,-1.,0.));
#16655 = FACE_BOUND('',#16656,.T.);
#16656 = EDGE_LOOP('',(#16657));
#16657 = ORIENTED_EDGE('',*,*,#16658,.T.);
#16658 = EDGE_CURVE('',#16659,#16659,#16661,.T.);
#16659 = VERTEX_POINT('',#16660);
#16660 = CARTESIAN_POINT('',(125.46,-44.92,1.51));
#16661 = CIRCLE('',#16662,0.55);
#16662 = AXIS2_PLACEMENT_3D('',#16663,#16664,#16665);
#16663 = CARTESIAN_POINT('',(125.46,-44.37,1.51));
#16664 = DIRECTION('',(-0.,0.,-1.));
#16665 = DIRECTION('',(-2.5837917664E-14,-1.,0.));
#16666 = FACE_BOUND('',#16667,.T.);
#16667 = EDGE_LOOP('',(#16668));
#16668 = ORIENTED_EDGE('',*,*,#16669,.T.);
#16669 = EDGE_CURVE('',#16670,#16670,#16672,.T.);
#16670 = VERTEX_POINT('',#16671);
#16671 = CARTESIAN_POINT('',(129.6,-44.92,1.51));
#16672 = CIRCLE('',#16673,0.55);
#16673 = AXIS2_PLACEMENT_3D('',#16674,#16675,#16676);
#16674 = CARTESIAN_POINT('',(129.6,-44.37,1.51));
#16675 = DIRECTION('',(-0.,0.,-1.));
#16676 = DIRECTION('',(-5.167583532801E-14,-1.,0.));
#16677 = FACE_BOUND('',#16678,.T.);
#16678 = EDGE_LOOP('',(#16679));
#16679 = ORIENTED_EDGE('',*,*,#16680,.T.);
#16680 = EDGE_CURVE('',#16681,#16681,#16683,.T.);
#16681 = VERTEX_POINT('',#16682);
#16682 = CARTESIAN_POINT('',(132.14,-44.92,1.51));
#16683 = CIRCLE('',#16684,0.55);
#16684 = AXIS2_PLACEMENT_3D('',#16685,#16686,#16687);
#16685 = CARTESIAN_POINT('',(132.14,-44.37,1.51));
#16686 = DIRECTION('',(-0.,0.,-1.));
#16687 = DIRECTION('',(-0.,-1.,0.));
#16688 = FACE_BOUND('',#16689,.T.);
#16689 = EDGE_LOOP('',(#16690));
#16690 = ORIENTED_EDGE('',*,*,#16691,.T.);
#16691 = EDGE_CURVE('',#16692,#16692,#16694,.T.);
#16692 = VERTEX_POINT('',#16693);
#16693 = CARTESIAN_POINT('',(134.68,-44.92,1.51));
#16694 = CIRCLE('',#16695,0.55);
#16695 = AXIS2_PLACEMENT_3D('',#16696,#16697,#16698);
#16696 = CARTESIAN_POINT('',(134.68,-44.37,1.51));
#16697 = DIRECTION('',(-0.,0.,-1.));
#16698 = DIRECTION('',(-0.,-1.,0.));
#16699 = FACE_BOUND('',#16700,.T.);
#16700 = EDGE_LOOP('',(#16701));
#16701 = ORIENTED_EDGE('',*,*,#16702,.T.);
#16702 = EDGE_CURVE('',#16703,#16703,#16705,.T.);
#16703 = VERTEX_POINT('',#16704);
#16704 = CARTESIAN_POINT('',(137.22,-44.92,1.51));
#16705 = CIRCLE('',#16706,0.55);
#16706 = AXIS2_PLACEMENT_3D('',#16707,#16708,#16709);
#16707 = CARTESIAN_POINT('',(137.22,-44.37,1.51));
#16708 = DIRECTION('',(-0.,0.,-1.));
#16709 = DIRECTION('',(-0.,-1.,0.));
#16710 = FACE_BOUND('',#16711,.T.);
#16711 = EDGE_LOOP('',(#16712));
#16712 = ORIENTED_EDGE('',*,*,#16713,.T.);
#16713 = EDGE_CURVE('',#16714,#16714,#16716,.T.);
#16714 = VERTEX_POINT('',#16715);
#16715 = CARTESIAN_POINT('',(152.39,-48.83,1.51));
#16716 = CIRCLE('',#16717,0.55);
#16717 = AXIS2_PLACEMENT_3D('',#16718,#16719,#16720);
#16718 = CARTESIAN_POINT('',(152.39,-48.28,1.51));
#16719 = DIRECTION('',(-0.,0.,-1.));
#16720 = DIRECTION('',(-0.,-1.,0.));
#16721 = FACE_BOUND('',#16722,.T.);
#16722 = EDGE_LOOP('',(#16723));
#16723 = ORIENTED_EDGE('',*,*,#16724,.T.);
#16724 = EDGE_CURVE('',#16725,#16725,#16727,.T.);
#16725 = VERTEX_POINT('',#16726);
#16726 = CARTESIAN_POINT('',(143.21,-44.185,1.51));
#16727 = CIRCLE('',#16728,0.595);
#16728 = AXIS2_PLACEMENT_3D('',#16729,#16730,#16731);
#16729 = CARTESIAN_POINT('',(143.21,-43.59,1.51));
#16730 = DIRECTION('',(-0.,0.,-1.));
#16731 = DIRECTION('',(-0.,-1.,0.));
#16732 = FACE_BOUND('',#16733,.T.);
#16733 = EDGE_LOOP('',(#16734));
#16734 = ORIENTED_EDGE('',*,*,#16735,.T.);
#16735 = EDGE_CURVE('',#16736,#16736,#16738,.T.);
#16736 = VERTEX_POINT('',#16737);
#16737 = CARTESIAN_POINT('',(145.75,-44.185,1.51));
#16738 = CIRCLE('',#16739,0.595);
#16739 = AXIS2_PLACEMENT_3D('',#16740,#16741,#16742);
#16740 = CARTESIAN_POINT('',(145.75,-43.59,1.51));
#16741 = DIRECTION('',(-0.,0.,-1.));
#16742 = DIRECTION('',(-0.,-1.,0.));
#16743 = FACE_BOUND('',#16744,.T.);
#16744 = EDGE_LOOP('',(#16745));
#16745 = ORIENTED_EDGE('',*,*,#16746,.T.);
#16746 = EDGE_CURVE('',#16747,#16747,#16749,.T.);
#16747 = VERTEX_POINT('',#16748);
#16748 = CARTESIAN_POINT('',(152.39,-46.29,1.51));
#16749 = CIRCLE('',#16750,0.55);
#16750 = AXIS2_PLACEMENT_3D('',#16751,#16752,#16753);
#16751 = CARTESIAN_POINT('',(152.39,-45.74,1.51));
#16752 = DIRECTION('',(-0.,0.,-1.));
#16753 = DIRECTION('',(-0.,-1.,0.));
#16754 = FACE_BOUND('',#16755,.T.);
#16755 = EDGE_LOOP('',(#16756));
#16756 = ORIENTED_EDGE('',*,*,#16757,.T.);
#16757 = EDGE_CURVE('',#16758,#16758,#16760,.T.);
#16758 = VERTEX_POINT('',#16759);
#16759 = CARTESIAN_POINT('',(152.39,-43.75,1.51));
#16760 = CIRCLE('',#16761,0.55);
#16761 = AXIS2_PLACEMENT_3D('',#16762,#16763,#16764);
#16762 = CARTESIAN_POINT('',(152.39,-43.2,1.51));
#16763 = DIRECTION('',(-0.,0.,-1.));
#16764 = DIRECTION('',(-0.,-1.,0.));
#16765 = PLANE('',#16766);
#16766 = AXIS2_PLACEMENT_3D('',#16767,#16768,#16769);
#16767 = CARTESIAN_POINT('',(0.,0.,1.51));
#16768 = DIRECTION('',(0.,0.,1.));
#16769 = DIRECTION('',(1.,0.,-0.));
#16770 = ADVANCED_FACE('',(#16771),#16777,.T.);
#16771 = FACE_BOUND('',#16772,.T.);
#16772 = EDGE_LOOP('',(#16773,#16774,#16775,#16776));
#16773 = ORIENTED_EDGE('',*,*,#15508,.T.);
#16774 = ORIENTED_EDGE('',*,*,#16154,.T.);
#16775 = ORIENTED_EDGE('',*,*,#15468,.F.);
#16776 = ORIENTED_EDGE('',*,*,#15532,.F.);
#16777 = PLANE('',#16778);
#16778 = AXIS2_PLACEMENT_3D('',#16779,#16780,#16781);
#16779 = CARTESIAN_POINT('',(92.68,-39.35,0.));
#16780 = DIRECTION('',(0.,1.,0.));
#16781 = DIRECTION('',(1.,0.,0.));
#16782 = ADVANCED_FACE('',(#16783),#16794,.F.);
#16783 = FACE_BOUND('',#16784,.T.);
#16784 = EDGE_LOOP('',(#16785,#16786,#16792,#16793));
#16785 = ORIENTED_EDGE('',*,*,#15541,.T.);
#16786 = ORIENTED_EDGE('',*,*,#16787,.T.);
#16787 = EDGE_CURVE('',#15542,#16164,#16788,.T.);
#16788 = LINE('',#16789,#16790);
#16789 = CARTESIAN_POINT('',(96.963435,-71.31,-4.6E-02));
#16790 = VECTOR('',#16791,1.);
#16791 = DIRECTION('',(0.,0.,1.));
#16792 = ORIENTED_EDGE('',*,*,#16163,.F.);
#16793 = ORIENTED_EDGE('',*,*,#16787,.F.);
#16794 = CYLINDRICAL_SURFACE('',#16795,0.4);
#16795 = AXIS2_PLACEMENT_3D('',#16796,#16797,#16798);
#16796 = CARTESIAN_POINT('',(96.963435,-70.91,-4.6E-02));
#16797 = DIRECTION('',(-0.,-0.,-1.));
#16798 = DIRECTION('',(-0.,-1.,0.));
#16799 = ADVANCED_FACE('',(#16800),#16811,.F.);
#16800 = FACE_BOUND('',#16801,.T.);
#16801 = EDGE_LOOP('',(#16802,#16803,#16809,#16810));
#16802 = ORIENTED_EDGE('',*,*,#15552,.T.);
#16803 = ORIENTED_EDGE('',*,*,#16804,.T.);
#16804 = EDGE_CURVE('',#15553,#16175,#16805,.T.);
#16805 = LINE('',#16806,#16807);
#16806 = CARTESIAN_POINT('',(96.963435,-68.77,-4.6E-02));
#16807 = VECTOR('',#16808,1.);
#16808 = DIRECTION('',(0.,0.,1.));
#16809 = ORIENTED_EDGE('',*,*,#16174,.F.);
#16810 = ORIENTED_EDGE('',*,*,#16804,.F.);
#16811 = CYLINDRICAL_SURFACE('',#16812,0.4);
#16812 = AXIS2_PLACEMENT_3D('',#16813,#16814,#16815);
#16813 = CARTESIAN_POINT('',(96.963435,-68.37,-4.6E-02));
#16814 = DIRECTION('',(-0.,-0.,-1.));
#16815 = DIRECTION('',(-0.,-1.,0.));
#16816 = ADVANCED_FACE('',(#16817),#16828,.F.);
#16817 = FACE_BOUND('',#16818,.T.);
#16818 = EDGE_LOOP('',(#16819,#16820,#16826,#16827));
#16819 = ORIENTED_EDGE('',*,*,#15563,.T.);
#16820 = ORIENTED_EDGE('',*,*,#16821,.T.);
#16821 = EDGE_CURVE('',#15564,#16186,#16822,.T.);
#16822 = LINE('',#16823,#16824);
#16823 = CARTESIAN_POINT('',(112.203435,-71.31,-4.6E-02));
#16824 = VECTOR('',#16825,1.);
#16825 = DIRECTION('',(0.,0.,1.));
#16826 = ORIENTED_EDGE('',*,*,#16185,.F.);
#16827 = ORIENTED_EDGE('',*,*,#16821,.F.);
#16828 = CYLINDRICAL_SURFACE('',#16829,0.4);
#16829 = AXIS2_PLACEMENT_3D('',#16830,#16831,#16832);
#16830 = CARTESIAN_POINT('',(112.203435,-70.91,-4.6E-02));
#16831 = DIRECTION('',(-0.,-0.,-1.));
#16832 = DIRECTION('',(-0.,-1.,0.));
#16833 = ADVANCED_FACE('',(#16834),#16845,.F.);
#16834 = FACE_BOUND('',#16835,.T.);
#16835 = EDGE_LOOP('',(#16836,#16837,#16843,#16844));
#16836 = ORIENTED_EDGE('',*,*,#15574,.T.);
#16837 = ORIENTED_EDGE('',*,*,#16838,.T.);
#16838 = EDGE_CURVE('',#15575,#16197,#16839,.T.);
#16839 = LINE('',#16840,#16841);
#16840 = CARTESIAN_POINT('',(112.203435,-68.77,-4.6E-02));
#16841 = VECTOR('',#16842,1.);
#16842 = DIRECTION('',(0.,0.,1.));
#16843 = ORIENTED_EDGE('',*,*,#16196,.F.);
#16844 = ORIENTED_EDGE('',*,*,#16838,.F.);
#16845 = CYLINDRICAL_SURFACE('',#16846,0.4);
#16846 = AXIS2_PLACEMENT_3D('',#16847,#16848,#16849);
#16847 = CARTESIAN_POINT('',(112.203435,-68.37,-4.6E-02));
#16848 = DIRECTION('',(-0.,-0.,-1.));
#16849 = DIRECTION('',(-0.,-1.,0.));
#16850 = ADVANCED_FACE('',(#16851),#16862,.F.);
#16851 = FACE_BOUND('',#16852,.T.);
#16852 = EDGE_LOOP('',(#16853,#16854,#16860,#16861));
#16853 = ORIENTED_EDGE('',*,*,#15585,.T.);
#16854 = ORIENTED_EDGE('',*,*,#16855,.T.);
#16855 = EDGE_CURVE('',#15586,#16208,#16856,.T.);
#16856 = LINE('',#16857,#16858);
#16857 = CARTESIAN_POINT('',(117.84,-60.23,-4.6E-02));
#16858 = VECTOR('',#16859,1.);
#16859 = DIRECTION('',(0.,0.,1.));
#16860 = ORIENTED_EDGE('',*,*,#16207,.F.);
#16861 = ORIENTED_EDGE('',*,*,#16855,.F.);
#16862 = CYLINDRICAL_SURFACE('',#16863,0.55);
#16863 = AXIS2_PLACEMENT_3D('',#16864,#16865,#16866);
#16864 = CARTESIAN_POINT('',(117.84,-59.68,-4.6E-02));
#16865 = DIRECTION('',(-0.,-0.,-1.));
#16866 = DIRECTION('',(-0.,-1.,0.));
#16867 = ADVANCED_FACE('',(#16868),#16879,.F.);
#16868 = FACE_BOUND('',#16869,.T.);
#16869 = EDGE_LOOP('',(#16870,#16871,#16877,#16878));
#16870 = ORIENTED_EDGE('',*,*,#15596,.T.);
#16871 = ORIENTED_EDGE('',*,*,#16872,.T.);
#16872 = EDGE_CURVE('',#15597,#16219,#16873,.T.);
#16873 = LINE('',#16874,#16875);
#16874 = CARTESIAN_POINT('',(120.38,-60.23,-4.6E-02));
#16875 = VECTOR('',#16876,1.);
#16876 = DIRECTION('',(0.,0.,1.));
#16877 = ORIENTED_EDGE('',*,*,#16218,.F.);
#16878 = ORIENTED_EDGE('',*,*,#16872,.F.);
#16879 = CYLINDRICAL_SURFACE('',#16880,0.55);
#16880 = AXIS2_PLACEMENT_3D('',#16881,#16882,#16883);
#16881 = CARTESIAN_POINT('',(120.38,-59.68,-4.6E-02));
#16882 = DIRECTION('',(-0.,-0.,-1.));
#16883 = DIRECTION('',(-0.,-1.,0.));
#16884 = ADVANCED_FACE('',(#16885),#16896,.F.);
#16885 = FACE_BOUND('',#16886,.T.);
#16886 = EDGE_LOOP('',(#16887,#16888,#16894,#16895));
#16887 = ORIENTED_EDGE('',*,*,#15607,.T.);
#16888 = ORIENTED_EDGE('',*,*,#16889,.T.);
#16889 = EDGE_CURVE('',#15608,#16230,#16890,.T.);
#16890 = LINE('',#16891,#16892);
#16891 = CARTESIAN_POINT('',(122.92,-60.23,-4.6E-02));
#16892 = VECTOR('',#16893,1.);
#16893 = DIRECTION('',(0.,0.,1.));
#16894 = ORIENTED_EDGE('',*,*,#16229,.F.);
#16895 = ORIENTED_EDGE('',*,*,#16889,.F.);
#16896 = CYLINDRICAL_SURFACE('',#16897,0.55);
#16897 = AXIS2_PLACEMENT_3D('',#16898,#16899,#16900);
#16898 = CARTESIAN_POINT('',(122.92,-59.68,-4.6E-02));
#16899 = DIRECTION('',(-0.,-0.,-1.));
#16900 = DIRECTION('',(-0.,-1.,0.));
#16901 = ADVANCED_FACE('',(#16902),#16913,.F.);
#16902 = FACE_BOUND('',#16903,.T.);
#16903 = EDGE_LOOP('',(#16904,#16905,#16911,#16912));
#16904 = ORIENTED_EDGE('',*,*,#15618,.T.);
#16905 = ORIENTED_EDGE('',*,*,#16906,.T.);
#16906 = EDGE_CURVE('',#15619,#16241,#16907,.T.);
#16907 = LINE('',#16908,#16909);
#16908 = CARTESIAN_POINT('',(127.01,-70.735,-4.6E-02));
#16909 = VECTOR('',#16910,1.);
#16910 = DIRECTION('',(0.,0.,1.));
#16911 = ORIENTED_EDGE('',*,*,#16240,.F.);
#16912 = ORIENTED_EDGE('',*,*,#16906,.F.);
#16913 = CYLINDRICAL_SURFACE('',#16914,0.595);
#16914 = AXIS2_PLACEMENT_3D('',#16915,#16916,#16917);
#16915 = CARTESIAN_POINT('',(127.01,-70.14,-4.6E-02));
#16916 = DIRECTION('',(-0.,-0.,-1.));
#16917 = DIRECTION('',(-0.,-1.,0.));
#16918 = ADVANCED_FACE('',(#16919),#16930,.F.);
#16919 = FACE_BOUND('',#16920,.T.);
#16920 = EDGE_LOOP('',(#16921,#16922,#16928,#16929));
#16921 = ORIENTED_EDGE('',*,*,#15629,.T.);
#16922 = ORIENTED_EDGE('',*,*,#16923,.T.);
#16923 = EDGE_CURVE('',#15630,#16252,#16924,.T.);
#16924 = LINE('',#16925,#16926);
#16925 = CARTESIAN_POINT('',(129.55,-70.735,-4.6E-02));
#16926 = VECTOR('',#16927,1.);
#16927 = DIRECTION('',(0.,0.,1.));
#16928 = ORIENTED_EDGE('',*,*,#16251,.F.);
#16929 = ORIENTED_EDGE('',*,*,#16923,.F.);
#16930 = CYLINDRICAL_SURFACE('',#16931,0.595);
#16931 = AXIS2_PLACEMENT_3D('',#16932,#16933,#16934);
#16932 = CARTESIAN_POINT('',(129.55,-70.14,-4.6E-02));
#16933 = DIRECTION('',(-0.,-0.,-1.));
#16934 = DIRECTION('',(-0.,-1.,0.));
#16935 = ADVANCED_FACE('',(#16936),#16947,.F.);
#16936 = FACE_BOUND('',#16937,.T.);
#16937 = EDGE_LOOP('',(#16938,#16939,#16945,#16946));
#16938 = ORIENTED_EDGE('',*,*,#15640,.T.);
#16939 = ORIENTED_EDGE('',*,*,#16940,.T.);
#16940 = EDGE_CURVE('',#15641,#16263,#16941,.T.);
#16941 = LINE('',#16942,#16943);
#16942 = CARTESIAN_POINT('',(134.43,-70.735,-4.6E-02));
#16943 = VECTOR('',#16944,1.);
#16944 = DIRECTION('',(0.,0.,1.));
#16945 = ORIENTED_EDGE('',*,*,#16262,.F.);
#16946 = ORIENTED_EDGE('',*,*,#16940,.F.);
#16947 = CYLINDRICAL_SURFACE('',#16948,0.595);
#16948 = AXIS2_PLACEMENT_3D('',#16949,#16950,#16951);
#16949 = CARTESIAN_POINT('',(134.43,-70.14,-4.6E-02));
#16950 = DIRECTION('',(-0.,-0.,-1.));
#16951 = DIRECTION('',(-0.,-1.,0.));
#16952 = ADVANCED_FACE('',(#16953),#16964,.F.);
#16953 = FACE_BOUND('',#16954,.T.);
#16954 = EDGE_LOOP('',(#16955,#16956,#16962,#16963));
#16955 = ORIENTED_EDGE('',*,*,#15651,.T.);
#16956 = ORIENTED_EDGE('',*,*,#16957,.T.);
#16957 = EDGE_CURVE('',#15652,#16274,#16958,.T.);
#16958 = LINE('',#16959,#16960);
#16959 = CARTESIAN_POINT('',(136.97,-70.735,-4.6E-02));
#16960 = VECTOR('',#16961,1.);
#16961 = DIRECTION('',(0.,0.,1.));
#16962 = ORIENTED_EDGE('',*,*,#16273,.F.);
#16963 = ORIENTED_EDGE('',*,*,#16957,.F.);
#16964 = CYLINDRICAL_SURFACE('',#16965,0.595);
#16965 = AXIS2_PLACEMENT_3D('',#16966,#16967,#16968);
#16966 = CARTESIAN_POINT('',(136.97,-70.14,-4.6E-02));
#16967 = DIRECTION('',(-0.,-0.,-1.));
#16968 = DIRECTION('',(-0.,-1.,0.));
#16969 = ADVANCED_FACE('',(#16970),#16981,.F.);
#16970 = FACE_BOUND('',#16971,.T.);
#16971 = EDGE_LOOP('',(#16972,#16973,#16979,#16980));
#16972 = ORIENTED_EDGE('',*,*,#15662,.T.);
#16973 = ORIENTED_EDGE('',*,*,#16974,.T.);
#16974 = EDGE_CURVE('',#15663,#16285,#16975,.T.);
#16975 = LINE('',#16976,#16977);
#16976 = CARTESIAN_POINT('',(147.5,-72.095,-4.6E-02));
#16977 = VECTOR('',#16978,1.);
#16978 = DIRECTION('',(0.,0.,1.));
#16979 = ORIENTED_EDGE('',*,*,#16284,.F.);
#16980 = ORIENTED_EDGE('',*,*,#16974,.F.);
#16981 = CYLINDRICAL_SURFACE('',#16982,0.785);
#16982 = AXIS2_PLACEMENT_3D('',#16983,#16984,#16985);
#16983 = CARTESIAN_POINT('',(147.5,-71.31,-4.6E-02));
#16984 = DIRECTION('',(-0.,-0.,-1.));
#16985 = DIRECTION('',(-0.,-1.,0.));
#16986 = ADVANCED_FACE('',(#16987),#16998,.F.);
#16987 = FACE_BOUND('',#16988,.T.);
#16988 = EDGE_LOOP('',(#16989,#16990,#16996,#16997));
#16989 = ORIENTED_EDGE('',*,*,#15673,.T.);
#16990 = ORIENTED_EDGE('',*,*,#16991,.T.);
#16991 = EDGE_CURVE('',#15674,#16296,#16992,.T.);
#16992 = LINE('',#16993,#16994);
#16993 = CARTESIAN_POINT('',(150.93,-71.155,-4.6E-02));
#16994 = VECTOR('',#16995,1.);
#16995 = DIRECTION('',(0.,0.,1.));
#16996 = ORIENTED_EDGE('',*,*,#16295,.F.);
#16997 = ORIENTED_EDGE('',*,*,#16991,.F.);
#16998 = CYLINDRICAL_SURFACE('',#16999,1.625);
#16999 = AXIS2_PLACEMENT_3D('',#17000,#17001,#17002);
#17000 = CARTESIAN_POINT('',(150.93,-69.53,-4.6E-02));
#17001 = DIRECTION('',(-0.,-0.,-1.));
#17002 = DIRECTION('',(-0.,-1.,0.));
#17003 = ADVANCED_FACE('',(#17004),#17015,.F.);
#17004 = FACE_BOUND('',#17005,.T.);
#17005 = EDGE_LOOP('',(#17006,#17007,#17013,#17014));
#17006 = ORIENTED_EDGE('',*,*,#15684,.T.);
#17007 = ORIENTED_EDGE('',*,*,#17008,.T.);
#17008 = EDGE_CURVE('',#15685,#16307,#17009,.T.);
#17009 = LINE('',#17010,#17011);
#17010 = CARTESIAN_POINT('',(146.61,-67.177,-4.6E-02));
#17011 = VECTOR('',#17012,1.);
#17012 = DIRECTION('',(0.,0.,1.));
#17013 = ORIENTED_EDGE('',*,*,#16306,.F.);
#17014 = ORIENTED_EDGE('',*,*,#17008,.F.);
#17015 = CYLINDRICAL_SURFACE('',#17016,0.445);
#17016 = AXIS2_PLACEMENT_3D('',#17017,#17018,#17019);
#17017 = CARTESIAN_POINT('',(146.61,-66.732,-4.6E-02));
#17018 = DIRECTION('',(-0.,-0.,-1.));
#17019 = DIRECTION('',(-0.,-1.,0.));
#17020 = ADVANCED_FACE('',(#17021),#17032,.F.);
#17021 = FACE_BOUND('',#17022,.T.);
#17022 = EDGE_LOOP('',(#17023,#17024,#17030,#17031));
#17023 = ORIENTED_EDGE('',*,*,#15695,.T.);
#17024 = ORIENTED_EDGE('',*,*,#17025,.T.);
#17025 = EDGE_CURVE('',#15696,#16318,#17026,.T.);
#17026 = LINE('',#17027,#17028);
#17027 = CARTESIAN_POINT('',(148.39,-66.161,-4.6E-02));
#17028 = VECTOR('',#17029,1.);
#17029 = DIRECTION('',(0.,0.,1.));
#17030 = ORIENTED_EDGE('',*,*,#16317,.F.);
#17031 = ORIENTED_EDGE('',*,*,#17025,.F.);
#17032 = CYLINDRICAL_SURFACE('',#17033,0.445);
#17033 = AXIS2_PLACEMENT_3D('',#17034,#17035,#17036);
#17034 = CARTESIAN_POINT('',(148.39,-65.716,-4.6E-02));
#17035 = DIRECTION('',(-0.,-0.,-1.));
#17036 = DIRECTION('',(-0.,-1.,0.));
#17037 = ADVANCED_FACE('',(#17038),#17049,.F.);
#17038 = FACE_BOUND('',#17039,.T.);
#17039 = EDGE_LOOP('',(#17040,#17041,#17047,#17048));
#17040 = ORIENTED_EDGE('',*,*,#15706,.T.);
#17041 = ORIENTED_EDGE('',*,*,#17042,.T.);
#17042 = EDGE_CURVE('',#15707,#16329,#17043,.T.);
#17043 = LINE('',#17044,#17045);
#17044 = CARTESIAN_POINT('',(125.46,-60.23,-4.6E-02));
#17045 = VECTOR('',#17046,1.);
#17046 = DIRECTION('',(0.,0.,1.));
#17047 = ORIENTED_EDGE('',*,*,#16328,.F.);
#17048 = ORIENTED_EDGE('',*,*,#17042,.F.);
#17049 = CYLINDRICAL_SURFACE('',#17050,0.55);
#17050 = AXIS2_PLACEMENT_3D('',#17051,#17052,#17053);
#17051 = CARTESIAN_POINT('',(125.46,-59.68,-4.6E-02));
#17052 = DIRECTION('',(-0.,-0.,-1.));
#17053 = DIRECTION('',(-2.5837917664E-14,-1.,0.));
#17054 = ADVANCED_FACE('',(#17055),#17066,.F.);
#17055 = FACE_BOUND('',#17056,.T.);
#17056 = EDGE_LOOP('',(#17057,#17058,#17064,#17065));
#17057 = ORIENTED_EDGE('',*,*,#15717,.T.);
#17058 = ORIENTED_EDGE('',*,*,#17059,.T.);
#17059 = EDGE_CURVE('',#15718,#16340,#17060,.T.);
#17060 = LINE('',#17061,#17062);
#17061 = CARTESIAN_POINT('',(129.6,-60.23,-4.6E-02));
#17062 = VECTOR('',#17063,1.);
#17063 = DIRECTION('',(0.,0.,1.));
#17064 = ORIENTED_EDGE('',*,*,#16339,.F.);
#17065 = ORIENTED_EDGE('',*,*,#17059,.F.);
#17066 = CYLINDRICAL_SURFACE('',#17067,0.55);
#17067 = AXIS2_PLACEMENT_3D('',#17068,#17069,#17070);
#17068 = CARTESIAN_POINT('',(129.6,-59.68,-4.6E-02));
#17069 = DIRECTION('',(-0.,-0.,-1.));
#17070 = DIRECTION('',(-5.167583532801E-14,-1.,0.));
#17071 = ADVANCED_FACE('',(#17072),#17083,.F.);
#17072 = FACE_BOUND('',#17073,.T.);
#17073 = EDGE_LOOP('',(#17074,#17075,#17081,#17082));
#17074 = ORIENTED_EDGE('',*,*,#15728,.T.);
#17075 = ORIENTED_EDGE('',*,*,#17076,.T.);
#17076 = EDGE_CURVE('',#15729,#16351,#17077,.T.);
#17077 = LINE('',#17078,#17079);
#17078 = CARTESIAN_POINT('',(132.14,-60.23,-4.6E-02));
#17079 = VECTOR('',#17080,1.);
#17080 = DIRECTION('',(0.,0.,1.));
#17081 = ORIENTED_EDGE('',*,*,#16350,.F.);
#17082 = ORIENTED_EDGE('',*,*,#17076,.F.);
#17083 = CYLINDRICAL_SURFACE('',#17084,0.55);
#17084 = AXIS2_PLACEMENT_3D('',#17085,#17086,#17087);
#17085 = CARTESIAN_POINT('',(132.14,-59.68,-4.6E-02));
#17086 = DIRECTION('',(-0.,-0.,-1.));
#17087 = DIRECTION('',(-0.,-1.,0.));
#17088 = ADVANCED_FACE('',(#17089),#17100,.F.);
#17089 = FACE_BOUND('',#17090,.T.);
#17090 = EDGE_LOOP('',(#17091,#17092,#17098,#17099));
#17091 = ORIENTED_EDGE('',*,*,#15739,.T.);
#17092 = ORIENTED_EDGE('',*,*,#17093,.T.);
#17093 = EDGE_CURVE('',#15740,#16362,#17094,.T.);
#17094 = LINE('',#17095,#17096);
#17095 = CARTESIAN_POINT('',(134.68,-60.23,-4.6E-02));
#17096 = VECTOR('',#17097,1.);
#17097 = DIRECTION('',(0.,0.,1.));
#17098 = ORIENTED_EDGE('',*,*,#16361,.F.);
#17099 = ORIENTED_EDGE('',*,*,#17093,.F.);
#17100 = CYLINDRICAL_SURFACE('',#17101,0.55);
#17101 = AXIS2_PLACEMENT_3D('',#17102,#17103,#17104);
#17102 = CARTESIAN_POINT('',(134.68,-59.68,-4.6E-02));
#17103 = DIRECTION('',(-0.,-0.,-1.));
#17104 = DIRECTION('',(-0.,-1.,0.));
#17105 = ADVANCED_FACE('',(#17106),#17117,.F.);
#17106 = FACE_BOUND('',#17107,.T.);
#17107 = EDGE_LOOP('',(#17108,#17109,#17115,#17116));
#17108 = ORIENTED_EDGE('',*,*,#15750,.T.);
#17109 = ORIENTED_EDGE('',*,*,#17110,.T.);
#17110 = EDGE_CURVE('',#15751,#16373,#17111,.T.);
#17111 = LINE('',#17112,#17113);
#17112 = CARTESIAN_POINT('',(137.22,-60.23,-4.6E-02));
#17113 = VECTOR('',#17114,1.);
#17114 = DIRECTION('',(0.,0.,1.));
#17115 = ORIENTED_EDGE('',*,*,#16372,.F.);
#17116 = ORIENTED_EDGE('',*,*,#17110,.F.);
#17117 = CYLINDRICAL_SURFACE('',#17118,0.55);
#17118 = AXIS2_PLACEMENT_3D('',#17119,#17120,#17121);
#17119 = CARTESIAN_POINT('',(137.22,-59.68,-4.6E-02));
#17120 = DIRECTION('',(-0.,-0.,-1.));
#17121 = DIRECTION('',(-0.,-1.,0.));
#17122 = ADVANCED_FACE('',(#17123),#17134,.F.);
#17123 = FACE_BOUND('',#17124,.T.);
#17124 = EDGE_LOOP('',(#17125,#17126,#17132,#17133));
#17125 = ORIENTED_EDGE('',*,*,#15761,.T.);
#17126 = ORIENTED_EDGE('',*,*,#17127,.T.);
#17127 = EDGE_CURVE('',#15762,#16384,#17128,.T.);
#17128 = LINE('',#17129,#17130);
#17129 = CARTESIAN_POINT('',(146.61,-65.145,-4.6E-02));
#17130 = VECTOR('',#17131,1.);
#17131 = DIRECTION('',(0.,0.,1.));
#17132 = ORIENTED_EDGE('',*,*,#16383,.F.);
#17133 = ORIENTED_EDGE('',*,*,#17127,.F.);
#17134 = CYLINDRICAL_SURFACE('',#17135,0.445);
#17135 = AXIS2_PLACEMENT_3D('',#17136,#17137,#17138);
#17136 = CARTESIAN_POINT('',(146.61,-64.7,-4.6E-02));
#17137 = DIRECTION('',(-0.,-0.,-1.));
#17138 = DIRECTION('',(-0.,-1.,0.));
#17139 = ADVANCED_FACE('',(#17140),#17151,.F.);
#17140 = FACE_BOUND('',#17141,.T.);
#17141 = EDGE_LOOP('',(#17142,#17143,#17149,#17150));
#17142 = ORIENTED_EDGE('',*,*,#15772,.T.);
#17143 = ORIENTED_EDGE('',*,*,#17144,.T.);
#17144 = EDGE_CURVE('',#15773,#16395,#17145,.T.);
#17145 = LINE('',#17146,#17147);
#17146 = CARTESIAN_POINT('',(148.39,-64.129,-4.6E-02));
#17147 = VECTOR('',#17148,1.);
#17148 = DIRECTION('',(0.,0.,1.));
#17149 = ORIENTED_EDGE('',*,*,#16394,.F.);
#17150 = ORIENTED_EDGE('',*,*,#17144,.F.);
#17151 = CYLINDRICAL_SURFACE('',#17152,0.445);
#17152 = AXIS2_PLACEMENT_3D('',#17153,#17154,#17155);
#17153 = CARTESIAN_POINT('',(148.39,-63.684,-4.6E-02));
#17154 = DIRECTION('',(-0.,-0.,-1.));
#17155 = DIRECTION('',(-0.,-1.,0.));
#17156 = ADVANCED_FACE('',(#17157),#17168,.F.);
#17157 = FACE_BOUND('',#17158,.T.);
#17158 = EDGE_LOOP('',(#17159,#17160,#17166,#17167));
#17159 = ORIENTED_EDGE('',*,*,#15783,.T.);
#17160 = ORIENTED_EDGE('',*,*,#17161,.T.);
#17161 = EDGE_CURVE('',#15784,#16406,#17162,.T.);
#17162 = LINE('',#17163,#17164);
#17163 = CARTESIAN_POINT('',(146.61,-63.113,-4.6E-02));
#17164 = VECTOR('',#17165,1.);
#17165 = DIRECTION('',(0.,0.,1.));
#17166 = ORIENTED_EDGE('',*,*,#16405,.F.);
#17167 = ORIENTED_EDGE('',*,*,#17161,.F.);
#17168 = CYLINDRICAL_SURFACE('',#17169,0.445);
#17169 = AXIS2_PLACEMENT_3D('',#17170,#17171,#17172);
#17170 = CARTESIAN_POINT('',(146.61,-62.668,-4.6E-02));
#17171 = DIRECTION('',(-0.,-0.,-1.));
#17172 = DIRECTION('',(-0.,-1.,0.));
#17173 = ADVANCED_FACE('',(#17174),#17185,.F.);
#17174 = FACE_BOUND('',#17175,.T.);
#17175 = EDGE_LOOP('',(#17176,#17177,#17183,#17184));
#17176 = ORIENTED_EDGE('',*,*,#15794,.T.);
#17177 = ORIENTED_EDGE('',*,*,#17178,.T.);
#17178 = EDGE_CURVE('',#15795,#16417,#17179,.T.);
#17179 = LINE('',#17180,#17181);
#17180 = CARTESIAN_POINT('',(148.39,-62.097,-4.6E-02));
#17181 = VECTOR('',#17182,1.);
#17182 = DIRECTION('',(0.,0.,1.));
#17183 = ORIENTED_EDGE('',*,*,#16416,.F.);
#17184 = ORIENTED_EDGE('',*,*,#17178,.F.);
#17185 = CYLINDRICAL_SURFACE('',#17186,0.445);
#17186 = AXIS2_PLACEMENT_3D('',#17187,#17188,#17189);
#17187 = CARTESIAN_POINT('',(148.39,-61.652,-4.6E-02));
#17188 = DIRECTION('',(-0.,-0.,-1.));
#17189 = DIRECTION('',(-0.,-1.,0.));
#17190 = ADVANCED_FACE('',(#17191),#17202,.F.);
#17191 = FACE_BOUND('',#17192,.T.);
#17192 = EDGE_LOOP('',(#17193,#17194,#17200,#17201));
#17193 = ORIENTED_EDGE('',*,*,#15805,.T.);
#17194 = ORIENTED_EDGE('',*,*,#17195,.T.);
#17195 = EDGE_CURVE('',#15806,#16428,#17196,.T.);
#17196 = LINE('',#17197,#17198);
#17197 = CARTESIAN_POINT('',(146.61,-61.081,-4.6E-02));
#17198 = VECTOR('',#17199,1.);
#17199 = DIRECTION('',(0.,0.,1.));
#17200 = ORIENTED_EDGE('',*,*,#16427,.F.);
#17201 = ORIENTED_EDGE('',*,*,#17195,.F.);
#17202 = CYLINDRICAL_SURFACE('',#17203,0.445);
#17203 = AXIS2_PLACEMENT_3D('',#17204,#17205,#17206);
#17204 = CARTESIAN_POINT('',(146.61,-60.636,-4.6E-02));
#17205 = DIRECTION('',(-0.,-0.,-1.));
#17206 = DIRECTION('',(-0.,-1.,0.));
#17207 = ADVANCED_FACE('',(#17208),#17219,.F.);
#17208 = FACE_BOUND('',#17209,.T.);
#17209 = EDGE_LOOP('',(#17210,#17211,#17217,#17218));
#17210 = ORIENTED_EDGE('',*,*,#15816,.T.);
#17211 = ORIENTED_EDGE('',*,*,#17212,.T.);
#17212 = EDGE_CURVE('',#15817,#16439,#17213,.T.);
#17213 = LINE('',#17214,#17215);
#17214 = CARTESIAN_POINT('',(148.39,-60.065,-4.6E-02));
#17215 = VECTOR('',#17216,1.);
#17216 = DIRECTION('',(0.,0.,1.));
#17217 = ORIENTED_EDGE('',*,*,#16438,.F.);
#17218 = ORIENTED_EDGE('',*,*,#17212,.F.);
#17219 = CYLINDRICAL_SURFACE('',#17220,0.445);
#17220 = AXIS2_PLACEMENT_3D('',#17221,#17222,#17223);
#17221 = CARTESIAN_POINT('',(148.39,-59.62,-4.6E-02));
#17222 = DIRECTION('',(-0.,-0.,-1.));
#17223 = DIRECTION('',(-0.,-1.,0.));
#17224 = ADVANCED_FACE('',(#17225),#17236,.F.);
#17225 = FACE_BOUND('',#17226,.T.);
#17226 = EDGE_LOOP('',(#17227,#17228,#17234,#17235));
#17227 = ORIENTED_EDGE('',*,*,#15827,.T.);
#17228 = ORIENTED_EDGE('',*,*,#17229,.T.);
#17229 = EDGE_CURVE('',#15828,#16450,#17230,.T.);
#17230 = LINE('',#17231,#17232);
#17231 = CARTESIAN_POINT('',(117.84,-52.575,-4.6E-02));
#17232 = VECTOR('',#17233,1.);
#17233 = DIRECTION('',(0.,0.,1.));
#17234 = ORIENTED_EDGE('',*,*,#16449,.F.);
#17235 = ORIENTED_EDGE('',*,*,#17229,.F.);
#17236 = CYLINDRICAL_SURFACE('',#17237,0.55);
#17237 = AXIS2_PLACEMENT_3D('',#17238,#17239,#17240);
#17238 = CARTESIAN_POINT('',(117.84,-52.025,-4.6E-02));
#17239 = DIRECTION('',(-0.,-0.,-1.));
#17240 = DIRECTION('',(-0.,-1.,0.));
#17241 = ADVANCED_FACE('',(#17242),#17253,.F.);
#17242 = FACE_BOUND('',#17243,.T.);
#17243 = EDGE_LOOP('',(#17244,#17245,#17251,#17252));
#17244 = ORIENTED_EDGE('',*,*,#15838,.T.);
#17245 = ORIENTED_EDGE('',*,*,#17246,.T.);
#17246 = EDGE_CURVE('',#15839,#16461,#17247,.T.);
#17247 = LINE('',#17248,#17249);
#17248 = CARTESIAN_POINT('',(120.38,-52.575,-4.6E-02));
#17249 = VECTOR('',#17250,1.);
#17250 = DIRECTION('',(0.,0.,1.));
#17251 = ORIENTED_EDGE('',*,*,#16460,.F.);
#17252 = ORIENTED_EDGE('',*,*,#17246,.F.);
#17253 = CYLINDRICAL_SURFACE('',#17254,0.55);
#17254 = AXIS2_PLACEMENT_3D('',#17255,#17256,#17257);
#17255 = CARTESIAN_POINT('',(120.38,-52.025,-4.6E-02));
#17256 = DIRECTION('',(-0.,-0.,-1.));
#17257 = DIRECTION('',(-0.,-1.,0.));
#17258 = ADVANCED_FACE('',(#17259),#17270,.F.);
#17259 = FACE_BOUND('',#17260,.T.);
#17260 = EDGE_LOOP('',(#17261,#17262,#17268,#17269));
#17261 = ORIENTED_EDGE('',*,*,#15849,.T.);
#17262 = ORIENTED_EDGE('',*,*,#17263,.T.);
#17263 = EDGE_CURVE('',#15850,#16472,#17264,.T.);
#17264 = LINE('',#17265,#17266);
#17265 = CARTESIAN_POINT('',(122.92,-52.575,-4.6E-02));
#17266 = VECTOR('',#17267,1.);
#17267 = DIRECTION('',(0.,0.,1.));
#17268 = ORIENTED_EDGE('',*,*,#16471,.F.);
#17269 = ORIENTED_EDGE('',*,*,#17263,.F.);
#17270 = CYLINDRICAL_SURFACE('',#17271,0.55);
#17271 = AXIS2_PLACEMENT_3D('',#17272,#17273,#17274);
#17272 = CARTESIAN_POINT('',(122.92,-52.025,-4.6E-02));
#17273 = DIRECTION('',(-0.,-0.,-1.));
#17274 = DIRECTION('',(-0.,-1.,0.));
#17275 = ADVANCED_FACE('',(#17276),#17287,.F.);
#17276 = FACE_BOUND('',#17277,.T.);
#17277 = EDGE_LOOP('',(#17278,#17279,#17285,#17286));
#17278 = ORIENTED_EDGE('',*,*,#15860,.T.);
#17279 = ORIENTED_EDGE('',*,*,#17280,.T.);
#17280 = EDGE_CURVE('',#15861,#16483,#17281,.T.);
#17281 = LINE('',#17282,#17283);
#17282 = CARTESIAN_POINT('',(96.963435,-46.17,-4.6E-02));
#17283 = VECTOR('',#17284,1.);
#17284 = DIRECTION('',(0.,0.,1.));
#17285 = ORIENTED_EDGE('',*,*,#16482,.F.);
#17286 = ORIENTED_EDGE('',*,*,#17280,.F.);
#17287 = CYLINDRICAL_SURFACE('',#17288,0.4);
#17288 = AXIS2_PLACEMENT_3D('',#17289,#17290,#17291);
#17289 = CARTESIAN_POINT('',(96.963435,-45.77,-4.6E-02));
#17290 = DIRECTION('',(-0.,-0.,-1.));
#17291 = DIRECTION('',(-0.,-1.,0.));
#17292 = ADVANCED_FACE('',(#17293),#17304,.F.);
#17293 = FACE_BOUND('',#17294,.T.);
#17294 = EDGE_LOOP('',(#17295,#17296,#17302,#17303));
#17295 = ORIENTED_EDGE('',*,*,#15871,.T.);
#17296 = ORIENTED_EDGE('',*,*,#17297,.T.);
#17297 = EDGE_CURVE('',#15872,#16494,#17298,.T.);
#17298 = LINE('',#17299,#17300);
#17299 = CARTESIAN_POINT('',(96.963435,-43.63,-4.6E-02));
#17300 = VECTOR('',#17301,1.);
#17301 = DIRECTION('',(0.,0.,1.));
#17302 = ORIENTED_EDGE('',*,*,#16493,.F.);
#17303 = ORIENTED_EDGE('',*,*,#17297,.F.);
#17304 = CYLINDRICAL_SURFACE('',#17305,0.4);
#17305 = AXIS2_PLACEMENT_3D('',#17306,#17307,#17308);
#17306 = CARTESIAN_POINT('',(96.963435,-43.23,-4.6E-02));
#17307 = DIRECTION('',(-0.,-0.,-1.));
#17308 = DIRECTION('',(-0.,-1.,0.));
#17309 = ADVANCED_FACE('',(#17310),#17321,.F.);
#17310 = FACE_BOUND('',#17311,.T.);
#17311 = EDGE_LOOP('',(#17312,#17313,#17319,#17320));
#17312 = ORIENTED_EDGE('',*,*,#15882,.T.);
#17313 = ORIENTED_EDGE('',*,*,#17314,.T.);
#17314 = EDGE_CURVE('',#15883,#16505,#17315,.T.);
#17315 = LINE('',#17316,#17317);
#17316 = CARTESIAN_POINT('',(112.203435,-48.71,-4.6E-02));
#17317 = VECTOR('',#17318,1.);
#17318 = DIRECTION('',(0.,0.,1.));
#17319 = ORIENTED_EDGE('',*,*,#16504,.F.);
#17320 = ORIENTED_EDGE('',*,*,#17314,.F.);
#17321 = CYLINDRICAL_SURFACE('',#17322,0.4);
#17322 = AXIS2_PLACEMENT_3D('',#17323,#17324,#17325);
#17323 = CARTESIAN_POINT('',(112.203435,-48.31,-4.6E-02));
#17324 = DIRECTION('',(-0.,-0.,-1.));
#17325 = DIRECTION('',(-0.,-1.,0.));
#17326 = ADVANCED_FACE('',(#17327),#17338,.F.);
#17327 = FACE_BOUND('',#17328,.T.);
#17328 = EDGE_LOOP('',(#17329,#17330,#17336,#17337));
#17329 = ORIENTED_EDGE('',*,*,#15893,.T.);
#17330 = ORIENTED_EDGE('',*,*,#17331,.T.);
#17331 = EDGE_CURVE('',#15894,#16516,#17332,.T.);
#17332 = LINE('',#17333,#17334);
#17333 = CARTESIAN_POINT('',(112.203435,-46.17,-4.6E-02));
#17334 = VECTOR('',#17335,1.);
#17335 = DIRECTION('',(0.,0.,1.));
#17336 = ORIENTED_EDGE('',*,*,#16515,.F.);
#17337 = ORIENTED_EDGE('',*,*,#17331,.F.);
#17338 = CYLINDRICAL_SURFACE('',#17339,0.4);
#17339 = AXIS2_PLACEMENT_3D('',#17340,#17341,#17342);
#17340 = CARTESIAN_POINT('',(112.203435,-45.77,-4.6E-02));
#17341 = DIRECTION('',(-0.,-0.,-1.));
#17342 = DIRECTION('',(-0.,-1.,0.));
#17343 = ADVANCED_FACE('',(#17344),#17355,.F.);
#17344 = FACE_BOUND('',#17345,.T.);
#17345 = EDGE_LOOP('',(#17346,#17347,#17353,#17354));
#17346 = ORIENTED_EDGE('',*,*,#15904,.T.);
#17347 = ORIENTED_EDGE('',*,*,#17348,.T.);
#17348 = EDGE_CURVE('',#15905,#16527,#17349,.T.);
#17349 = LINE('',#17350,#17351);
#17350 = CARTESIAN_POINT('',(112.203435,-43.63,-4.6E-02));
#17351 = VECTOR('',#17352,1.);
#17352 = DIRECTION('',(0.,0.,1.));
#17353 = ORIENTED_EDGE('',*,*,#16526,.F.);
#17354 = ORIENTED_EDGE('',*,*,#17348,.F.);
#17355 = CYLINDRICAL_SURFACE('',#17356,0.4);
#17356 = AXIS2_PLACEMENT_3D('',#17357,#17358,#17359);
#17357 = CARTESIAN_POINT('',(112.203435,-43.23,-4.6E-02));
#17358 = DIRECTION('',(-0.,-0.,-1.));
#17359 = DIRECTION('',(-0.,-1.,0.));
#17360 = ADVANCED_FACE('',(#17361),#17372,.F.);
#17361 = FACE_BOUND('',#17362,.T.);
#17362 = EDGE_LOOP('',(#17363,#17364,#17370,#17371));
#17363 = ORIENTED_EDGE('',*,*,#15915,.T.);
#17364 = ORIENTED_EDGE('',*,*,#17365,.T.);
#17365 = EDGE_CURVE('',#15916,#16538,#17366,.T.);
#17366 = LINE('',#17367,#17368);
#17367 = CARTESIAN_POINT('',(117.84,-44.92,-4.6E-02));
#17368 = VECTOR('',#17369,1.);
#17369 = DIRECTION('',(0.,0.,1.));
#17370 = ORIENTED_EDGE('',*,*,#16537,.F.);
#17371 = ORIENTED_EDGE('',*,*,#17365,.F.);
#17372 = CYLINDRICAL_SURFACE('',#17373,0.55);
#17373 = AXIS2_PLACEMENT_3D('',#17374,#17375,#17376);
#17374 = CARTESIAN_POINT('',(117.84,-44.37,-4.6E-02));
#17375 = DIRECTION('',(-0.,-0.,-1.));
#17376 = DIRECTION('',(-0.,-1.,0.));
#17377 = ADVANCED_FACE('',(#17378),#17389,.F.);
#17378 = FACE_BOUND('',#17379,.T.);
#17379 = EDGE_LOOP('',(#17380,#17381,#17387,#17388));
#17380 = ORIENTED_EDGE('',*,*,#15926,.T.);
#17381 = ORIENTED_EDGE('',*,*,#17382,.T.);
#17382 = EDGE_CURVE('',#15927,#16549,#17383,.T.);
#17383 = LINE('',#17384,#17385);
#17384 = CARTESIAN_POINT('',(120.38,-44.92,-4.6E-02));
#17385 = VECTOR('',#17386,1.);
#17386 = DIRECTION('',(0.,0.,1.));
#17387 = ORIENTED_EDGE('',*,*,#16548,.F.);
#17388 = ORIENTED_EDGE('',*,*,#17382,.F.);
#17389 = CYLINDRICAL_SURFACE('',#17390,0.55);
#17390 = AXIS2_PLACEMENT_3D('',#17391,#17392,#17393);
#17391 = CARTESIAN_POINT('',(120.38,-44.37,-4.6E-02));
#17392 = DIRECTION('',(-0.,-0.,-1.));
#17393 = DIRECTION('',(-0.,-1.,0.));
#17394 = ADVANCED_FACE('',(#17395),#17406,.F.);
#17395 = FACE_BOUND('',#17396,.T.);
#17396 = EDGE_LOOP('',(#17397,#17398,#17404,#17405));
#17397 = ORIENTED_EDGE('',*,*,#15937,.T.);
#17398 = ORIENTED_EDGE('',*,*,#17399,.T.);
#17399 = EDGE_CURVE('',#15938,#16560,#17400,.T.);
#17400 = LINE('',#17401,#17402);
#17401 = CARTESIAN_POINT('',(122.92,-44.92,-4.6E-02));
#17402 = VECTOR('',#17403,1.);
#17403 = DIRECTION('',(0.,0.,1.));
#17404 = ORIENTED_EDGE('',*,*,#16559,.F.);
#17405 = ORIENTED_EDGE('',*,*,#17399,.F.);
#17406 = CYLINDRICAL_SURFACE('',#17407,0.55);
#17407 = AXIS2_PLACEMENT_3D('',#17408,#17409,#17410);
#17408 = CARTESIAN_POINT('',(122.92,-44.37,-4.6E-02));
#17409 = DIRECTION('',(-0.,-0.,-1.));
#17410 = DIRECTION('',(-0.,-1.,0.));
#17411 = ADVANCED_FACE('',(#17412),#17423,.F.);
#17412 = FACE_BOUND('',#17413,.T.);
#17413 = EDGE_LOOP('',(#17414,#17415,#17421,#17422));
#17414 = ORIENTED_EDGE('',*,*,#15948,.T.);
#17415 = ORIENTED_EDGE('',*,*,#17416,.T.);
#17416 = EDGE_CURVE('',#15949,#16571,#17417,.T.);
#17417 = LINE('',#17418,#17419);
#17418 = CARTESIAN_POINT('',(125.46,-52.575,-4.6E-02));
#17419 = VECTOR('',#17420,1.);
#17420 = DIRECTION('',(0.,0.,1.));
#17421 = ORIENTED_EDGE('',*,*,#16570,.F.);
#17422 = ORIENTED_EDGE('',*,*,#17416,.F.);
#17423 = CYLINDRICAL_SURFACE('',#17424,0.55);
#17424 = AXIS2_PLACEMENT_3D('',#17425,#17426,#17427);
#17425 = CARTESIAN_POINT('',(125.46,-52.025,-4.6E-02));
#17426 = DIRECTION('',(-0.,-0.,-1.));
#17427 = DIRECTION('',(-2.5837917664E-14,-1.,0.));
#17428 = ADVANCED_FACE('',(#17429),#17440,.F.);
#17429 = FACE_BOUND('',#17430,.T.);
#17430 = EDGE_LOOP('',(#17431,#17432,#17438,#17439));
#17431 = ORIENTED_EDGE('',*,*,#15959,.T.);
#17432 = ORIENTED_EDGE('',*,*,#17433,.T.);
#17433 = EDGE_CURVE('',#15960,#16582,#17434,.T.);
#17434 = LINE('',#17435,#17436);
#17435 = CARTESIAN_POINT('',(129.6,-52.575,-4.6E-02));
#17436 = VECTOR('',#17437,1.);
#17437 = DIRECTION('',(0.,0.,1.));
#17438 = ORIENTED_EDGE('',*,*,#16581,.F.);
#17439 = ORIENTED_EDGE('',*,*,#17433,.F.);
#17440 = CYLINDRICAL_SURFACE('',#17441,0.55);
#17441 = AXIS2_PLACEMENT_3D('',#17442,#17443,#17444);
#17442 = CARTESIAN_POINT('',(129.6,-52.025,-4.6E-02));
#17443 = DIRECTION('',(-0.,-0.,-1.));
#17444 = DIRECTION('',(-5.167583532801E-14,-1.,0.));
#17445 = ADVANCED_FACE('',(#17446),#17457,.F.);
#17446 = FACE_BOUND('',#17447,.T.);
#17447 = EDGE_LOOP('',(#17448,#17449,#17455,#17456));
#17448 = ORIENTED_EDGE('',*,*,#15970,.T.);
#17449 = ORIENTED_EDGE('',*,*,#17450,.T.);
#17450 = EDGE_CURVE('',#15971,#16593,#17451,.T.);
#17451 = LINE('',#17452,#17453);
#17452 = CARTESIAN_POINT('',(132.14,-52.575,-4.6E-02));
#17453 = VECTOR('',#17454,1.);
#17454 = DIRECTION('',(0.,0.,1.));
#17455 = ORIENTED_EDGE('',*,*,#16592,.F.);
#17456 = ORIENTED_EDGE('',*,*,#17450,.F.);
#17457 = CYLINDRICAL_SURFACE('',#17458,0.55);
#17458 = AXIS2_PLACEMENT_3D('',#17459,#17460,#17461);
#17459 = CARTESIAN_POINT('',(132.14,-52.025,-4.6E-02));
#17460 = DIRECTION('',(-0.,-0.,-1.));
#17461 = DIRECTION('',(-0.,-1.,0.));
#17462 = ADVANCED_FACE('',(#17463),#17474,.F.);
#17463 = FACE_BOUND('',#17464,.T.);
#17464 = EDGE_LOOP('',(#17465,#17466,#17472,#17473));
#17465 = ORIENTED_EDGE('',*,*,#15981,.T.);
#17466 = ORIENTED_EDGE('',*,*,#17467,.T.);
#17467 = EDGE_CURVE('',#15982,#16604,#17468,.T.);
#17468 = LINE('',#17469,#17470);
#17469 = CARTESIAN_POINT('',(134.68,-52.575,-4.6E-02));
#17470 = VECTOR('',#17471,1.);
#17471 = DIRECTION('',(0.,0.,1.));
#17472 = ORIENTED_EDGE('',*,*,#16603,.F.);
#17473 = ORIENTED_EDGE('',*,*,#17467,.F.);
#17474 = CYLINDRICAL_SURFACE('',#17475,0.55);
#17475 = AXIS2_PLACEMENT_3D('',#17476,#17477,#17478);
#17476 = CARTESIAN_POINT('',(134.68,-52.025,-4.6E-02));
#17477 = DIRECTION('',(-0.,-0.,-1.));
#17478 = DIRECTION('',(-0.,-1.,0.));
#17479 = ADVANCED_FACE('',(#17480),#17491,.F.);
#17480 = FACE_BOUND('',#17481,.T.);
#17481 = EDGE_LOOP('',(#17482,#17483,#17489,#17490));
#17482 = ORIENTED_EDGE('',*,*,#15992,.T.);
#17483 = ORIENTED_EDGE('',*,*,#17484,.T.);
#17484 = EDGE_CURVE('',#15993,#16615,#17485,.T.);
#17485 = LINE('',#17486,#17487);
#17486 = CARTESIAN_POINT('',(137.22,-52.575,-4.6E-02));
#17487 = VECTOR('',#17488,1.);
#17488 = DIRECTION('',(0.,0.,1.));
#17489 = ORIENTED_EDGE('',*,*,#16614,.F.);
#17490 = ORIENTED_EDGE('',*,*,#17484,.F.);
#17491 = CYLINDRICAL_SURFACE('',#17492,0.55);
#17492 = AXIS2_PLACEMENT_3D('',#17493,#17494,#17495);
#17493 = CARTESIAN_POINT('',(137.22,-52.025,-4.6E-02));
#17494 = DIRECTION('',(-0.,-0.,-1.));
#17495 = DIRECTION('',(-0.,-1.,0.));
#17496 = ADVANCED_FACE('',(#17497),#17508,.F.);
#17497 = FACE_BOUND('',#17498,.T.);
#17498 = EDGE_LOOP('',(#17499,#17500,#17506,#17507));
#17499 = ORIENTED_EDGE('',*,*,#16003,.T.);
#17500 = ORIENTED_EDGE('',*,*,#17501,.T.);
#17501 = EDGE_CURVE('',#16004,#16626,#17502,.T.);
#17502 = LINE('',#17503,#17504);
#17503 = CARTESIAN_POINT('',(150.93,-58.455,-4.6E-02));
#17504 = VECTOR('',#17505,1.);
#17505 = DIRECTION('',(0.,0.,1.));
#17506 = ORIENTED_EDGE('',*,*,#16625,.F.);
#17507 = ORIENTED_EDGE('',*,*,#17501,.F.);
#17508 = CYLINDRICAL_SURFACE('',#17509,1.625);
#17509 = AXIS2_PLACEMENT_3D('',#17510,#17511,#17512);
#17510 = CARTESIAN_POINT('',(150.93,-56.83,-4.6E-02));
#17511 = DIRECTION('',(-0.,-0.,-1.));
#17512 = DIRECTION('',(-0.,-1.,0.));
#17513 = ADVANCED_FACE('',(#17514),#17525,.F.);
#17514 = FACE_BOUND('',#17515,.T.);
#17515 = EDGE_LOOP('',(#17516,#17517,#17523,#17524));
#17516 = ORIENTED_EDGE('',*,*,#16014,.T.);
#17517 = ORIENTED_EDGE('',*,*,#17518,.T.);
#17518 = EDGE_CURVE('',#16015,#16637,#17519,.T.);
#17519 = LINE('',#17520,#17521);
#17520 = CARTESIAN_POINT('',(147.5,-55.835,-4.6E-02));
#17521 = VECTOR('',#17522,1.);
#17522 = DIRECTION('',(0.,0.,1.));
#17523 = ORIENTED_EDGE('',*,*,#16636,.F.);
#17524 = ORIENTED_EDGE('',*,*,#17518,.F.);
#17525 = CYLINDRICAL_SURFACE('',#17526,0.785);
#17526 = AXIS2_PLACEMENT_3D('',#17527,#17528,#17529);
#17527 = CARTESIAN_POINT('',(147.5,-55.05,-4.6E-02));
#17528 = DIRECTION('',(-0.,-0.,-1.));
#17529 = DIRECTION('',(-0.,-1.,0.));
#17530 = ADVANCED_FACE('',(#17531),#17542,.F.);
#17531 = FACE_BOUND('',#17532,.T.);
#17532 = EDGE_LOOP('',(#17533,#17534,#17540,#17541));
#17533 = ORIENTED_EDGE('',*,*,#16025,.T.);
#17534 = ORIENTED_EDGE('',*,*,#17535,.T.);
#17535 = EDGE_CURVE('',#16026,#16648,#17536,.T.);
#17536 = LINE('',#17537,#17538);
#17537 = CARTESIAN_POINT('',(152.39,-51.37,-4.6E-02));
#17538 = VECTOR('',#17539,1.);
#17539 = DIRECTION('',(0.,0.,1.));
#17540 = ORIENTED_EDGE('',*,*,#16647,.F.);
#17541 = ORIENTED_EDGE('',*,*,#17535,.F.);
#17542 = CYLINDRICAL_SURFACE('',#17543,0.55);
#17543 = AXIS2_PLACEMENT_3D('',#17544,#17545,#17546);
#17544 = CARTESIAN_POINT('',(152.39,-50.82,-4.6E-02));
#17545 = DIRECTION('',(-0.,-0.,-1.));
#17546 = DIRECTION('',(-0.,-1.,0.));
#17547 = ADVANCED_FACE('',(#17548),#17559,.F.);
#17548 = FACE_BOUND('',#17549,.T.);
#17549 = EDGE_LOOP('',(#17550,#17551,#17557,#17558));
#17550 = ORIENTED_EDGE('',*,*,#16036,.T.);
#17551 = ORIENTED_EDGE('',*,*,#17552,.T.);
#17552 = EDGE_CURVE('',#16037,#16659,#17553,.T.);
#17553 = LINE('',#17554,#17555);
#17554 = CARTESIAN_POINT('',(125.46,-44.92,-4.6E-02));
#17555 = VECTOR('',#17556,1.);
#17556 = DIRECTION('',(0.,0.,1.));
#17557 = ORIENTED_EDGE('',*,*,#16658,.F.);
#17558 = ORIENTED_EDGE('',*,*,#17552,.F.);
#17559 = CYLINDRICAL_SURFACE('',#17560,0.55);
#17560 = AXIS2_PLACEMENT_3D('',#17561,#17562,#17563);
#17561 = CARTESIAN_POINT('',(125.46,-44.37,-4.6E-02));
#17562 = DIRECTION('',(-0.,-0.,-1.));
#17563 = DIRECTION('',(-2.5837917664E-14,-1.,0.));
#17564 = ADVANCED_FACE('',(#17565),#17576,.F.);
#17565 = FACE_BOUND('',#17566,.T.);
#17566 = EDGE_LOOP('',(#17567,#17568,#17574,#17575));
#17567 = ORIENTED_EDGE('',*,*,#16047,.T.);
#17568 = ORIENTED_EDGE('',*,*,#17569,.T.);
#17569 = EDGE_CURVE('',#16048,#16670,#17570,.T.);
#17570 = LINE('',#17571,#17572);
#17571 = CARTESIAN_POINT('',(129.6,-44.92,-4.6E-02));
#17572 = VECTOR('',#17573,1.);
#17573 = DIRECTION('',(0.,0.,1.));
#17574 = ORIENTED_EDGE('',*,*,#16669,.F.);
#17575 = ORIENTED_EDGE('',*,*,#17569,.F.);
#17576 = CYLINDRICAL_SURFACE('',#17577,0.55);
#17577 = AXIS2_PLACEMENT_3D('',#17578,#17579,#17580);
#17578 = CARTESIAN_POINT('',(129.6,-44.37,-4.6E-02));
#17579 = DIRECTION('',(-0.,-0.,-1.));
#17580 = DIRECTION('',(-5.167583532801E-14,-1.,0.));
#17581 = ADVANCED_FACE('',(#17582),#17593,.F.);
#17582 = FACE_BOUND('',#17583,.T.);
#17583 = EDGE_LOOP('',(#17584,#17585,#17591,#17592));
#17584 = ORIENTED_EDGE('',*,*,#16058,.T.);
#17585 = ORIENTED_EDGE('',*,*,#17586,.T.);
#17586 = EDGE_CURVE('',#16059,#16681,#17587,.T.);
#17587 = LINE('',#17588,#17589);
#17588 = CARTESIAN_POINT('',(132.14,-44.92,-4.6E-02));
#17589 = VECTOR('',#17590,1.);
#17590 = DIRECTION('',(0.,0.,1.));
#17591 = ORIENTED_EDGE('',*,*,#16680,.F.);
#17592 = ORIENTED_EDGE('',*,*,#17586,.F.);
#17593 = CYLINDRICAL_SURFACE('',#17594,0.55);
#17594 = AXIS2_PLACEMENT_3D('',#17595,#17596,#17597);
#17595 = CARTESIAN_POINT('',(132.14,-44.37,-4.6E-02));
#17596 = DIRECTION('',(-0.,-0.,-1.));
#17597 = DIRECTION('',(-0.,-1.,0.));
#17598 = ADVANCED_FACE('',(#17599),#17610,.F.);
#17599 = FACE_BOUND('',#17600,.T.);
#17600 = EDGE_LOOP('',(#17601,#17602,#17608,#17609));
#17601 = ORIENTED_EDGE('',*,*,#16069,.T.);
#17602 = ORIENTED_EDGE('',*,*,#17603,.T.);
#17603 = EDGE_CURVE('',#16070,#16692,#17604,.T.);
#17604 = LINE('',#17605,#17606);
#17605 = CARTESIAN_POINT('',(134.68,-44.92,-4.6E-02));
#17606 = VECTOR('',#17607,1.);
#17607 = DIRECTION('',(0.,0.,1.));
#17608 = ORIENTED_EDGE('',*,*,#16691,.F.);
#17609 = ORIENTED_EDGE('',*,*,#17603,.F.);
#17610 = CYLINDRICAL_SURFACE('',#17611,0.55);
#17611 = AXIS2_PLACEMENT_3D('',#17612,#17613,#17614);
#17612 = CARTESIAN_POINT('',(134.68,-44.37,-4.6E-02));
#17613 = DIRECTION('',(-0.,-0.,-1.));
#17614 = DIRECTION('',(-0.,-1.,0.));
#17615 = ADVANCED_FACE('',(#17616),#17627,.F.);
#17616 = FACE_BOUND('',#17617,.T.);
#17617 = EDGE_LOOP('',(#17618,#17619,#17625,#17626));
#17618 = ORIENTED_EDGE('',*,*,#16080,.T.);
#17619 = ORIENTED_EDGE('',*,*,#17620,.T.);
#17620 = EDGE_CURVE('',#16081,#16703,#17621,.T.);
#17621 = LINE('',#17622,#17623);
#17622 = CARTESIAN_POINT('',(137.22,-44.92,-4.6E-02));
#17623 = VECTOR('',#17624,1.);
#17624 = DIRECTION('',(0.,0.,1.));
#17625 = ORIENTED_EDGE('',*,*,#16702,.F.);
#17626 = ORIENTED_EDGE('',*,*,#17620,.F.);
#17627 = CYLINDRICAL_SURFACE('',#17628,0.55);
#17628 = AXIS2_PLACEMENT_3D('',#17629,#17630,#17631);
#17629 = CARTESIAN_POINT('',(137.22,-44.37,-4.6E-02));
#17630 = DIRECTION('',(-0.,-0.,-1.));
#17631 = DIRECTION('',(-0.,-1.,0.));
#17632 = ADVANCED_FACE('',(#17633),#17644,.F.);
#17633 = FACE_BOUND('',#17634,.T.);
#17634 = EDGE_LOOP('',(#17635,#17636,#17642,#17643));
#17635 = ORIENTED_EDGE('',*,*,#16091,.T.);
#17636 = ORIENTED_EDGE('',*,*,#17637,.T.);
#17637 = EDGE_CURVE('',#16092,#16714,#17638,.T.);
#17638 = LINE('',#17639,#17640);
#17639 = CARTESIAN_POINT('',(152.39,-48.83,-4.6E-02));
#17640 = VECTOR('',#17641,1.);
#17641 = DIRECTION('',(0.,0.,1.));
#17642 = ORIENTED_EDGE('',*,*,#16713,.F.);
#17643 = ORIENTED_EDGE('',*,*,#17637,.F.);
#17644 = CYLINDRICAL_SURFACE('',#17645,0.55);
#17645 = AXIS2_PLACEMENT_3D('',#17646,#17647,#17648);
#17646 = CARTESIAN_POINT('',(152.39,-48.28,-4.6E-02));
#17647 = DIRECTION('',(-0.,-0.,-1.));
#17648 = DIRECTION('',(-0.,-1.,0.));
#17649 = ADVANCED_FACE('',(#17650),#17661,.F.);
#17650 = FACE_BOUND('',#17651,.T.);
#17651 = EDGE_LOOP('',(#17652,#17653,#17659,#17660));
#17652 = ORIENTED_EDGE('',*,*,#16102,.T.);
#17653 = ORIENTED_EDGE('',*,*,#17654,.T.);
#17654 = EDGE_CURVE('',#16103,#16725,#17655,.T.);
#17655 = LINE('',#17656,#17657);
#17656 = CARTESIAN_POINT('',(143.21,-44.185,-4.6E-02));
#17657 = VECTOR('',#17658,1.);
#17658 = DIRECTION('',(0.,0.,1.));
#17659 = ORIENTED_EDGE('',*,*,#16724,.F.);
#17660 = ORIENTED_EDGE('',*,*,#17654,.F.);
#17661 = CYLINDRICAL_SURFACE('',#17662,0.595);
#17662 = AXIS2_PLACEMENT_3D('',#17663,#17664,#17665);
#17663 = CARTESIAN_POINT('',(143.21,-43.59,-4.6E-02));
#17664 = DIRECTION('',(-0.,-0.,-1.));
#17665 = DIRECTION('',(-0.,-1.,0.));
#17666 = ADVANCED_FACE('',(#17667),#17678,.F.);
#17667 = FACE_BOUND('',#17668,.T.);
#17668 = EDGE_LOOP('',(#17669,#17670,#17676,#17677));
#17669 = ORIENTED_EDGE('',*,*,#16113,.T.);
#17670 = ORIENTED_EDGE('',*,*,#17671,.T.);
#17671 = EDGE_CURVE('',#16114,#16736,#17672,.T.);
#17672 = LINE('',#17673,#17674);
#17673 = CARTESIAN_POINT('',(145.75,-44.185,-4.6E-02));
#17674 = VECTOR('',#17675,1.);
#17675 = DIRECTION('',(0.,0.,1.));
#17676 = ORIENTED_EDGE('',*,*,#16735,.F.);
#17677 = ORIENTED_EDGE('',*,*,#17671,.F.);
#17678 = CYLINDRICAL_SURFACE('',#17679,0.595);
#17679 = AXIS2_PLACEMENT_3D('',#17680,#17681,#17682);
#17680 = CARTESIAN_POINT('',(145.75,-43.59,-4.6E-02));
#17681 = DIRECTION('',(-0.,-0.,-1.));
#17682 = DIRECTION('',(-0.,-1.,0.));
#17683 = ADVANCED_FACE('',(#17684),#17695,.F.);
#17684 = FACE_BOUND('',#17685,.T.);
#17685 = EDGE_LOOP('',(#17686,#17687,#17693,#17694));
#17686 = ORIENTED_EDGE('',*,*,#16124,.T.);
#17687 = ORIENTED_EDGE('',*,*,#17688,.T.);
#17688 = EDGE_CURVE('',#16125,#16747,#17689,.T.);
#17689 = LINE('',#17690,#17691);
#17690 = CARTESIAN_POINT('',(152.39,-46.29,-4.6E-02));
#17691 = VECTOR('',#17692,1.);
#17692 = DIRECTION('',(0.,0.,1.));
#17693 = ORIENTED_EDGE('',*,*,#16746,.F.);
#17694 = ORIENTED_EDGE('',*,*,#17688,.F.);
#17695 = CYLINDRICAL_SURFACE('',#17696,0.55);
#17696 = AXIS2_PLACEMENT_3D('',#17697,#17698,#17699);
#17697 = CARTESIAN_POINT('',(152.39,-45.74,-4.6E-02));
#17698 = DIRECTION('',(-0.,-0.,-1.));
#17699 = DIRECTION('',(-0.,-1.,0.));
#17700 = ADVANCED_FACE('',(#17701),#17712,.F.);
#17701 = FACE_BOUND('',#17702,.T.);
#17702 = EDGE_LOOP('',(#17703,#17704,#17710,#17711));
#17703 = ORIENTED_EDGE('',*,*,#16135,.T.);
#17704 = ORIENTED_EDGE('',*,*,#17705,.T.);
#17705 = EDGE_CURVE('',#16136,#16758,#17706,.T.);
#17706 = LINE('',#17707,#17708);
#17707 = CARTESIAN_POINT('',(152.39,-43.75,-4.6E-02));
#17708 = VECTOR('',#17709,1.);
#17709 = DIRECTION('',(0.,0.,1.));
#17710 = ORIENTED_EDGE('',*,*,#16757,.F.);
#17711 = ORIENTED_EDGE('',*,*,#17705,.F.);
#17712 = CYLINDRICAL_SURFACE('',#17713,0.55);
#17713 = AXIS2_PLACEMENT_3D('',#17714,#17715,#17716);
#17714 = CARTESIAN_POINT('',(152.39,-43.2,-4.6E-02));
#17715 = DIRECTION('',(-0.,-0.,-1.));
#17716 = DIRECTION('',(-0.,-1.,0.));
#17717 = ( GEOMETRIC_REPRESENTATION_CONTEXT(3) 
GLOBAL_UNCERTAINTY_ASSIGNED_CONTEXT((#17721)) 
GLOBAL_UNIT_ASSIGNED_CONTEXT((#17718,#17719,#17720)) 
REPRESENTATION_CONTEXT('Context #1',
  '3D Context with UNIT and UNCERTAINTY') );
#17718 = ( LENGTH_UNIT() NAMED_UNIT(*) SI_UNIT(.MILLI.,.METRE.) );
#17719 = ( NAMED_UNIT(*) PLANE_ANGLE_UNIT() SI_UNIT($,.RADIAN.) );
#17720 = ( NAMED_UNIT(*) SI_UNIT($,.STERADIAN.) SOLID_ANGLE_UNIT() );
#17721 = UNCERTAINTY_MEASURE_WITH_UNIT(LENGTH_MEASURE(1.E-07),#17718,
  'distance_accuracy_value','confusion accuracy');
#17722 = CONTEXT_DEPENDENT_SHAPE_REPRESENTATION(#17723,#17725);
#17723 = ( REPRESENTATION_RELATIONSHIP('','',#15421,#10) 
REPRESENTATION_RELATIONSHIP_WITH_TRANSFORMATION(#17724) 
SHAPE_REPRESENTATION_RELATIONSHIP() );
#17724 = ITEM_DEFINED_TRANSFORMATION('','',#11,#127);
#17725 = PRODUCT_DEFINITION_SHAPE('Placement','Placement of an item',
  #17726);
#17726 = NEXT_ASSEMBLY_USAGE_OCCURRENCE('30','=>[0:1:1:10]','',#5,#15416
  ,$);
#17727 = PRODUCT_RELATED_PRODUCT_CATEGORY('part',$,(#15418));
#17728 = MECHANICAL_DESIGN_GEOMETRIC_PRESENTATION_REPRESENTATION('',(
    #17729,#17737,#17744,#17751,#17758,#17765,#17772,#17779,#17787,
    #17794,#17801,#17808,#17815,#17822,#17830,#17837,#17844,#17851,
    #17858,#17865,#17872,#17879,#17886,#17893,#17900,#17907),#9935);
#17729 = STYLED_ITEM('color',(#17730),#9147);
#17730 = PRESENTATION_STYLE_ASSIGNMENT((#17731));
#17731 = SURFACE_STYLE_USAGE(.BOTH.,#17732);
#17732 = SURFACE_SIDE_STYLE('',(#17733));
#17733 = SURFACE_STYLE_FILL_AREA(#17734);
#17734 = FILL_AREA_STYLE('',(#17735));
#17735 = FILL_AREA_STYLE_COLOUR('',#17736);
#17736 = COLOUR_RGB('',0.823999987314,0.819999987296,0.781000009244);
#17737 = STYLED_ITEM('color',(#17738),#9187);
#17738 = PRESENTATION_STYLE_ASSIGNMENT((#17739));
#17739 = SURFACE_STYLE_USAGE(.BOTH.,#17740);
#17740 = SURFACE_SIDE_STYLE('',(#17741));
#17741 = SURFACE_STYLE_FILL_AREA(#17742);
#17742 = FILL_AREA_STYLE('',(#17743));
#17743 = FILL_AREA_STYLE_COLOUR('',#17736);
#17744 = STYLED_ITEM('color',(#17745),#9270);
#17745 = PRESENTATION_STYLE_ASSIGNMENT((#17746));
#17746 = SURFACE_STYLE_USAGE(.BOTH.,#17747);
#17747 = SURFACE_SIDE_STYLE('',(#17748));
#17748 = SURFACE_STYLE_FILL_AREA(#17749);
#17749 = FILL_AREA_STYLE('',(#17750));
#17750 = FILL_AREA_STYLE_COLOUR('',#17736);
#17751 = STYLED_ITEM('color',(#17752),#9295);
#17752 = PRESENTATION_STYLE_ASSIGNMENT((#17753));
#17753 = SURFACE_STYLE_USAGE(.BOTH.,#17754);
#17754 = SURFACE_SIDE_STYLE('',(#17755));
#17755 = SURFACE_STYLE_FILL_AREA(#17756);
#17756 = FILL_AREA_STYLE('',(#17757));
#17757 = FILL_AREA_STYLE_COLOUR('',#17736);
#17758 = STYLED_ITEM('color',(#17759),#9320);
#17759 = PRESENTATION_STYLE_ASSIGNMENT((#17760));
#17760 = SURFACE_STYLE_USAGE(.BOTH.,#17761);
#17761 = SURFACE_SIDE_STYLE('',(#17762));
#17762 = SURFACE_STYLE_FILL_AREA(#17763);
#17763 = FILL_AREA_STYLE('',(#17764));
#17764 = FILL_AREA_STYLE_COLOUR('',#17736);
#17765 = STYLED_ITEM('color',(#17766),#9387);
#17766 = PRESENTATION_STYLE_ASSIGNMENT((#17767));
#17767 = SURFACE_STYLE_USAGE(.BOTH.,#17768);
#17768 = SURFACE_SIDE_STYLE('',(#17769));
#17769 = SURFACE_STYLE_FILL_AREA(#17770);
#17770 = FILL_AREA_STYLE('',(#17771));
#17771 = FILL_AREA_STYLE_COLOUR('',#17736);
#17772 = STYLED_ITEM('color',(#17773),#9404);
#17773 = PRESENTATION_STYLE_ASSIGNMENT((#17774));
#17774 = SURFACE_STYLE_USAGE(.BOTH.,#17775);
#17775 = SURFACE_SIDE_STYLE('',(#17776));
#17776 = SURFACE_STYLE_FILL_AREA(#17777);
#17777 = FILL_AREA_STYLE('',(#17778));
#17778 = FILL_AREA_STYLE_COLOUR('',#17736);
#17779 = STYLED_ITEM('color',(#17780),#9421);
#17780 = PRESENTATION_STYLE_ASSIGNMENT((#17781));
#17781 = SURFACE_STYLE_USAGE(.BOTH.,#17782);
#17782 = SURFACE_SIDE_STYLE('',(#17783));
#17783 = SURFACE_STYLE_FILL_AREA(#17784);
#17784 = FILL_AREA_STYLE('',(#17785));
#17785 = FILL_AREA_STYLE_COLOUR('',#17786);
#17786 = COLOUR_RGB('',0.894999966383,0.890999961016,0.813000030345);
#17787 = STYLED_ITEM('color',(#17788),#9470);
#17788 = PRESENTATION_STYLE_ASSIGNMENT((#17789));
#17789 = SURFACE_STYLE_USAGE(.BOTH.,#17790);
#17790 = SURFACE_SIDE_STYLE('',(#17791));
#17791 = SURFACE_STYLE_FILL_AREA(#17792);
#17792 = FILL_AREA_STYLE('',(#17793));
#17793 = FILL_AREA_STYLE_COLOUR('',#17736);
#17794 = STYLED_ITEM('color',(#17795),#9487);
#17795 = PRESENTATION_STYLE_ASSIGNMENT((#17796));
#17796 = SURFACE_STYLE_USAGE(.BOTH.,#17797);
#17797 = SURFACE_SIDE_STYLE('',(#17798));
#17798 = SURFACE_STYLE_FILL_AREA(#17799);
#17799 = FILL_AREA_STYLE('',(#17800));
#17800 = FILL_AREA_STYLE_COLOUR('',#17736);
#17801 = STYLED_ITEM('color',(#17802),#9504);
#17802 = PRESENTATION_STYLE_ASSIGNMENT((#17803));
#17803 = SURFACE_STYLE_USAGE(.BOTH.,#17804);
#17804 = SURFACE_SIDE_STYLE('',(#17805));
#17805 = SURFACE_STYLE_FILL_AREA(#17806);
#17806 = FILL_AREA_STYLE('',(#17807));
#17807 = FILL_AREA_STYLE_COLOUR('',#17786);
#17808 = STYLED_ITEM('color',(#17809),#9553);
#17809 = PRESENTATION_STYLE_ASSIGNMENT((#17810));
#17810 = SURFACE_STYLE_USAGE(.BOTH.,#17811);
#17811 = SURFACE_SIDE_STYLE('',(#17812));
#17812 = SURFACE_STYLE_FILL_AREA(#17813);
#17813 = FILL_AREA_STYLE('',(#17814));
#17814 = FILL_AREA_STYLE_COLOUR('',#17786);
#17815 = STYLED_ITEM('color',(#17816),#9570);
#17816 = PRESENTATION_STYLE_ASSIGNMENT((#17817));
#17817 = SURFACE_STYLE_USAGE(.BOTH.,#17818);
#17818 = SURFACE_SIDE_STYLE('',(#17819));
#17819 = SURFACE_STYLE_FILL_AREA(#17820);
#17820 = FILL_AREA_STYLE('',(#17821));
#17821 = FILL_AREA_STYLE_COLOUR('',#17736);
#17822 = STYLED_ITEM('color',(#17823),#9639);
#17823 = PRESENTATION_STYLE_ASSIGNMENT((#17824));
#17824 = SURFACE_STYLE_USAGE(.BOTH.,#17825);
#17825 = SURFACE_SIDE_STYLE('',(#17826));
#17826 = SURFACE_STYLE_FILL_AREA(#17827);
#17827 = FILL_AREA_STYLE('',(#17828));
#17828 = FILL_AREA_STYLE_COLOUR('',#17829);
#17829 = COLOUR_RGB('',8.200000279077E-02,8.600000121357E-02,
  9.399999706163E-02);
#17830 = STYLED_ITEM('color',(#17831),#9670);
#17831 = PRESENTATION_STYLE_ASSIGNMENT((#17832));
#17832 = SURFACE_STYLE_USAGE(.BOTH.,#17833);
#17833 = SURFACE_SIDE_STYLE('',(#17834));
#17834 = SURFACE_STYLE_FILL_AREA(#17835);
#17835 = FILL_AREA_STYLE('',(#17836));
#17836 = FILL_AREA_STYLE_COLOUR('',#17829);
#17837 = STYLED_ITEM('color',(#17838),#9694);
#17838 = PRESENTATION_STYLE_ASSIGNMENT((#17839));
#17839 = SURFACE_STYLE_USAGE(.BOTH.,#17840);
#17840 = SURFACE_SIDE_STYLE('',(#17841));
#17841 = SURFACE_STYLE_FILL_AREA(#17842);
#17842 = FILL_AREA_STYLE('',(#17843));
#17843 = FILL_AREA_STYLE_COLOUR('',#17736);
#17844 = STYLED_ITEM('color',(#17845),#9763);
#17845 = PRESENTATION_STYLE_ASSIGNMENT((#17846));
#17846 = SURFACE_STYLE_USAGE(.BOTH.,#17847);
#17847 = SURFACE_SIDE_STYLE('',(#17848));
#17848 = SURFACE_STYLE_FILL_AREA(#17849);
#17849 = FILL_AREA_STYLE('',(#17850));
#17850 = FILL_AREA_STYLE_COLOUR('',#17829);
#17851 = STYLED_ITEM('color',(#17852),#9787);
#17852 = PRESENTATION_STYLE_ASSIGNMENT((#17853));
#17853 = SURFACE_STYLE_USAGE(.BOTH.,#17854);
#17854 = SURFACE_SIDE_STYLE('',(#17855));
#17855 = SURFACE_STYLE_FILL_AREA(#17856);
#17856 = FILL_AREA_STYLE('',(#17857));
#17857 = FILL_AREA_STYLE_COLOUR('',#17736);
#17858 = STYLED_ITEM('color',(#17859),#9804);
#17859 = PRESENTATION_STYLE_ASSIGNMENT((#17860));
#17860 = SURFACE_STYLE_USAGE(.BOTH.,#17861);
#17861 = SURFACE_SIDE_STYLE('',(#17862));
#17862 = SURFACE_STYLE_FILL_AREA(#17863);
#17863 = FILL_AREA_STYLE('',(#17864));
#17864 = FILL_AREA_STYLE_COLOUR('',#17736);
#17865 = STYLED_ITEM('color',(#17866),#9821);
#17866 = PRESENTATION_STYLE_ASSIGNMENT((#17867));
#17867 = SURFACE_STYLE_USAGE(.BOTH.,#17868);
#17868 = SURFACE_SIDE_STYLE('',(#17869));
#17869 = SURFACE_STYLE_FILL_AREA(#17870);
#17870 = FILL_AREA_STYLE('',(#17871));
#17871 = FILL_AREA_STYLE_COLOUR('',#17736);
#17872 = STYLED_ITEM('color',(#17873),#9838);
#17873 = PRESENTATION_STYLE_ASSIGNMENT((#17874));
#17874 = SURFACE_STYLE_USAGE(.BOTH.,#17875);
#17875 = SURFACE_SIDE_STYLE('',(#17876));
#17876 = SURFACE_STYLE_FILL_AREA(#17877);
#17877 = FILL_AREA_STYLE('',(#17878));
#17878 = FILL_AREA_STYLE_COLOUR('',#17736);
#17879 = STYLED_ITEM('color',(#17880),#9855);
#17880 = PRESENTATION_STYLE_ASSIGNMENT((#17881));
#17881 = SURFACE_STYLE_USAGE(.BOTH.,#17882);
#17882 = SURFACE_SIDE_STYLE('',(#17883));
#17883 = SURFACE_STYLE_FILL_AREA(#17884);
#17884 = FILL_AREA_STYLE('',(#17885));
#17885 = FILL_AREA_STYLE_COLOUR('',#17736);
#17886 = STYLED_ITEM('color',(#17887),#9872);
#17887 = PRESENTATION_STYLE_ASSIGNMENT((#17888));
#17888 = SURFACE_STYLE_USAGE(.BOTH.,#17889);
#17889 = SURFACE_SIDE_STYLE('',(#17890));
#17890 = SURFACE_STYLE_FILL_AREA(#17891);
#17891 = FILL_AREA_STYLE('',(#17892));
#17892 = FILL_AREA_STYLE_COLOUR('',#17736);
#17893 = STYLED_ITEM('color',(#17894),#9889);
#17894 = PRESENTATION_STYLE_ASSIGNMENT((#17895));
#17895 = SURFACE_STYLE_USAGE(.BOTH.,#17896);
#17896 = SURFACE_SIDE_STYLE('',(#17897));
#17897 = SURFACE_STYLE_FILL_AREA(#17898);
#17898 = FILL_AREA_STYLE('',(#17899));
#17899 = FILL_AREA_STYLE_COLOUR('',#17736);
#17900 = STYLED_ITEM('color',(#17901),#9906);
#17901 = PRESENTATION_STYLE_ASSIGNMENT((#17902));
#17902 = SURFACE_STYLE_USAGE(.BOTH.,#17903);
#17903 = SURFACE_SIDE_STYLE('',(#17904));
#17904 = SURFACE_STYLE_FILL_AREA(#17905);
#17905 = FILL_AREA_STYLE('',(#17906));
#17906 = FILL_AREA_STYLE_COLOUR('',#17829);
#17907 = STYLED_ITEM('color',(#17908),#9923);
#17908 = PRESENTATION_STYLE_ASSIGNMENT((#17909));
#17909 = SURFACE_STYLE_USAGE(.BOTH.,#17910);
#17910 = SURFACE_SIDE_STYLE('',(#17911));
#17911 = SURFACE_STYLE_FILL_AREA(#17912);
#17912 = FILL_AREA_STYLE('',(#17913));
#17913 = FILL_AREA_STYLE_COLOUR('',#17829);
#17914 = MECHANICAL_DESIGN_GEOMETRIC_PRESENTATION_REPRESENTATION('',(
    #17915,#17922,#17929,#17936,#17943,#17950,#17957,#17964,#17972,
    #17979,#17986,#17993,#18000,#18007,#18014,#18021,#18028,#18035,
    #18042,#18049,#18056,#18063,#18070,#18077,#18084,#18091,#18098,
    #18105,#18112,#18119,#18126,#18133,#18140,#18147,#18154,#18161,
    #18169,#18176,#18183,#18190,#18197,#18204,#18211,#18218,#18225,
    #18232,#18239,#18246,#18253,#18260),#7215);
#17915 = STYLED_ITEM('color',(#17916),#5694);
#17916 = PRESENTATION_STYLE_ASSIGNMENT((#17917));
#17917 = SURFACE_STYLE_USAGE(.BOTH.,#17918);
#17918 = SURFACE_SIDE_STYLE('',(#17919));
#17919 = SURFACE_STYLE_FILL_AREA(#17920);
#17920 = FILL_AREA_STYLE('',(#17921));
#17921 = FILL_AREA_STYLE_COLOUR('',#17786);
#17922 = STYLED_ITEM('color',(#17923),#5734);
#17923 = PRESENTATION_STYLE_ASSIGNMENT((#17924));
#17924 = SURFACE_STYLE_USAGE(.BOTH.,#17925);
#17925 = SURFACE_SIDE_STYLE('',(#17926));
#17926 = SURFACE_STYLE_FILL_AREA(#17927);
#17927 = FILL_AREA_STYLE('',(#17928));
#17928 = FILL_AREA_STYLE_COLOUR('',#17786);
#17929 = STYLED_ITEM('color',(#17930),#5781);
#17930 = PRESENTATION_STYLE_ASSIGNMENT((#17931));
#17931 = SURFACE_STYLE_USAGE(.BOTH.,#17932);
#17932 = SURFACE_SIDE_STYLE('',(#17933));
#17933 = SURFACE_STYLE_FILL_AREA(#17934);
#17934 = FILL_AREA_STYLE('',(#17935));
#17935 = FILL_AREA_STYLE_COLOUR('',#17786);
#17936 = STYLED_ITEM('color',(#17937),#5860);
#17937 = PRESENTATION_STYLE_ASSIGNMENT((#17938));
#17938 = SURFACE_STYLE_USAGE(.BOTH.,#17939);
#17939 = SURFACE_SIDE_STYLE('',(#17940));
#17940 = SURFACE_STYLE_FILL_AREA(#17941);
#17941 = FILL_AREA_STYLE('',(#17942));
#17942 = FILL_AREA_STYLE_COLOUR('',#17786);
#17943 = STYLED_ITEM('color',(#17944),#5884);
#17944 = PRESENTATION_STYLE_ASSIGNMENT((#17945));
#17945 = SURFACE_STYLE_USAGE(.BOTH.,#17946);
#17946 = SURFACE_SIDE_STYLE('',(#17947));
#17947 = SURFACE_STYLE_FILL_AREA(#17948);
#17948 = FILL_AREA_STYLE('',(#17949));
#17949 = FILL_AREA_STYLE_COLOUR('',#17786);
#17950 = STYLED_ITEM('color',(#17951),#5924);
#17951 = PRESENTATION_STYLE_ASSIGNMENT((#17952));
#17952 = SURFACE_STYLE_USAGE(.BOTH.,#17953);
#17953 = SURFACE_SIDE_STYLE('',(#17954));
#17954 = SURFACE_STYLE_FILL_AREA(#17955);
#17955 = FILL_AREA_STYLE('',(#17956));
#17956 = FILL_AREA_STYLE_COLOUR('',#17786);
#17957 = STYLED_ITEM('color',(#17958),#5955);
#17958 = PRESENTATION_STYLE_ASSIGNMENT((#17959));
#17959 = SURFACE_STYLE_USAGE(.BOTH.,#17960);
#17960 = SURFACE_SIDE_STYLE('',(#17961));
#17961 = SURFACE_STYLE_FILL_AREA(#17962);
#17962 = FILL_AREA_STYLE('',(#17963));
#17963 = FILL_AREA_STYLE_COLOUR('',#17786);
#17964 = STYLED_ITEM('color',(#17965),#5972);
#17965 = PRESENTATION_STYLE_ASSIGNMENT((#17966));
#17966 = SURFACE_STYLE_USAGE(.BOTH.,#17967);
#17967 = SURFACE_SIDE_STYLE('',(#17968));
#17968 = SURFACE_STYLE_FILL_AREA(#17969);
#17969 = FILL_AREA_STYLE('',(#17970));
#17970 = FILL_AREA_STYLE_COLOUR('',#17971);
#17971 = COLOUR_RGB('',0.859000020776,0.737999965183,0.495999988746);
#17972 = STYLED_ITEM('color',(#17973),#6005);
#17973 = PRESENTATION_STYLE_ASSIGNMENT((#17974));
#17974 = SURFACE_STYLE_USAGE(.BOTH.,#17975);
#17975 = SURFACE_SIDE_STYLE('',(#17976));
#17976 = SURFACE_STYLE_FILL_AREA(#17977);
#17977 = FILL_AREA_STYLE('',(#17978));
#17978 = FILL_AREA_STYLE_COLOUR('',#17786);
#17979 = STYLED_ITEM('color',(#17980),#6029);
#17980 = PRESENTATION_STYLE_ASSIGNMENT((#17981));
#17981 = SURFACE_STYLE_USAGE(.BOTH.,#17982);
#17982 = SURFACE_SIDE_STYLE('',(#17983));
#17983 = SURFACE_STYLE_FILL_AREA(#17984);
#17984 = FILL_AREA_STYLE('',(#17985));
#17985 = FILL_AREA_STYLE_COLOUR('',#17971);
#17986 = STYLED_ITEM('color',(#17987),#6096);
#17987 = PRESENTATION_STYLE_ASSIGNMENT((#17988));
#17988 = SURFACE_STYLE_USAGE(.BOTH.,#17989);
#17989 = SURFACE_SIDE_STYLE('',(#17990));
#17990 = SURFACE_STYLE_FILL_AREA(#17991);
#17991 = FILL_AREA_STYLE('',(#17992));
#17992 = FILL_AREA_STYLE_COLOUR('',#17786);
#17993 = STYLED_ITEM('color',(#17994),#6217);
#17994 = PRESENTATION_STYLE_ASSIGNMENT((#17995));
#17995 = SURFACE_STYLE_USAGE(.BOTH.,#17996);
#17996 = SURFACE_SIDE_STYLE('',(#17997));
#17997 = SURFACE_STYLE_FILL_AREA(#17998);
#17998 = FILL_AREA_STYLE('',(#17999));
#17999 = FILL_AREA_STYLE_COLOUR('',#17971);
#18000 = STYLED_ITEM('color',(#18001),#6284);
#18001 = PRESENTATION_STYLE_ASSIGNMENT((#18002));
#18002 = SURFACE_STYLE_USAGE(.BOTH.,#18003);
#18003 = SURFACE_SIDE_STYLE('',(#18004));
#18004 = SURFACE_STYLE_FILL_AREA(#18005);
#18005 = FILL_AREA_STYLE('',(#18006));
#18006 = FILL_AREA_STYLE_COLOUR('',#17786);
#18007 = STYLED_ITEM('color',(#18008),#6308);
#18008 = PRESENTATION_STYLE_ASSIGNMENT((#18009));
#18009 = SURFACE_STYLE_USAGE(.BOTH.,#18010);
#18010 = SURFACE_SIDE_STYLE('',(#18011));
#18011 = SURFACE_STYLE_FILL_AREA(#18012);
#18012 = FILL_AREA_STYLE('',(#18013));
#18013 = FILL_AREA_STYLE_COLOUR('',#17786);
#18014 = STYLED_ITEM('color',(#18015),#6339);
#18015 = PRESENTATION_STYLE_ASSIGNMENT((#18016));
#18016 = SURFACE_STYLE_USAGE(.BOTH.,#18017);
#18017 = SURFACE_SIDE_STYLE('',(#18018));
#18018 = SURFACE_STYLE_FILL_AREA(#18019);
#18019 = FILL_AREA_STYLE('',(#18020));
#18020 = FILL_AREA_STYLE_COLOUR('',#17971);
#18021 = STYLED_ITEM('color',(#18022),#6372);
#18022 = PRESENTATION_STYLE_ASSIGNMENT((#18023));
#18023 = SURFACE_STYLE_USAGE(.BOTH.,#18024);
#18024 = SURFACE_SIDE_STYLE('',(#18025));
#18025 = SURFACE_STYLE_FILL_AREA(#18026);
#18026 = FILL_AREA_STYLE('',(#18027));
#18027 = FILL_AREA_STYLE_COLOUR('',#17786);
#18028 = STYLED_ITEM('color',(#18029),#6428);
#18029 = PRESENTATION_STYLE_ASSIGNMENT((#18030));
#18030 = SURFACE_STYLE_USAGE(.BOTH.,#18031);
#18031 = SURFACE_SIDE_STYLE('',(#18032));
#18032 = SURFACE_STYLE_FILL_AREA(#18033);
#18033 = FILL_AREA_STYLE('',(#18034));
#18034 = FILL_AREA_STYLE_COLOUR('',#17971);
#18035 = STYLED_ITEM('color',(#18036),#6452);
#18036 = PRESENTATION_STYLE_ASSIGNMENT((#18037));
#18037 = SURFACE_STYLE_USAGE(.BOTH.,#18038);
#18038 = SURFACE_SIDE_STYLE('',(#18039));
#18039 = SURFACE_STYLE_FILL_AREA(#18040);
#18040 = FILL_AREA_STYLE('',(#18041));
#18041 = FILL_AREA_STYLE_COLOUR('',#17971);
#18042 = STYLED_ITEM('color',(#18043),#6476);
#18043 = PRESENTATION_STYLE_ASSIGNMENT((#18044));
#18044 = SURFACE_STYLE_USAGE(.BOTH.,#18045);
#18045 = SURFACE_SIDE_STYLE('',(#18046));
#18046 = SURFACE_STYLE_FILL_AREA(#18047);
#18047 = FILL_AREA_STYLE('',(#18048));
#18048 = FILL_AREA_STYLE_COLOUR('',#17971);
#18049 = STYLED_ITEM('color',(#18050),#6500);
#18050 = PRESENTATION_STYLE_ASSIGNMENT((#18051));
#18051 = SURFACE_STYLE_USAGE(.BOTH.,#18052);
#18052 = SURFACE_SIDE_STYLE('',(#18053));
#18053 = SURFACE_STYLE_FILL_AREA(#18054);
#18054 = FILL_AREA_STYLE('',(#18055));
#18055 = FILL_AREA_STYLE_COLOUR('',#17971);
#18056 = STYLED_ITEM('color',(#18057),#6533);
#18057 = PRESENTATION_STYLE_ASSIGNMENT((#18058));
#18058 = SURFACE_STYLE_USAGE(.BOTH.,#18059);
#18059 = SURFACE_SIDE_STYLE('',(#18060));
#18060 = SURFACE_STYLE_FILL_AREA(#18061);
#18061 = FILL_AREA_STYLE('',(#18062));
#18062 = FILL_AREA_STYLE_COLOUR('',#17971);
#18063 = STYLED_ITEM('color',(#18064),#6545);
#18064 = PRESENTATION_STYLE_ASSIGNMENT((#18065));
#18065 = SURFACE_STYLE_USAGE(.BOTH.,#18066);
#18066 = SURFACE_SIDE_STYLE('',(#18067));
#18067 = SURFACE_STYLE_FILL_AREA(#18068);
#18068 = FILL_AREA_STYLE('',(#18069));
#18069 = FILL_AREA_STYLE_COLOUR('',#17971);
#18070 = STYLED_ITEM('color',(#18071),#6608);
#18071 = PRESENTATION_STYLE_ASSIGNMENT((#18072));
#18072 = SURFACE_STYLE_USAGE(.BOTH.,#18073);
#18073 = SURFACE_SIDE_STYLE('',(#18074));
#18074 = SURFACE_STYLE_FILL_AREA(#18075);
#18075 = FILL_AREA_STYLE('',(#18076));
#18076 = FILL_AREA_STYLE_COLOUR('',#17971);
#18077 = STYLED_ITEM('color',(#18078),#6633);
#18078 = PRESENTATION_STYLE_ASSIGNMENT((#18079));
#18079 = SURFACE_STYLE_USAGE(.BOTH.,#18080);
#18080 = SURFACE_SIDE_STYLE('',(#18081));
#18081 = SURFACE_STYLE_FILL_AREA(#18082);
#18082 = FILL_AREA_STYLE('',(#18083));
#18083 = FILL_AREA_STYLE_COLOUR('',#17971);
#18084 = STYLED_ITEM('color',(#18085),#6650);
#18085 = PRESENTATION_STYLE_ASSIGNMENT((#18086));
#18086 = SURFACE_STYLE_USAGE(.BOTH.,#18087);
#18087 = SURFACE_SIDE_STYLE('',(#18088));
#18088 = SURFACE_STYLE_FILL_AREA(#18089);
#18089 = FILL_AREA_STYLE('',(#18090));
#18090 = FILL_AREA_STYLE_COLOUR('',#17971);
#18091 = STYLED_ITEM('color',(#18092),#6674);
#18092 = PRESENTATION_STYLE_ASSIGNMENT((#18093));
#18093 = SURFACE_STYLE_USAGE(.BOTH.,#18094);
#18094 = SURFACE_SIDE_STYLE('',(#18095));
#18095 = SURFACE_STYLE_FILL_AREA(#18096);
#18096 = FILL_AREA_STYLE('',(#18097));
#18097 = FILL_AREA_STYLE_COLOUR('',#17971);
#18098 = STYLED_ITEM('color',(#18099),#6692);
#18099 = PRESENTATION_STYLE_ASSIGNMENT((#18100));
#18100 = SURFACE_STYLE_USAGE(.BOTH.,#18101);
#18101 = SURFACE_SIDE_STYLE('',(#18102));
#18102 = SURFACE_STYLE_FILL_AREA(#18103);
#18103 = FILL_AREA_STYLE('',(#18104));
#18104 = FILL_AREA_STYLE_COLOUR('',#17971);
#18105 = STYLED_ITEM('color',(#18106),#6710);
#18106 = PRESENTATION_STYLE_ASSIGNMENT((#18107));
#18107 = SURFACE_STYLE_USAGE(.BOTH.,#18108);
#18108 = SURFACE_SIDE_STYLE('',(#18109));
#18109 = SURFACE_STYLE_FILL_AREA(#18110);
#18110 = FILL_AREA_STYLE('',(#18111));
#18111 = FILL_AREA_STYLE_COLOUR('',#17971);
#18112 = STYLED_ITEM('color',(#18113),#6728);
#18113 = PRESENTATION_STYLE_ASSIGNMENT((#18114));
#18114 = SURFACE_STYLE_USAGE(.BOTH.,#18115);
#18115 = SURFACE_SIDE_STYLE('',(#18116));
#18116 = SURFACE_STYLE_FILL_AREA(#18117);
#18117 = FILL_AREA_STYLE('',(#18118));
#18118 = FILL_AREA_STYLE_COLOUR('',#17971);
#18119 = STYLED_ITEM('color',(#18120),#6745);
#18120 = PRESENTATION_STYLE_ASSIGNMENT((#18121));
#18121 = SURFACE_STYLE_USAGE(.BOTH.,#18122);
#18122 = SURFACE_SIDE_STYLE('',(#18123));
#18123 = SURFACE_STYLE_FILL_AREA(#18124);
#18124 = FILL_AREA_STYLE('',(#18125));
#18125 = FILL_AREA_STYLE_COLOUR('',#17971);
#18126 = STYLED_ITEM('color',(#18127),#6762);
#18127 = PRESENTATION_STYLE_ASSIGNMENT((#18128));
#18128 = SURFACE_STYLE_USAGE(.BOTH.,#18129);
#18129 = SURFACE_SIDE_STYLE('',(#18130));
#18130 = SURFACE_STYLE_FILL_AREA(#18131);
#18131 = FILL_AREA_STYLE('',(#18132));
#18132 = FILL_AREA_STYLE_COLOUR('',#17971);
#18133 = STYLED_ITEM('color',(#18134),#6793);
#18134 = PRESENTATION_STYLE_ASSIGNMENT((#18135));
#18135 = SURFACE_STYLE_USAGE(.BOTH.,#18136);
#18136 = SURFACE_SIDE_STYLE('',(#18137));
#18137 = SURFACE_STYLE_FILL_AREA(#18138);
#18138 = FILL_AREA_STYLE('',(#18139));
#18139 = FILL_AREA_STYLE_COLOUR('',#17971);
#18140 = STYLED_ITEM('color',(#18141),#6818);
#18141 = PRESENTATION_STYLE_ASSIGNMENT((#18142));
#18142 = SURFACE_STYLE_USAGE(.BOTH.,#18143);
#18143 = SURFACE_SIDE_STYLE('',(#18144));
#18144 = SURFACE_STYLE_FILL_AREA(#18145);
#18145 = FILL_AREA_STYLE('',(#18146));
#18146 = FILL_AREA_STYLE_COLOUR('',#17971);
#18147 = STYLED_ITEM('color',(#18148),#6843);
#18148 = PRESENTATION_STYLE_ASSIGNMENT((#18149));
#18149 = SURFACE_STYLE_USAGE(.BOTH.,#18150);
#18150 = SURFACE_SIDE_STYLE('',(#18151));
#18151 = SURFACE_STYLE_FILL_AREA(#18152);
#18152 = FILL_AREA_STYLE('',(#18153));
#18153 = FILL_AREA_STYLE_COLOUR('',#17971);
#18154 = STYLED_ITEM('color',(#18155),#6867);
#18155 = PRESENTATION_STYLE_ASSIGNMENT((#18156));
#18156 = SURFACE_STYLE_USAGE(.BOTH.,#18157);
#18157 = SURFACE_SIDE_STYLE('',(#18158));
#18158 = SURFACE_STYLE_FILL_AREA(#18159);
#18159 = FILL_AREA_STYLE('',(#18160));
#18160 = FILL_AREA_STYLE_COLOUR('',#17971);
#18161 = STYLED_ITEM('color',(#18162),#6884);
#18162 = PRESENTATION_STYLE_ASSIGNMENT((#18163));
#18163 = SURFACE_STYLE_USAGE(.BOTH.,#18164);
#18164 = SURFACE_SIDE_STYLE('',(#18165));
#18165 = SURFACE_STYLE_FILL_AREA(#18166);
#18166 = FILL_AREA_STYLE('',(#18167));
#18167 = FILL_AREA_STYLE_COLOUR('',#18168);
#18168 = COLOUR_RGB('',0.340000006699,0.68000001254,0.444999988852);
#18169 = STYLED_ITEM('color',(#18170),#6915);
#18170 = PRESENTATION_STYLE_ASSIGNMENT((#18171));
#18171 = SURFACE_STYLE_USAGE(.BOTH.,#18172);
#18172 = SURFACE_SIDE_STYLE('',(#18173));
#18173 = SURFACE_STYLE_FILL_AREA(#18174);
#18174 = FILL_AREA_STYLE('',(#18175));
#18175 = FILL_AREA_STYLE_COLOUR('',#18168);
#18176 = STYLED_ITEM('color',(#18177),#6939);
#18177 = PRESENTATION_STYLE_ASSIGNMENT((#18178));
#18178 = SURFACE_STYLE_USAGE(.BOTH.,#18179);
#18179 = SURFACE_SIDE_STYLE('',(#18180));
#18180 = SURFACE_STYLE_FILL_AREA(#18181);
#18181 = FILL_AREA_STYLE('',(#18182));
#18182 = FILL_AREA_STYLE_COLOUR('',#18168);
#18183 = STYLED_ITEM('color',(#18184),#6956);
#18184 = PRESENTATION_STYLE_ASSIGNMENT((#18185));
#18185 = SURFACE_STYLE_USAGE(.BOTH.,#18186);
#18186 = SURFACE_SIDE_STYLE('',(#18187));
#18187 = SURFACE_STYLE_FILL_AREA(#18188);
#18188 = FILL_AREA_STYLE('',(#18189));
#18189 = FILL_AREA_STYLE_COLOUR('',#17971);
#18190 = STYLED_ITEM('color',(#18191),#6984);
#18191 = PRESENTATION_STYLE_ASSIGNMENT((#18192));
#18192 = SURFACE_STYLE_USAGE(.BOTH.,#18193);
#18193 = SURFACE_SIDE_STYLE('',(#18194));
#18194 = SURFACE_STYLE_FILL_AREA(#18195);
#18195 = FILL_AREA_STYLE('',(#18196));
#18196 = FILL_AREA_STYLE_COLOUR('',#17971);
#18197 = STYLED_ITEM('color',(#18198),#7009);
#18198 = PRESENTATION_STYLE_ASSIGNMENT((#18199));
#18199 = SURFACE_STYLE_USAGE(.BOTH.,#18200);
#18200 = SURFACE_SIDE_STYLE('',(#18201));
#18201 = SURFACE_STYLE_FILL_AREA(#18202);
#18202 = FILL_AREA_STYLE('',(#18203));
#18203 = FILL_AREA_STYLE_COLOUR('',#17971);
#18204 = STYLED_ITEM('color',(#18205),#7033);
#18205 = PRESENTATION_STYLE_ASSIGNMENT((#18206));
#18206 = SURFACE_STYLE_USAGE(.BOTH.,#18207);
#18207 = SURFACE_SIDE_STYLE('',(#18208));
#18208 = SURFACE_STYLE_FILL_AREA(#18209);
#18209 = FILL_AREA_STYLE('',(#18210));
#18210 = FILL_AREA_STYLE_COLOUR('',#17971);
#18211 = STYLED_ITEM('color',(#18212),#7058);
#18212 = PRESENTATION_STYLE_ASSIGNMENT((#18213));
#18213 = SURFACE_STYLE_USAGE(.BOTH.,#18214);
#18214 = SURFACE_SIDE_STYLE('',(#18215));
#18215 = SURFACE_STYLE_FILL_AREA(#18216);
#18216 = FILL_AREA_STYLE('',(#18217));
#18217 = FILL_AREA_STYLE_COLOUR('',#17971);
#18218 = STYLED_ITEM('color',(#18219),#7105);
#18219 = PRESENTATION_STYLE_ASSIGNMENT((#18220));
#18220 = SURFACE_STYLE_USAGE(.BOTH.,#18221);
#18221 = SURFACE_SIDE_STYLE('',(#18222));
#18222 = SURFACE_STYLE_FILL_AREA(#18223);
#18223 = FILL_AREA_STYLE('',(#18224));
#18224 = FILL_AREA_STYLE_COLOUR('',#17971);
#18225 = STYLED_ITEM('color',(#18226),#7122);
#18226 = PRESENTATION_STYLE_ASSIGNMENT((#18227));
#18227 = SURFACE_STYLE_USAGE(.BOTH.,#18228);
#18228 = SURFACE_SIDE_STYLE('',(#18229));
#18229 = SURFACE_STYLE_FILL_AREA(#18230);
#18230 = FILL_AREA_STYLE('',(#18231));
#18231 = FILL_AREA_STYLE_COLOUR('',#17971);
#18232 = STYLED_ITEM('color',(#18233),#7134);
#18233 = PRESENTATION_STYLE_ASSIGNMENT((#18234));
#18234 = SURFACE_STYLE_USAGE(.BOTH.,#18235);
#18235 = SURFACE_SIDE_STYLE('',(#18236));
#18236 = SURFACE_STYLE_FILL_AREA(#18237);
#18237 = FILL_AREA_STYLE('',(#18238));
#18238 = FILL_AREA_STYLE_COLOUR('',#17971);
#18239 = STYLED_ITEM('color',(#18240),#7156);
#18240 = PRESENTATION_STYLE_ASSIGNMENT((#18241));
#18241 = SURFACE_STYLE_USAGE(.BOTH.,#18242);
#18242 = SURFACE_SIDE_STYLE('',(#18243));
#18243 = SURFACE_STYLE_FILL_AREA(#18244);
#18244 = FILL_AREA_STYLE('',(#18245));
#18245 = FILL_AREA_STYLE_COLOUR('',#17971);
#18246 = STYLED_ITEM('color',(#18247),#7168);
#18247 = PRESENTATION_STYLE_ASSIGNMENT((#18248));
#18248 = SURFACE_STYLE_USAGE(.BOTH.,#18249);
#18249 = SURFACE_SIDE_STYLE('',(#18250));
#18250 = SURFACE_STYLE_FILL_AREA(#18251);
#18251 = FILL_AREA_STYLE('',(#18252));
#18252 = FILL_AREA_STYLE_COLOUR('',#17971);
#18253 = STYLED_ITEM('color',(#18254),#7186);
#18254 = PRESENTATION_STYLE_ASSIGNMENT((#18255));
#18255 = SURFACE_STYLE_USAGE(.BOTH.,#18256);
#18256 = SURFACE_SIDE_STYLE('',(#18257));
#18257 = SURFACE_STYLE_FILL_AREA(#18258);
#18258 = FILL_AREA_STYLE('',(#18259));
#18259 = FILL_AREA_STYLE_COLOUR('',#17971);
#18260 = STYLED_ITEM('color',(#18261),#7204);
#18261 = PRESENTATION_STYLE_ASSIGNMENT((#18262));
#18262 = SURFACE_STYLE_USAGE(.BOTH.,#18263);
#18263 = SURFACE_SIDE_STYLE('',(#18264));
#18264 = SURFACE_STYLE_FILL_AREA(#18265);
#18265 = FILL_AREA_STYLE('',(#18266));
#18266 = FILL_AREA_STYLE_COLOUR('',#18168);
#18267 = MECHANICAL_DESIGN_GEOMETRIC_PRESENTATION_REPRESENTATION('',(
    #18268,#18275,#18282,#18289,#18296,#18303,#18310,#18317,#18324,
    #18331,#18338,#18346,#18353,#18360,#18367,#18374,#18381,#18388,
    #18395,#18402,#18409,#18416,#18423,#18430,#18437,#18444,#18451,
    #18458),#10813);
#18268 = STYLED_ITEM('color',(#18269),#9961);
#18269 = PRESENTATION_STYLE_ASSIGNMENT((#18270));
#18270 = SURFACE_STYLE_USAGE(.BOTH.,#18271);
#18271 = SURFACE_SIDE_STYLE('',(#18272));
#18272 = SURFACE_STYLE_FILL_AREA(#18273);
#18273 = FILL_AREA_STYLE('',(#18274));
#18274 = FILL_AREA_STYLE_COLOUR('',#17736);
#18275 = STYLED_ITEM('color',(#18276),#10037);
#18276 = PRESENTATION_STYLE_ASSIGNMENT((#18277));
#18277 = SURFACE_STYLE_USAGE(.BOTH.,#18278);
#18278 = SURFACE_SIDE_STYLE('',(#18279));
#18279 = SURFACE_STYLE_FILL_AREA(#18280);
#18280 = FILL_AREA_STYLE('',(#18281));
#18281 = FILL_AREA_STYLE_COLOUR('',#17736);
#18282 = STYLED_ITEM('color',(#18283),#10068);
#18283 = PRESENTATION_STYLE_ASSIGNMENT((#18284));
#18284 = SURFACE_STYLE_USAGE(.BOTH.,#18285);
#18285 = SURFACE_SIDE_STYLE('',(#18286));
#18286 = SURFACE_STYLE_FILL_AREA(#18287);
#18287 = FILL_AREA_STYLE('',(#18288));
#18288 = FILL_AREA_STYLE_COLOUR('',#17736);
#18289 = STYLED_ITEM('color',(#18290),#10093);
#18290 = PRESENTATION_STYLE_ASSIGNMENT((#18291));
#18291 = SURFACE_STYLE_USAGE(.BOTH.,#18292);
#18292 = SURFACE_SIDE_STYLE('',(#18293));
#18293 = SURFACE_STYLE_FILL_AREA(#18294);
#18294 = FILL_AREA_STYLE('',(#18295));
#18295 = FILL_AREA_STYLE_COLOUR('',#17736);
#18296 = STYLED_ITEM('color',(#18297),#10118);
#18297 = PRESENTATION_STYLE_ASSIGNMENT((#18298));
#18298 = SURFACE_STYLE_USAGE(.BOTH.,#18299);
#18299 = SURFACE_SIDE_STYLE('',(#18300));
#18300 = SURFACE_STYLE_FILL_AREA(#18301);
#18301 = FILL_AREA_STYLE('',(#18302));
#18302 = FILL_AREA_STYLE_COLOUR('',#17736);
#18303 = STYLED_ITEM('color',(#18304),#10142);
#18304 = PRESENTATION_STYLE_ASSIGNMENT((#18305));
#18305 = SURFACE_STYLE_USAGE(.BOTH.,#18306);
#18306 = SURFACE_SIDE_STYLE('',(#18307));
#18307 = SURFACE_STYLE_FILL_AREA(#18308);
#18308 = FILL_AREA_STYLE('',(#18309));
#18309 = FILL_AREA_STYLE_COLOUR('',#17736);
#18310 = STYLED_ITEM('color',(#18311),#10166);
#18311 = PRESENTATION_STYLE_ASSIGNMENT((#18312));
#18312 = SURFACE_STYLE_USAGE(.BOTH.,#18313);
#18313 = SURFACE_SIDE_STYLE('',(#18314));
#18314 = SURFACE_STYLE_FILL_AREA(#18315);
#18315 = FILL_AREA_STYLE('',(#18316));
#18316 = FILL_AREA_STYLE_COLOUR('',#17736);
#18317 = STYLED_ITEM('color',(#18318),#10191);
#18318 = PRESENTATION_STYLE_ASSIGNMENT((#18319));
#18319 = SURFACE_STYLE_USAGE(.BOTH.,#18320);
#18320 = SURFACE_SIDE_STYLE('',(#18321));
#18321 = SURFACE_STYLE_FILL_AREA(#18322);
#18322 = FILL_AREA_STYLE('',(#18323));
#18323 = FILL_AREA_STYLE_COLOUR('',#17736);
#18324 = STYLED_ITEM('color',(#18325),#10216);
#18325 = PRESENTATION_STYLE_ASSIGNMENT((#18326));
#18326 = SURFACE_STYLE_USAGE(.BOTH.,#18327);
#18327 = SURFACE_SIDE_STYLE('',(#18328));
#18328 = SURFACE_STYLE_FILL_AREA(#18329);
#18329 = FILL_AREA_STYLE('',(#18330));
#18330 = FILL_AREA_STYLE_COLOUR('',#17736);
#18331 = STYLED_ITEM('color',(#18332),#10233);
#18332 = PRESENTATION_STYLE_ASSIGNMENT((#18333));
#18333 = SURFACE_STYLE_USAGE(.BOTH.,#18334);
#18334 = SURFACE_SIDE_STYLE('',(#18335));
#18335 = SURFACE_STYLE_FILL_AREA(#18336);
#18336 = FILL_AREA_STYLE('',(#18337));
#18337 = FILL_AREA_STYLE_COLOUR('',#17736);
#18338 = STYLED_ITEM('color',(#18339),#10319);
#18339 = PRESENTATION_STYLE_ASSIGNMENT((#18340));
#18340 = SURFACE_STYLE_USAGE(.BOTH.,#18341);
#18341 = SURFACE_SIDE_STYLE('',(#18342));
#18342 = SURFACE_STYLE_FILL_AREA(#18343);
#18343 = FILL_AREA_STYLE('',(#18344));
#18344 = FILL_AREA_STYLE_COLOUR('',#18345);
#18345 = COLOUR_RGB('',0.379000005575,0.270000008848,0.214999999939);
#18346 = STYLED_ITEM('color',(#18347),#10351);
#18347 = PRESENTATION_STYLE_ASSIGNMENT((#18348));
#18348 = SURFACE_STYLE_USAGE(.BOTH.,#18349);
#18349 = SURFACE_SIDE_STYLE('',(#18350));
#18350 = SURFACE_STYLE_FILL_AREA(#18351);
#18351 = FILL_AREA_STYLE('',(#18352));
#18352 = FILL_AREA_STYLE_COLOUR('',#18345);
#18353 = STYLED_ITEM('color',(#18354),#10375);
#18354 = PRESENTATION_STYLE_ASSIGNMENT((#18355));
#18355 = SURFACE_STYLE_USAGE(.BOTH.,#18356);
#18356 = SURFACE_SIDE_STYLE('',(#18357));
#18357 = SURFACE_STYLE_FILL_AREA(#18358);
#18358 = FILL_AREA_STYLE('',(#18359));
#18359 = FILL_AREA_STYLE_COLOUR('',#18345);
#18360 = STYLED_ITEM('color',(#18361),#10400);
#18361 = PRESENTATION_STYLE_ASSIGNMENT((#18362));
#18362 = SURFACE_STYLE_USAGE(.BOTH.,#18363);
#18363 = SURFACE_SIDE_STYLE('',(#18364));
#18364 = SURFACE_STYLE_FILL_AREA(#18365);
#18365 = FILL_AREA_STYLE('',(#18366));
#18366 = FILL_AREA_STYLE_COLOUR('',#18345);
#18367 = STYLED_ITEM('color',(#18368),#10424);
#18368 = PRESENTATION_STYLE_ASSIGNMENT((#18369));
#18369 = SURFACE_STYLE_USAGE(.BOTH.,#18370);
#18370 = SURFACE_SIDE_STYLE('',(#18371));
#18371 = SURFACE_STYLE_FILL_AREA(#18372);
#18372 = FILL_AREA_STYLE('',(#18373));
#18373 = FILL_AREA_STYLE_COLOUR('',#18345);
#18374 = STYLED_ITEM('color',(#18375),#10449);
#18375 = PRESENTATION_STYLE_ASSIGNMENT((#18376));
#18376 = SURFACE_STYLE_USAGE(.BOTH.,#18377);
#18377 = SURFACE_SIDE_STYLE('',(#18378));
#18378 = SURFACE_STYLE_FILL_AREA(#18379);
#18379 = FILL_AREA_STYLE('',(#18380));
#18380 = FILL_AREA_STYLE_COLOUR('',#18345);
#18381 = STYLED_ITEM('color',(#18382),#10473);
#18382 = PRESENTATION_STYLE_ASSIGNMENT((#18383));
#18383 = SURFACE_STYLE_USAGE(.BOTH.,#18384);
#18384 = SURFACE_SIDE_STYLE('',(#18385));
#18385 = SURFACE_STYLE_FILL_AREA(#18386);
#18386 = FILL_AREA_STYLE('',(#18387));
#18387 = FILL_AREA_STYLE_COLOUR('',#18345);
#18388 = STYLED_ITEM('color',(#18389),#10498);
#18389 = PRESENTATION_STYLE_ASSIGNMENT((#18390));
#18390 = SURFACE_STYLE_USAGE(.BOTH.,#18391);
#18391 = SURFACE_SIDE_STYLE('',(#18392));
#18392 = SURFACE_STYLE_FILL_AREA(#18393);
#18393 = FILL_AREA_STYLE('',(#18394));
#18394 = FILL_AREA_STYLE_COLOUR('',#18345);
#18395 = STYLED_ITEM('color',(#18396),#10515);
#18396 = PRESENTATION_STYLE_ASSIGNMENT((#18397));
#18397 = SURFACE_STYLE_USAGE(.BOTH.,#18398);
#18398 = SURFACE_SIDE_STYLE('',(#18399));
#18399 = SURFACE_STYLE_FILL_AREA(#18400);
#18400 = FILL_AREA_STYLE('',(#18401));
#18401 = FILL_AREA_STYLE_COLOUR('',#17736);
#18402 = STYLED_ITEM('color',(#18403),#10601);
#18403 = PRESENTATION_STYLE_ASSIGNMENT((#18404));
#18404 = SURFACE_STYLE_USAGE(.BOTH.,#18405);
#18405 = SURFACE_SIDE_STYLE('',(#18406));
#18406 = SURFACE_STYLE_FILL_AREA(#18407);
#18407 = FILL_AREA_STYLE('',(#18408));
#18408 = FILL_AREA_STYLE_COLOUR('',#17736);
#18409 = STYLED_ITEM('color',(#18410),#10632);
#18410 = PRESENTATION_STYLE_ASSIGNMENT((#18411));
#18411 = SURFACE_STYLE_USAGE(.BOTH.,#18412);
#18412 = SURFACE_SIDE_STYLE('',(#18413));
#18413 = SURFACE_STYLE_FILL_AREA(#18414);
#18414 = FILL_AREA_STYLE('',(#18415));
#18415 = FILL_AREA_STYLE_COLOUR('',#17736);
#18416 = STYLED_ITEM('color',(#18417),#10657);
#18417 = PRESENTATION_STYLE_ASSIGNMENT((#18418));
#18418 = SURFACE_STYLE_USAGE(.BOTH.,#18419);
#18419 = SURFACE_SIDE_STYLE('',(#18420));
#18420 = SURFACE_STYLE_FILL_AREA(#18421);
#18421 = FILL_AREA_STYLE('',(#18422));
#18422 = FILL_AREA_STYLE_COLOUR('',#17736);
#18423 = STYLED_ITEM('color',(#18424),#10682);
#18424 = PRESENTATION_STYLE_ASSIGNMENT((#18425));
#18425 = SURFACE_STYLE_USAGE(.BOTH.,#18426);
#18426 = SURFACE_SIDE_STYLE('',(#18427));
#18427 = SURFACE_STYLE_FILL_AREA(#18428);
#18428 = FILL_AREA_STYLE('',(#18429));
#18429 = FILL_AREA_STYLE_COLOUR('',#17736);
#18430 = STYLED_ITEM('color',(#18431),#10706);
#18431 = PRESENTATION_STYLE_ASSIGNMENT((#18432));
#18432 = SURFACE_STYLE_USAGE(.BOTH.,#18433);
#18433 = SURFACE_SIDE_STYLE('',(#18434));
#18434 = SURFACE_STYLE_FILL_AREA(#18435);
#18435 = FILL_AREA_STYLE('',(#18436));
#18436 = FILL_AREA_STYLE_COLOUR('',#17736);
#18437 = STYLED_ITEM('color',(#18438),#10730);
#18438 = PRESENTATION_STYLE_ASSIGNMENT((#18439));
#18439 = SURFACE_STYLE_USAGE(.BOTH.,#18440);
#18440 = SURFACE_SIDE_STYLE('',(#18441));
#18441 = SURFACE_STYLE_FILL_AREA(#18442);
#18442 = FILL_AREA_STYLE('',(#18443));
#18443 = FILL_AREA_STYLE_COLOUR('',#17736);
#18444 = STYLED_ITEM('color',(#18445),#10755);
#18445 = PRESENTATION_STYLE_ASSIGNMENT((#18446));
#18446 = SURFACE_STYLE_USAGE(.BOTH.,#18447);
#18447 = SURFACE_SIDE_STYLE('',(#18448));
#18448 = SURFACE_STYLE_FILL_AREA(#18449);
#18449 = FILL_AREA_STYLE('',(#18450));
#18450 = FILL_AREA_STYLE_COLOUR('',#17736);
#18451 = STYLED_ITEM('color',(#18452),#10780);
#18452 = PRESENTATION_STYLE_ASSIGNMENT((#18453));
#18453 = SURFACE_STYLE_USAGE(.BOTH.,#18454);
#18454 = SURFACE_SIDE_STYLE('',(#18455));
#18455 = SURFACE_STYLE_FILL_AREA(#18456);
#18456 = FILL_AREA_STYLE('',(#18457));
#18457 = FILL_AREA_STYLE_COLOUR('',#17736);
#18458 = STYLED_ITEM('color',(#18459),#10797);
#18459 = PRESENTATION_STYLE_ASSIGNMENT((#18460));
#18460 = SURFACE_STYLE_USAGE(.BOTH.,#18461);
#18461 = SURFACE_SIDE_STYLE('',(#18462));
#18462 = SURFACE_STYLE_FILL_AREA(#18463);
#18463 = FILL_AREA_STYLE('',(#18464));
#18464 = FILL_AREA_STYLE_COLOUR('',#17736);
#18465 = MECHANICAL_DESIGN_GEOMETRIC_PRESENTATION_REPRESENTATION('',(
    #18466,#18476,#18485,#18494,#18503,#18512,#18521,#18530,#18539,
    #18548,#18557,#18566,#18575,#18584,#18593,#18602,#18611,#18620,
    #18629,#18638,#18647,#18656,#18665,#18674,#18683,#18692,#18701,
    #18710,#18719,#18728,#18737,#18746,#18755,#18764,#18773,#18782,
    #18791,#18800,#18809,#18818,#18827,#18836,#18845,#18854,#18863,
    #18872,#18881,#18890,#18899,#18908,#18917,#18926,#18935,#18944,
    #18953,#18962,#18971,#18980,#18989,#18998,#19007,#19016,#19025,
    #19034,#19043,#19052,#19061,#19070,#19079),#12814);
#18466 = STYLED_ITEM('color',(#18467),#10834);
#18467 = PRESENTATION_STYLE_ASSIGNMENT((#18468,#18474));
#18468 = SURFACE_STYLE_USAGE(.BOTH.,#18469);
#18469 = SURFACE_SIDE_STYLE('',(#18470));
#18470 = SURFACE_STYLE_FILL_AREA(#18471);
#18471 = FILL_AREA_STYLE('',(#18472));
#18472 = FILL_AREA_STYLE_COLOUR('',#18473);
#18473 = COLOUR_RGB('',0.147999998088,0.145000001626,0.145000001626);
#18474 = CURVE_STYLE('',#18475,POSITIVE_LENGTH_MEASURE(0.1),#18473);
#18475 = DRAUGHTING_PRE_DEFINED_CURVE_FONT('continuous');
#18476 = STYLED_ITEM('color',(#18477),#10872);
#18477 = PRESENTATION_STYLE_ASSIGNMENT((#18478,#18483));
#18478 = SURFACE_STYLE_USAGE(.BOTH.,#18479);
#18479 = SURFACE_SIDE_STYLE('',(#18480));
#18480 = SURFACE_STYLE_FILL_AREA(#18481);
#18481 = FILL_AREA_STYLE('',(#18482));
#18482 = FILL_AREA_STYLE_COLOUR('',#18473);
#18483 = CURVE_STYLE('',#18484,POSITIVE_LENGTH_MEASURE(0.1),#18473);
#18484 = DRAUGHTING_PRE_DEFINED_CURVE_FONT('continuous');
#18485 = STYLED_ITEM('color',(#18486),#10935);
#18486 = PRESENTATION_STYLE_ASSIGNMENT((#18487,#18492));
#18487 = SURFACE_STYLE_USAGE(.BOTH.,#18488);
#18488 = SURFACE_SIDE_STYLE('',(#18489));
#18489 = SURFACE_STYLE_FILL_AREA(#18490);
#18490 = FILL_AREA_STYLE('',(#18491));
#18491 = FILL_AREA_STYLE_COLOUR('',#18473);
#18492 = CURVE_STYLE('',#18493,POSITIVE_LENGTH_MEASURE(0.1),#18473);
#18493 = DRAUGHTING_PRE_DEFINED_CURVE_FONT('continuous');
#18494 = STYLED_ITEM('color',(#18495),#10958);
#18495 = PRESENTATION_STYLE_ASSIGNMENT((#18496,#18501));
#18496 = SURFACE_STYLE_USAGE(.BOTH.,#18497);
#18497 = SURFACE_SIDE_STYLE('',(#18498));
#18498 = SURFACE_STYLE_FILL_AREA(#18499);
#18499 = FILL_AREA_STYLE('',(#18500));
#18500 = FILL_AREA_STYLE_COLOUR('',#18473);
#18501 = CURVE_STYLE('',#18502,POSITIVE_LENGTH_MEASURE(0.1),#18473);
#18502 = DRAUGHTING_PRE_DEFINED_CURVE_FONT('continuous');
#18503 = STYLED_ITEM('color',(#18504),#10987);
#18504 = PRESENTATION_STYLE_ASSIGNMENT((#18505,#18510));
#18505 = SURFACE_STYLE_USAGE(.BOTH.,#18506);
#18506 = SURFACE_SIDE_STYLE('',(#18507));
#18507 = SURFACE_STYLE_FILL_AREA(#18508);
#18508 = FILL_AREA_STYLE('',(#18509));
#18509 = FILL_AREA_STYLE_COLOUR('',#18473);
#18510 = CURVE_STYLE('',#18511,POSITIVE_LENGTH_MEASURE(0.1),#18473);
#18511 = DRAUGHTING_PRE_DEFINED_CURVE_FONT('continuous');
#18512 = STYLED_ITEM('color',(#18513),#11010);
#18513 = PRESENTATION_STYLE_ASSIGNMENT((#18514,#18519));
#18514 = SURFACE_STYLE_USAGE(.BOTH.,#18515);
#18515 = SURFACE_SIDE_STYLE('',(#18516));
#18516 = SURFACE_STYLE_FILL_AREA(#18517);
#18517 = FILL_AREA_STYLE('',(#18518));
#18518 = FILL_AREA_STYLE_COLOUR('',#18473);
#18519 = CURVE_STYLE('',#18520,POSITIVE_LENGTH_MEASURE(0.1),#18473);
#18520 = DRAUGHTING_PRE_DEFINED_CURVE_FONT('continuous');
#18521 = STYLED_ITEM('color',(#18522),#11065);
#18522 = PRESENTATION_STYLE_ASSIGNMENT((#18523,#18528));
#18523 = SURFACE_STYLE_USAGE(.BOTH.,#18524);
#18524 = SURFACE_SIDE_STYLE('',(#18525));
#18525 = SURFACE_STYLE_FILL_AREA(#18526);
#18526 = FILL_AREA_STYLE('',(#18527));
#18527 = FILL_AREA_STYLE_COLOUR('',#18473);
#18528 = CURVE_STYLE('',#18529,POSITIVE_LENGTH_MEASURE(0.1),#18473);
#18529 = DRAUGHTING_PRE_DEFINED_CURVE_FONT('continuous');
#18530 = STYLED_ITEM('color',(#18531),#11104);
#18531 = PRESENTATION_STYLE_ASSIGNMENT((#18532,#18537));
#18532 = SURFACE_STYLE_USAGE(.BOTH.,#18533);
#18533 = SURFACE_SIDE_STYLE('',(#18534));
#18534 = SURFACE_STYLE_FILL_AREA(#18535);
#18535 = FILL_AREA_STYLE('',(#18536));
#18536 = FILL_AREA_STYLE_COLOUR('',#18473);
#18537 = CURVE_STYLE('',#18538,POSITIVE_LENGTH_MEASURE(0.1),#18473);
#18538 = DRAUGHTING_PRE_DEFINED_CURVE_FONT('continuous');
#18539 = STYLED_ITEM('color',(#18540),#11127);
#18540 = PRESENTATION_STYLE_ASSIGNMENT((#18541,#18546));
#18541 = SURFACE_STYLE_USAGE(.BOTH.,#18542);
#18542 = SURFACE_SIDE_STYLE('',(#18543));
#18543 = SURFACE_STYLE_FILL_AREA(#18544);
#18544 = FILL_AREA_STYLE('',(#18545));
#18545 = FILL_AREA_STYLE_COLOUR('',#18473);
#18546 = CURVE_STYLE('',#18547,POSITIVE_LENGTH_MEASURE(0.1),#18473);
#18547 = DRAUGHTING_PRE_DEFINED_CURVE_FONT('continuous');
#18548 = STYLED_ITEM('color',(#18549),#11150);
#18549 = PRESENTATION_STYLE_ASSIGNMENT((#18550,#18555));
#18550 = SURFACE_STYLE_USAGE(.BOTH.,#18551);
#18551 = SURFACE_SIDE_STYLE('',(#18552));
#18552 = SURFACE_STYLE_FILL_AREA(#18553);
#18553 = FILL_AREA_STYLE('',(#18554));
#18554 = FILL_AREA_STYLE_COLOUR('',#18473);
#18555 = CURVE_STYLE('',#18556,POSITIVE_LENGTH_MEASURE(0.1),#18473);
#18556 = DRAUGHTING_PRE_DEFINED_CURVE_FONT('continuous');
#18557 = STYLED_ITEM('color',(#18558),#11167);
#18558 = PRESENTATION_STYLE_ASSIGNMENT((#18559,#18564));
#18559 = SURFACE_STYLE_USAGE(.BOTH.,#18560);
#18560 = SURFACE_SIDE_STYLE('',(#18561));
#18561 = SURFACE_STYLE_FILL_AREA(#18562);
#18562 = FILL_AREA_STYLE('',(#18563));
#18563 = FILL_AREA_STYLE_COLOUR('',#18473);
#18564 = CURVE_STYLE('',#18565,POSITIVE_LENGTH_MEASURE(0.1),#18473);
#18565 = DRAUGHTING_PRE_DEFINED_CURVE_FONT('continuous');
#18566 = STYLED_ITEM('color',(#18567),#11190);
#18567 = PRESENTATION_STYLE_ASSIGNMENT((#18568,#18573));
#18568 = SURFACE_STYLE_USAGE(.BOTH.,#18569);
#18569 = SURFACE_SIDE_STYLE('',(#18570));
#18570 = SURFACE_STYLE_FILL_AREA(#18571);
#18571 = FILL_AREA_STYLE('',(#18572));
#18572 = FILL_AREA_STYLE_COLOUR('',#18473);
#18573 = CURVE_STYLE('',#18574,POSITIVE_LENGTH_MEASURE(0.1),#18473);
#18574 = DRAUGHTING_PRE_DEFINED_CURVE_FONT('continuous');
#18575 = STYLED_ITEM('color',(#18576),#11278);
#18576 = PRESENTATION_STYLE_ASSIGNMENT((#18577,#18582));
#18577 = SURFACE_STYLE_USAGE(.BOTH.,#18578);
#18578 = SURFACE_SIDE_STYLE('',(#18579));
#18579 = SURFACE_STYLE_FILL_AREA(#18580);
#18580 = FILL_AREA_STYLE('',(#18581));
#18581 = FILL_AREA_STYLE_COLOUR('',#18473);
#18582 = CURVE_STYLE('',#18583,POSITIVE_LENGTH_MEASURE(0.1),#18473);
#18583 = DRAUGHTING_PRE_DEFINED_CURVE_FONT('continuous');
#18584 = STYLED_ITEM('color',(#18585),#11294);
#18585 = PRESENTATION_STYLE_ASSIGNMENT((#18586,#18591));
#18586 = SURFACE_STYLE_USAGE(.BOTH.,#18587);
#18587 = SURFACE_SIDE_STYLE('',(#18588));
#18588 = SURFACE_STYLE_FILL_AREA(#18589);
#18589 = FILL_AREA_STYLE('',(#18590));
#18590 = FILL_AREA_STYLE_COLOUR('',#18473);
#18591 = CURVE_STYLE('',#18592,POSITIVE_LENGTH_MEASURE(0.1),#18473);
#18592 = DRAUGHTING_PRE_DEFINED_CURVE_FONT('continuous');
#18593 = STYLED_ITEM('color',(#18594),#11324);
#18594 = PRESENTATION_STYLE_ASSIGNMENT((#18595,#18600));
#18595 = SURFACE_STYLE_USAGE(.BOTH.,#18596);
#18596 = SURFACE_SIDE_STYLE('',(#18597));
#18597 = SURFACE_STYLE_FILL_AREA(#18598);
#18598 = FILL_AREA_STYLE('',(#18599));
#18599 = FILL_AREA_STYLE_COLOUR('',#17736);
#18600 = CURVE_STYLE('',#18601,POSITIVE_LENGTH_MEASURE(0.1),#17736);
#18601 = DRAUGHTING_PRE_DEFINED_CURVE_FONT('continuous');
#18602 = STYLED_ITEM('color',(#18603),#11357);
#18603 = PRESENTATION_STYLE_ASSIGNMENT((#18604,#18609));
#18604 = SURFACE_STYLE_USAGE(.BOTH.,#18605);
#18605 = SURFACE_SIDE_STYLE('',(#18606));
#18606 = SURFACE_STYLE_FILL_AREA(#18607);
#18607 = FILL_AREA_STYLE('',(#18608));
#18608 = FILL_AREA_STYLE_COLOUR('',#18473);
#18609 = CURVE_STYLE('',#18610,POSITIVE_LENGTH_MEASURE(0.1),#18473);
#18610 = DRAUGHTING_PRE_DEFINED_CURVE_FONT('continuous');
#18611 = STYLED_ITEM('color',(#18612),#11388);
#18612 = PRESENTATION_STYLE_ASSIGNMENT((#18613,#18618));
#18613 = SURFACE_STYLE_USAGE(.BOTH.,#18614);
#18614 = SURFACE_SIDE_STYLE('',(#18615));
#18615 = SURFACE_STYLE_FILL_AREA(#18616);
#18616 = FILL_AREA_STYLE('',(#18617));
#18617 = FILL_AREA_STYLE_COLOUR('',#17736);
#18618 = CURVE_STYLE('',#18619,POSITIVE_LENGTH_MEASURE(0.1),#17736);
#18619 = DRAUGHTING_PRE_DEFINED_CURVE_FONT('continuous');
#18620 = STYLED_ITEM('color',(#18621),#11421);
#18621 = PRESENTATION_STYLE_ASSIGNMENT((#18622,#18627));
#18622 = SURFACE_STYLE_USAGE(.BOTH.,#18623);
#18623 = SURFACE_SIDE_STYLE('',(#18624));
#18624 = SURFACE_STYLE_FILL_AREA(#18625);
#18625 = FILL_AREA_STYLE('',(#18626));
#18626 = FILL_AREA_STYLE_COLOUR('',#18473);
#18627 = CURVE_STYLE('',#18628,POSITIVE_LENGTH_MEASURE(0.1),#18473);
#18628 = DRAUGHTING_PRE_DEFINED_CURVE_FONT('continuous');
#18629 = STYLED_ITEM('color',(#18630),#11438);
#18630 = PRESENTATION_STYLE_ASSIGNMENT((#18631,#18636));
#18631 = SURFACE_STYLE_USAGE(.BOTH.,#18632);
#18632 = SURFACE_SIDE_STYLE('',(#18633));
#18633 = SURFACE_STYLE_FILL_AREA(#18634);
#18634 = FILL_AREA_STYLE('',(#18635));
#18635 = FILL_AREA_STYLE_COLOUR('',#18473);
#18636 = CURVE_STYLE('',#18637,POSITIVE_LENGTH_MEASURE(0.1),#18473);
#18637 = DRAUGHTING_PRE_DEFINED_CURVE_FONT('continuous');
#18638 = STYLED_ITEM('color',(#18639),#11455);
#18639 = PRESENTATION_STYLE_ASSIGNMENT((#18640,#18645));
#18640 = SURFACE_STYLE_USAGE(.BOTH.,#18641);
#18641 = SURFACE_SIDE_STYLE('',(#18642));
#18642 = SURFACE_STYLE_FILL_AREA(#18643);
#18643 = FILL_AREA_STYLE('',(#18644));
#18644 = FILL_AREA_STYLE_COLOUR('',#17736);
#18645 = CURVE_STYLE('',#18646,POSITIVE_LENGTH_MEASURE(0.1),#17736);
#18646 = DRAUGHTING_PRE_DEFINED_CURVE_FONT('continuous');
#18647 = STYLED_ITEM('color',(#18648),#11488);
#18648 = PRESENTATION_STYLE_ASSIGNMENT((#18649,#18654));
#18649 = SURFACE_STYLE_USAGE(.BOTH.,#18650);
#18650 = SURFACE_SIDE_STYLE('',(#18651));
#18651 = SURFACE_STYLE_FILL_AREA(#18652);
#18652 = FILL_AREA_STYLE('',(#18653));
#18653 = FILL_AREA_STYLE_COLOUR('',#18473);
#18654 = CURVE_STYLE('',#18655,POSITIVE_LENGTH_MEASURE(0.1),#18473);
#18655 = DRAUGHTING_PRE_DEFINED_CURVE_FONT('continuous');
#18656 = STYLED_ITEM('color',(#18657),#11518);
#18657 = PRESENTATION_STYLE_ASSIGNMENT((#18658,#18663));
#18658 = SURFACE_STYLE_USAGE(.BOTH.,#18659);
#18659 = SURFACE_SIDE_STYLE('',(#18660));
#18660 = SURFACE_STYLE_FILL_AREA(#18661);
#18661 = FILL_AREA_STYLE('',(#18662));
#18662 = FILL_AREA_STYLE_COLOUR('',#18473);
#18663 = CURVE_STYLE('',#18664,POSITIVE_LENGTH_MEASURE(0.1),#18473);
#18664 = DRAUGHTING_PRE_DEFINED_CURVE_FONT('continuous');
#18665 = STYLED_ITEM('color',(#18666),#11541);
#18666 = PRESENTATION_STYLE_ASSIGNMENT((#18667,#18672));
#18667 = SURFACE_STYLE_USAGE(.BOTH.,#18668);
#18668 = SURFACE_SIDE_STYLE('',(#18669));
#18669 = SURFACE_STYLE_FILL_AREA(#18670);
#18670 = FILL_AREA_STYLE('',(#18671));
#18671 = FILL_AREA_STYLE_COLOUR('',#18473);
#18672 = CURVE_STYLE('',#18673,POSITIVE_LENGTH_MEASURE(0.1),#18473);
#18673 = DRAUGHTING_PRE_DEFINED_CURVE_FONT('continuous');
#18674 = STYLED_ITEM('color',(#18675),#11564);
#18675 = PRESENTATION_STYLE_ASSIGNMENT((#18676,#18681));
#18676 = SURFACE_STYLE_USAGE(.BOTH.,#18677);
#18677 = SURFACE_SIDE_STYLE('',(#18678));
#18678 = SURFACE_STYLE_FILL_AREA(#18679);
#18679 = FILL_AREA_STYLE('',(#18680));
#18680 = FILL_AREA_STYLE_COLOUR('',#18473);
#18681 = CURVE_STYLE('',#18682,POSITIVE_LENGTH_MEASURE(0.1),#18473);
#18682 = DRAUGHTING_PRE_DEFINED_CURVE_FONT('continuous');
#18683 = STYLED_ITEM('color',(#18684),#11581);
#18684 = PRESENTATION_STYLE_ASSIGNMENT((#18685,#18690));
#18685 = SURFACE_STYLE_USAGE(.BOTH.,#18686);
#18686 = SURFACE_SIDE_STYLE('',(#18687));
#18687 = SURFACE_STYLE_FILL_AREA(#18688);
#18688 = FILL_AREA_STYLE('',(#18689));
#18689 = FILL_AREA_STYLE_COLOUR('',#17736);
#18690 = CURVE_STYLE('',#18691,POSITIVE_LENGTH_MEASURE(0.1),#17736);
#18691 = DRAUGHTING_PRE_DEFINED_CURVE_FONT('continuous');
#18692 = STYLED_ITEM('color',(#18693),#11610);
#18693 = PRESENTATION_STYLE_ASSIGNMENT((#18694,#18699));
#18694 = SURFACE_STYLE_USAGE(.BOTH.,#18695);
#18695 = SURFACE_SIDE_STYLE('',(#18696));
#18696 = SURFACE_STYLE_FILL_AREA(#18697);
#18697 = FILL_AREA_STYLE('',(#18698));
#18698 = FILL_AREA_STYLE_COLOUR('',#18473);
#18699 = CURVE_STYLE('',#18700,POSITIVE_LENGTH_MEASURE(0.1),#18473);
#18700 = DRAUGHTING_PRE_DEFINED_CURVE_FONT('continuous');
#18701 = STYLED_ITEM('color',(#18702),#11664);
#18702 = PRESENTATION_STYLE_ASSIGNMENT((#18703,#18708));
#18703 = SURFACE_STYLE_USAGE(.BOTH.,#18704);
#18704 = SURFACE_SIDE_STYLE('',(#18705));
#18705 = SURFACE_STYLE_FILL_AREA(#18706);
#18706 = FILL_AREA_STYLE('',(#18707));
#18707 = FILL_AREA_STYLE_COLOUR('',#18473);
#18708 = CURVE_STYLE('',#18709,POSITIVE_LENGTH_MEASURE(0.1),#18473);
#18709 = DRAUGHTING_PRE_DEFINED_CURVE_FONT('continuous');
#18710 = STYLED_ITEM('color',(#18711),#11687);
#18711 = PRESENTATION_STYLE_ASSIGNMENT((#18712,#18717));
#18712 = SURFACE_STYLE_USAGE(.BOTH.,#18713);
#18713 = SURFACE_SIDE_STYLE('',(#18714));
#18714 = SURFACE_STYLE_FILL_AREA(#18715);
#18715 = FILL_AREA_STYLE('',(#18716));
#18716 = FILL_AREA_STYLE_COLOUR('',#18473);
#18717 = CURVE_STYLE('',#18718,POSITIVE_LENGTH_MEASURE(0.1),#18473);
#18718 = DRAUGHTING_PRE_DEFINED_CURVE_FONT('continuous');
#18719 = STYLED_ITEM('color',(#18720),#11710);
#18720 = PRESENTATION_STYLE_ASSIGNMENT((#18721,#18726));
#18721 = SURFACE_STYLE_USAGE(.BOTH.,#18722);
#18722 = SURFACE_SIDE_STYLE('',(#18723));
#18723 = SURFACE_STYLE_FILL_AREA(#18724);
#18724 = FILL_AREA_STYLE('',(#18725));
#18725 = FILL_AREA_STYLE_COLOUR('',#18473);
#18726 = CURVE_STYLE('',#18727,POSITIVE_LENGTH_MEASURE(0.1),#18473);
#18727 = DRAUGHTING_PRE_DEFINED_CURVE_FONT('continuous');
#18728 = STYLED_ITEM('color',(#18729),#11733);
#18729 = PRESENTATION_STYLE_ASSIGNMENT((#18730,#18735));
#18730 = SURFACE_STYLE_USAGE(.BOTH.,#18731);
#18731 = SURFACE_SIDE_STYLE('',(#18732));
#18732 = SURFACE_STYLE_FILL_AREA(#18733);
#18733 = FILL_AREA_STYLE('',(#18734));
#18734 = FILL_AREA_STYLE_COLOUR('',#18473);
#18735 = CURVE_STYLE('',#18736,POSITIVE_LENGTH_MEASURE(0.1),#18473);
#18736 = DRAUGHTING_PRE_DEFINED_CURVE_FONT('continuous');
#18737 = STYLED_ITEM('color',(#18738),#11772);
#18738 = PRESENTATION_STYLE_ASSIGNMENT((#18739,#18744));
#18739 = SURFACE_STYLE_USAGE(.BOTH.,#18740);
#18740 = SURFACE_SIDE_STYLE('',(#18741));
#18741 = SURFACE_STYLE_FILL_AREA(#18742);
#18742 = FILL_AREA_STYLE('',(#18743));
#18743 = FILL_AREA_STYLE_COLOUR('',#17736);
#18744 = CURVE_STYLE('',#18745,POSITIVE_LENGTH_MEASURE(0.1),#17736);
#18745 = DRAUGHTING_PRE_DEFINED_CURVE_FONT('continuous');
#18746 = STYLED_ITEM('color',(#18747),#11794);
#18747 = PRESENTATION_STYLE_ASSIGNMENT((#18748,#18753));
#18748 = SURFACE_STYLE_USAGE(.BOTH.,#18749);
#18749 = SURFACE_SIDE_STYLE('',(#18750));
#18750 = SURFACE_STYLE_FILL_AREA(#18751);
#18751 = FILL_AREA_STYLE('',(#18752));
#18752 = FILL_AREA_STYLE_COLOUR('',#18473);
#18753 = CURVE_STYLE('',#18754,POSITIVE_LENGTH_MEASURE(0.1),#18473);
#18754 = DRAUGHTING_PRE_DEFINED_CURVE_FONT('continuous');
#18755 = STYLED_ITEM('color',(#18756),#11838);
#18756 = PRESENTATION_STYLE_ASSIGNMENT((#18757,#18762));
#18757 = SURFACE_STYLE_USAGE(.BOTH.,#18758);
#18758 = SURFACE_SIDE_STYLE('',(#18759));
#18759 = SURFACE_STYLE_FILL_AREA(#18760);
#18760 = FILL_AREA_STYLE('',(#18761));
#18761 = FILL_AREA_STYLE_COLOUR('',#17736);
#18762 = CURVE_STYLE('',#18763,POSITIVE_LENGTH_MEASURE(0.1),#17736);
#18763 = DRAUGHTING_PRE_DEFINED_CURVE_FONT('continuous');
#18764 = STYLED_ITEM('color',(#18765),#11913);
#18765 = PRESENTATION_STYLE_ASSIGNMENT((#18766,#18771));
#18766 = SURFACE_STYLE_USAGE(.BOTH.,#18767);
#18767 = SURFACE_SIDE_STYLE('',(#18768));
#18768 = SURFACE_STYLE_FILL_AREA(#18769);
#18769 = FILL_AREA_STYLE('',(#18770));
#18770 = FILL_AREA_STYLE_COLOUR('',#17736);
#18771 = CURVE_STYLE('',#18772,POSITIVE_LENGTH_MEASURE(0.1),#17736);
#18772 = DRAUGHTING_PRE_DEFINED_CURVE_FONT('continuous');
#18773 = STYLED_ITEM('color',(#18774),#11937);
#18774 = PRESENTATION_STYLE_ASSIGNMENT((#18775,#18780));
#18775 = SURFACE_STYLE_USAGE(.BOTH.,#18776);
#18776 = SURFACE_SIDE_STYLE('',(#18777));
#18777 = SURFACE_STYLE_FILL_AREA(#18778);
#18778 = FILL_AREA_STYLE('',(#18779));
#18779 = FILL_AREA_STYLE_COLOUR('',#17736);
#18780 = CURVE_STYLE('',#18781,POSITIVE_LENGTH_MEASURE(0.1),#17736);
#18781 = DRAUGHTING_PRE_DEFINED_CURVE_FONT('continuous');
#18782 = STYLED_ITEM('color',(#18783),#12005);
#18783 = PRESENTATION_STYLE_ASSIGNMENT((#18784,#18789));
#18784 = SURFACE_STYLE_USAGE(.BOTH.,#18785);
#18785 = SURFACE_SIDE_STYLE('',(#18786));
#18786 = SURFACE_STYLE_FILL_AREA(#18787);
#18787 = FILL_AREA_STYLE('',(#18788));
#18788 = FILL_AREA_STYLE_COLOUR('',#18473);
#18789 = CURVE_STYLE('',#18790,POSITIVE_LENGTH_MEASURE(0.1),#18473);
#18790 = DRAUGHTING_PRE_DEFINED_CURVE_FONT('continuous');
#18791 = STYLED_ITEM('color',(#18792),#12022);
#18792 = PRESENTATION_STYLE_ASSIGNMENT((#18793,#18798));
#18793 = SURFACE_STYLE_USAGE(.BOTH.,#18794);
#18794 = SURFACE_SIDE_STYLE('',(#18795));
#18795 = SURFACE_STYLE_FILL_AREA(#18796);
#18796 = FILL_AREA_STYLE('',(#18797));
#18797 = FILL_AREA_STYLE_COLOUR('',#17736);
#18798 = CURVE_STYLE('',#18799,POSITIVE_LENGTH_MEASURE(0.1),#17736);
#18799 = DRAUGHTING_PRE_DEFINED_CURVE_FONT('continuous');
#18800 = STYLED_ITEM('color',(#18801),#12097);
#18801 = PRESENTATION_STYLE_ASSIGNMENT((#18802,#18807));
#18802 = SURFACE_STYLE_USAGE(.BOTH.,#18803);
#18803 = SURFACE_SIDE_STYLE('',(#18804));
#18804 = SURFACE_STYLE_FILL_AREA(#18805);
#18805 = FILL_AREA_STYLE('',(#18806));
#18806 = FILL_AREA_STYLE_COLOUR('',#17736);
#18807 = CURVE_STYLE('',#18808,POSITIVE_LENGTH_MEASURE(0.1),#17736);
#18808 = DRAUGHTING_PRE_DEFINED_CURVE_FONT('continuous');
#18809 = STYLED_ITEM('color',(#18810),#12121);
#18810 = PRESENTATION_STYLE_ASSIGNMENT((#18811,#18816));
#18811 = SURFACE_STYLE_USAGE(.BOTH.,#18812);
#18812 = SURFACE_SIDE_STYLE('',(#18813));
#18813 = SURFACE_STYLE_FILL_AREA(#18814);
#18814 = FILL_AREA_STYLE('',(#18815));
#18815 = FILL_AREA_STYLE_COLOUR('',#17736);
#18816 = CURVE_STYLE('',#18817,POSITIVE_LENGTH_MEASURE(0.1),#17736);
#18817 = DRAUGHTING_PRE_DEFINED_CURVE_FONT('continuous');
#18818 = STYLED_ITEM('color',(#18819),#12189);
#18819 = PRESENTATION_STYLE_ASSIGNMENT((#18820,#18825));
#18820 = SURFACE_STYLE_USAGE(.BOTH.,#18821);
#18821 = SURFACE_SIDE_STYLE('',(#18822));
#18822 = SURFACE_STYLE_FILL_AREA(#18823);
#18823 = FILL_AREA_STYLE('',(#18824));
#18824 = FILL_AREA_STYLE_COLOUR('',#17736);
#18825 = CURVE_STYLE('',#18826,POSITIVE_LENGTH_MEASURE(0.1),#17736);
#18826 = DRAUGHTING_PRE_DEFINED_CURVE_FONT('continuous');
#18827 = STYLED_ITEM('color',(#18828),#12264);
#18828 = PRESENTATION_STYLE_ASSIGNMENT((#18829,#18834));
#18829 = SURFACE_STYLE_USAGE(.BOTH.,#18830);
#18830 = SURFACE_SIDE_STYLE('',(#18831));
#18831 = SURFACE_STYLE_FILL_AREA(#18832);
#18832 = FILL_AREA_STYLE('',(#18833));
#18833 = FILL_AREA_STYLE_COLOUR('',#17736);
#18834 = CURVE_STYLE('',#18835,POSITIVE_LENGTH_MEASURE(0.1),#17736);
#18835 = DRAUGHTING_PRE_DEFINED_CURVE_FONT('continuous');
#18836 = STYLED_ITEM('color',(#18837),#12288);
#18837 = PRESENTATION_STYLE_ASSIGNMENT((#18838,#18843));
#18838 = SURFACE_STYLE_USAGE(.BOTH.,#18839);
#18839 = SURFACE_SIDE_STYLE('',(#18840));
#18840 = SURFACE_STYLE_FILL_AREA(#18841);
#18841 = FILL_AREA_STYLE('',(#18842));
#18842 = FILL_AREA_STYLE_COLOUR('',#17736);
#18843 = CURVE_STYLE('',#18844,POSITIVE_LENGTH_MEASURE(0.1),#17736);
#18844 = DRAUGHTING_PRE_DEFINED_CURVE_FONT('continuous');
#18845 = STYLED_ITEM('color',(#18846),#12356);
#18846 = PRESENTATION_STYLE_ASSIGNMENT((#18847,#18852));
#18847 = SURFACE_STYLE_USAGE(.BOTH.,#18848);
#18848 = SURFACE_SIDE_STYLE('',(#18849));
#18849 = SURFACE_STYLE_FILL_AREA(#18850);
#18850 = FILL_AREA_STYLE('',(#18851));
#18851 = FILL_AREA_STYLE_COLOUR('',#17736);
#18852 = CURVE_STYLE('',#18853,POSITIVE_LENGTH_MEASURE(0.1),#17736);
#18853 = DRAUGHTING_PRE_DEFINED_CURVE_FONT('continuous');
#18854 = STYLED_ITEM('color',(#18855),#12373);
#18855 = PRESENTATION_STYLE_ASSIGNMENT((#18856,#18861));
#18856 = SURFACE_STYLE_USAGE(.BOTH.,#18857);
#18857 = SURFACE_SIDE_STYLE('',(#18858));
#18858 = SURFACE_STYLE_FILL_AREA(#18859);
#18859 = FILL_AREA_STYLE('',(#18860));
#18860 = FILL_AREA_STYLE_COLOUR('',#17736);
#18861 = CURVE_STYLE('',#18862,POSITIVE_LENGTH_MEASURE(0.1),#17736);
#18862 = DRAUGHTING_PRE_DEFINED_CURVE_FONT('continuous');
#18863 = STYLED_ITEM('color',(#18864),#12390);
#18864 = PRESENTATION_STYLE_ASSIGNMENT((#18865,#18870));
#18865 = SURFACE_STYLE_USAGE(.BOTH.,#18866);
#18866 = SURFACE_SIDE_STYLE('',(#18867));
#18867 = SURFACE_STYLE_FILL_AREA(#18868);
#18868 = FILL_AREA_STYLE('',(#18869));
#18869 = FILL_AREA_STYLE_COLOUR('',#18473);
#18870 = CURVE_STYLE('',#18871,POSITIVE_LENGTH_MEASURE(0.1),#18473);
#18871 = DRAUGHTING_PRE_DEFINED_CURVE_FONT('continuous');
#18872 = STYLED_ITEM('color',(#18873),#12436);
#18873 = PRESENTATION_STYLE_ASSIGNMENT((#18874,#18879));
#18874 = SURFACE_STYLE_USAGE(.BOTH.,#18875);
#18875 = SURFACE_SIDE_STYLE('',(#18876));
#18876 = SURFACE_STYLE_FILL_AREA(#18877);
#18877 = FILL_AREA_STYLE('',(#18878));
#18878 = FILL_AREA_STYLE_COLOUR('',#18473);
#18879 = CURVE_STYLE('',#18880,POSITIVE_LENGTH_MEASURE(0.1),#18473);
#18880 = DRAUGHTING_PRE_DEFINED_CURVE_FONT('continuous');
#18881 = STYLED_ITEM('color',(#18882),#12452);
#18882 = PRESENTATION_STYLE_ASSIGNMENT((#18883,#18888));
#18883 = SURFACE_STYLE_USAGE(.BOTH.,#18884);
#18884 = SURFACE_SIDE_STYLE('',(#18885));
#18885 = SURFACE_STYLE_FILL_AREA(#18886);
#18886 = FILL_AREA_STYLE('',(#18887));
#18887 = FILL_AREA_STYLE_COLOUR('',#18473);
#18888 = CURVE_STYLE('',#18889,POSITIVE_LENGTH_MEASURE(0.1),#18473);
#18889 = DRAUGHTING_PRE_DEFINED_CURVE_FONT('continuous');
#18890 = STYLED_ITEM('color',(#18891),#12468);
#18891 = PRESENTATION_STYLE_ASSIGNMENT((#18892,#18897));
#18892 = SURFACE_STYLE_USAGE(.BOTH.,#18893);
#18893 = SURFACE_SIDE_STYLE('',(#18894));
#18894 = SURFACE_STYLE_FILL_AREA(#18895);
#18895 = FILL_AREA_STYLE('',(#18896));
#18896 = FILL_AREA_STYLE_COLOUR('',#17736);
#18897 = CURVE_STYLE('',#18898,POSITIVE_LENGTH_MEASURE(0.1),#17736);
#18898 = DRAUGHTING_PRE_DEFINED_CURVE_FONT('continuous');
#18899 = STYLED_ITEM('color',(#18900),#12485);
#18900 = PRESENTATION_STYLE_ASSIGNMENT((#18901,#18906));
#18901 = SURFACE_STYLE_USAGE(.BOTH.,#18902);
#18902 = SURFACE_SIDE_STYLE('',(#18903));
#18903 = SURFACE_STYLE_FILL_AREA(#18904);
#18904 = FILL_AREA_STYLE('',(#18905));
#18905 = FILL_AREA_STYLE_COLOUR('',#18473);
#18906 = CURVE_STYLE('',#18907,POSITIVE_LENGTH_MEASURE(0.1),#18473);
#18907 = DRAUGHTING_PRE_DEFINED_CURVE_FONT('continuous');
#18908 = STYLED_ITEM('color',(#18909),#12497);
#18909 = PRESENTATION_STYLE_ASSIGNMENT((#18910,#18915));
#18910 = SURFACE_STYLE_USAGE(.BOTH.,#18911);
#18911 = SURFACE_SIDE_STYLE('',(#18912));
#18912 = SURFACE_STYLE_FILL_AREA(#18913);
#18913 = FILL_AREA_STYLE('',(#18914));
#18914 = FILL_AREA_STYLE_COLOUR('',#17736);
#18915 = CURVE_STYLE('',#18916,POSITIVE_LENGTH_MEASURE(0.1),#17736);
#18916 = DRAUGHTING_PRE_DEFINED_CURVE_FONT('continuous');
#18917 = STYLED_ITEM('color',(#18918),#12514);
#18918 = PRESENTATION_STYLE_ASSIGNMENT((#18919,#18924));
#18919 = SURFACE_STYLE_USAGE(.BOTH.,#18920);
#18920 = SURFACE_SIDE_STYLE('',(#18921));
#18921 = SURFACE_STYLE_FILL_AREA(#18922);
#18922 = FILL_AREA_STYLE('',(#18923));
#18923 = FILL_AREA_STYLE_COLOUR('',#17736);
#18924 = CURVE_STYLE('',#18925,POSITIVE_LENGTH_MEASURE(0.1),#17736);
#18925 = DRAUGHTING_PRE_DEFINED_CURVE_FONT('continuous');
#18926 = STYLED_ITEM('color',(#18927),#12531);
#18927 = PRESENTATION_STYLE_ASSIGNMENT((#18928,#18933));
#18928 = SURFACE_STYLE_USAGE(.BOTH.,#18929);
#18929 = SURFACE_SIDE_STYLE('',(#18930));
#18930 = SURFACE_STYLE_FILL_AREA(#18931);
#18931 = FILL_AREA_STYLE('',(#18932));
#18932 = FILL_AREA_STYLE_COLOUR('',#17736);
#18933 = CURVE_STYLE('',#18934,POSITIVE_LENGTH_MEASURE(0.1),#17736);
#18934 = DRAUGHTING_PRE_DEFINED_CURVE_FONT('continuous');
#18935 = STYLED_ITEM('color',(#18936),#12548);
#18936 = PRESENTATION_STYLE_ASSIGNMENT((#18937,#18942));
#18937 = SURFACE_STYLE_USAGE(.BOTH.,#18938);
#18938 = SURFACE_SIDE_STYLE('',(#18939));
#18939 = SURFACE_STYLE_FILL_AREA(#18940);
#18940 = FILL_AREA_STYLE('',(#18941));
#18941 = FILL_AREA_STYLE_COLOUR('',#17736);
#18942 = CURVE_STYLE('',#18943,POSITIVE_LENGTH_MEASURE(0.1),#17736);
#18943 = DRAUGHTING_PRE_DEFINED_CURVE_FONT('continuous');
#18944 = STYLED_ITEM('color',(#18945),#12565);
#18945 = PRESENTATION_STYLE_ASSIGNMENT((#18946,#18951));
#18946 = SURFACE_STYLE_USAGE(.BOTH.,#18947);
#18947 = SURFACE_SIDE_STYLE('',(#18948));
#18948 = SURFACE_STYLE_FILL_AREA(#18949);
#18949 = FILL_AREA_STYLE('',(#18950));
#18950 = FILL_AREA_STYLE_COLOUR('',#17736);
#18951 = CURVE_STYLE('',#18952,POSITIVE_LENGTH_MEASURE(0.1),#17736);
#18952 = DRAUGHTING_PRE_DEFINED_CURVE_FONT('continuous');
#18953 = STYLED_ITEM('color',(#18954),#12582);
#18954 = PRESENTATION_STYLE_ASSIGNMENT((#18955,#18960));
#18955 = SURFACE_STYLE_USAGE(.BOTH.,#18956);
#18956 = SURFACE_SIDE_STYLE('',(#18957));
#18957 = SURFACE_STYLE_FILL_AREA(#18958);
#18958 = FILL_AREA_STYLE('',(#18959));
#18959 = FILL_AREA_STYLE_COLOUR('',#17736);
#18960 = CURVE_STYLE('',#18961,POSITIVE_LENGTH_MEASURE(0.1),#17736);
#18961 = DRAUGHTING_PRE_DEFINED_CURVE_FONT('continuous');
#18962 = STYLED_ITEM('color',(#18963),#12599);
#18963 = PRESENTATION_STYLE_ASSIGNMENT((#18964,#18969));
#18964 = SURFACE_STYLE_USAGE(.BOTH.,#18965);
#18965 = SURFACE_SIDE_STYLE('',(#18966));
#18966 = SURFACE_STYLE_FILL_AREA(#18967);
#18967 = FILL_AREA_STYLE('',(#18968));
#18968 = FILL_AREA_STYLE_COLOUR('',#17736);
#18969 = CURVE_STYLE('',#18970,POSITIVE_LENGTH_MEASURE(0.1),#17736);
#18970 = DRAUGHTING_PRE_DEFINED_CURVE_FONT('continuous');
#18971 = STYLED_ITEM('color',(#18972),#12611);
#18972 = PRESENTATION_STYLE_ASSIGNMENT((#18973,#18978));
#18973 = SURFACE_STYLE_USAGE(.BOTH.,#18974);
#18974 = SURFACE_SIDE_STYLE('',(#18975));
#18975 = SURFACE_STYLE_FILL_AREA(#18976);
#18976 = FILL_AREA_STYLE('',(#18977));
#18977 = FILL_AREA_STYLE_COLOUR('',#17736);
#18978 = CURVE_STYLE('',#18979,POSITIVE_LENGTH_MEASURE(0.1),#17736);
#18979 = DRAUGHTING_PRE_DEFINED_CURVE_FONT('continuous');
#18980 = STYLED_ITEM('color',(#18981),#12628);
#18981 = PRESENTATION_STYLE_ASSIGNMENT((#18982,#18987));
#18982 = SURFACE_STYLE_USAGE(.BOTH.,#18983);
#18983 = SURFACE_SIDE_STYLE('',(#18984));
#18984 = SURFACE_STYLE_FILL_AREA(#18985);
#18985 = FILL_AREA_STYLE('',(#18986));
#18986 = FILL_AREA_STYLE_COLOUR('',#17736);
#18987 = CURVE_STYLE('',#18988,POSITIVE_LENGTH_MEASURE(0.1),#17736);
#18988 = DRAUGHTING_PRE_DEFINED_CURVE_FONT('continuous');
#18989 = STYLED_ITEM('color',(#18990),#12645);
#18990 = PRESENTATION_STYLE_ASSIGNMENT((#18991,#18996));
#18991 = SURFACE_STYLE_USAGE(.BOTH.,#18992);
#18992 = SURFACE_SIDE_STYLE('',(#18993));
#18993 = SURFACE_STYLE_FILL_AREA(#18994);
#18994 = FILL_AREA_STYLE('',(#18995));
#18995 = FILL_AREA_STYLE_COLOUR('',#17736);
#18996 = CURVE_STYLE('',#18997,POSITIVE_LENGTH_MEASURE(0.1),#17736);
#18997 = DRAUGHTING_PRE_DEFINED_CURVE_FONT('continuous');
#18998 = STYLED_ITEM('color',(#18999),#12662);
#18999 = PRESENTATION_STYLE_ASSIGNMENT((#19000,#19005));
#19000 = SURFACE_STYLE_USAGE(.BOTH.,#19001);
#19001 = SURFACE_SIDE_STYLE('',(#19002));
#19002 = SURFACE_STYLE_FILL_AREA(#19003);
#19003 = FILL_AREA_STYLE('',(#19004));
#19004 = FILL_AREA_STYLE_COLOUR('',#17736);
#19005 = CURVE_STYLE('',#19006,POSITIVE_LENGTH_MEASURE(0.1),#17736);
#19006 = DRAUGHTING_PRE_DEFINED_CURVE_FONT('continuous');
#19007 = STYLED_ITEM('color',(#19008),#12679);
#19008 = PRESENTATION_STYLE_ASSIGNMENT((#19009,#19014));
#19009 = SURFACE_STYLE_USAGE(.BOTH.,#19010);
#19010 = SURFACE_SIDE_STYLE('',(#19011));
#19011 = SURFACE_STYLE_FILL_AREA(#19012);
#19012 = FILL_AREA_STYLE('',(#19013));
#19013 = FILL_AREA_STYLE_COLOUR('',#17736);
#19014 = CURVE_STYLE('',#19015,POSITIVE_LENGTH_MEASURE(0.1),#17736);
#19015 = DRAUGHTING_PRE_DEFINED_CURVE_FONT('continuous');
#19016 = STYLED_ITEM('color',(#19017),#12696);
#19017 = PRESENTATION_STYLE_ASSIGNMENT((#19018,#19023));
#19018 = SURFACE_STYLE_USAGE(.BOTH.,#19019);
#19019 = SURFACE_SIDE_STYLE('',(#19020));
#19020 = SURFACE_STYLE_FILL_AREA(#19021);
#19021 = FILL_AREA_STYLE('',(#19022));
#19022 = FILL_AREA_STYLE_COLOUR('',#17736);
#19023 = CURVE_STYLE('',#19024,POSITIVE_LENGTH_MEASURE(0.1),#17736);
#19024 = DRAUGHTING_PRE_DEFINED_CURVE_FONT('continuous');
#19025 = STYLED_ITEM('color',(#19026),#12708);
#19026 = PRESENTATION_STYLE_ASSIGNMENT((#19027,#19032));
#19027 = SURFACE_STYLE_USAGE(.BOTH.,#19028);
#19028 = SURFACE_SIDE_STYLE('',(#19029));
#19029 = SURFACE_STYLE_FILL_AREA(#19030);
#19030 = FILL_AREA_STYLE('',(#19031));
#19031 = FILL_AREA_STYLE_COLOUR('',#17736);
#19032 = CURVE_STYLE('',#19033,POSITIVE_LENGTH_MEASURE(0.1),#17736);
#19033 = DRAUGHTING_PRE_DEFINED_CURVE_FONT('continuous');
#19034 = STYLED_ITEM('color',(#19035),#12725);
#19035 = PRESENTATION_STYLE_ASSIGNMENT((#19036,#19041));
#19036 = SURFACE_STYLE_USAGE(.BOTH.,#19037);
#19037 = SURFACE_SIDE_STYLE('',(#19038));
#19038 = SURFACE_STYLE_FILL_AREA(#19039);
#19039 = FILL_AREA_STYLE('',(#19040));
#19040 = FILL_AREA_STYLE_COLOUR('',#17736);
#19041 = CURVE_STYLE('',#19042,POSITIVE_LENGTH_MEASURE(0.1),#17736);
#19042 = DRAUGHTING_PRE_DEFINED_CURVE_FONT('continuous');
#19043 = STYLED_ITEM('color',(#19044),#12742);
#19044 = PRESENTATION_STYLE_ASSIGNMENT((#19045,#19050));
#19045 = SURFACE_STYLE_USAGE(.BOTH.,#19046);
#19046 = SURFACE_SIDE_STYLE('',(#19047));
#19047 = SURFACE_STYLE_FILL_AREA(#19048);
#19048 = FILL_AREA_STYLE('',(#19049));
#19049 = FILL_AREA_STYLE_COLOUR('',#17736);
#19050 = CURVE_STYLE('',#19051,POSITIVE_LENGTH_MEASURE(0.1),#17736);
#19051 = DRAUGHTING_PRE_DEFINED_CURVE_FONT('continuous');
#19052 = STYLED_ITEM('color',(#19053),#12759);
#19053 = PRESENTATION_STYLE_ASSIGNMENT((#19054,#19059));
#19054 = SURFACE_STYLE_USAGE(.BOTH.,#19055);
#19055 = SURFACE_SIDE_STYLE('',(#19056));
#19056 = SURFACE_STYLE_FILL_AREA(#19057);
#19057 = FILL_AREA_STYLE('',(#19058));
#19058 = FILL_AREA_STYLE_COLOUR('',#17736);
#19059 = CURVE_STYLE('',#19060,POSITIVE_LENGTH_MEASURE(0.1),#17736);
#19060 = DRAUGHTING_PRE_DEFINED_CURVE_FONT('continuous');
#19061 = STYLED_ITEM('color',(#19062),#12776);
#19062 = PRESENTATION_STYLE_ASSIGNMENT((#19063,#19068));
#19063 = SURFACE_STYLE_USAGE(.BOTH.,#19064);
#19064 = SURFACE_SIDE_STYLE('',(#19065));
#19065 = SURFACE_STYLE_FILL_AREA(#19066);
#19066 = FILL_AREA_STYLE('',(#19067));
#19067 = FILL_AREA_STYLE_COLOUR('',#17736);
#19068 = CURVE_STYLE('',#19069,POSITIVE_LENGTH_MEASURE(0.1),#17736);
#19069 = DRAUGHTING_PRE_DEFINED_CURVE_FONT('continuous');
#19070 = STYLED_ITEM('color',(#19071),#12793);
#19071 = PRESENTATION_STYLE_ASSIGNMENT((#19072,#19077));
#19072 = SURFACE_STYLE_USAGE(.BOTH.,#19073);
#19073 = SURFACE_SIDE_STYLE('',(#19074));
#19074 = SURFACE_STYLE_FILL_AREA(#19075);
#19075 = FILL_AREA_STYLE('',(#19076));
#19076 = FILL_AREA_STYLE_COLOUR('',#17736);
#19077 = CURVE_STYLE('',#19078,POSITIVE_LENGTH_MEASURE(0.1),#17736);
#19078 = DRAUGHTING_PRE_DEFINED_CURVE_FONT('continuous');
#19079 = STYLED_ITEM('color',(#19080),#12805);
#19080 = PRESENTATION_STYLE_ASSIGNMENT((#19081,#19087));
#19081 = SURFACE_STYLE_USAGE(.BOTH.,#19082);
#19082 = SURFACE_SIDE_STYLE('',(#19083));
#19083 = SURFACE_STYLE_FILL_AREA(#19084);
#19084 = FILL_AREA_STYLE('',(#19085));
#19085 = FILL_AREA_STYLE_COLOUR('',#19086);
#19086 = COLOUR_RGB('',0.690999998585,0.664000007176,0.597999987832);
#19087 = CURVE_STYLE('',#19088,POSITIVE_LENGTH_MEASURE(0.1),#19086);
#19088 = DRAUGHTING_PRE_DEFINED_CURVE_FONT('continuous');
#19089 = MECHANICAL_DESIGN_GEOMETRIC_PRESENTATION_REPRESENTATION('',(
    #19090),#17717);
#19090 = STYLED_ITEM('color',(#19091),#15422);
#19091 = PRESENTATION_STYLE_ASSIGNMENT((#19092));
#19092 = SURFACE_STYLE_USAGE(.BOTH.,#19093);
#19093 = SURFACE_SIDE_STYLE('',(#19094));
#19094 = SURFACE_STYLE_FILL_AREA(#19095);
#19095 = FILL_AREA_STYLE('',(#19096));
#19096 = FILL_AREA_STYLE_COLOUR('',#19097);
#19097 = COLOUR_RGB('',0.313304153717,0.484529207832,0.410020903123);
#19098 = MECHANICAL_DESIGN_GEOMETRIC_PRESENTATION_REPRESENTATION('',(
    #19099,#19107,#19114,#19121,#19128,#19135,#19142,#19149,#19156,
    #19163,#19170,#19177,#19184,#19191,#19198,#19205,#19212,#19219,
    #19226,#19233,#19240,#19247,#19255,#19262,#19269,#19276,#19283,
    #19290,#19297,#19304,#19311,#19318,#19325,#19332,#19339,#19346,
    #19353,#19360,#19367,#19374,#19381,#19388,#19395,#19402,#19409,
    #19416,#19423,#19430,#19437,#19444,#19451,#19458,#19465,#19472,
    #19479,#19486,#19493,#19500,#19507,#19514,#19521,#19528,#19535,
    #19542,#19549),#9101);
#19099 = STYLED_ITEM('color',(#19100),#7236);
#19100 = PRESENTATION_STYLE_ASSIGNMENT((#19101));
#19101 = SURFACE_STYLE_USAGE(.BOTH.,#19102);
#19102 = SURFACE_SIDE_STYLE('',(#19103));
#19103 = SURFACE_STYLE_FILL_AREA(#19104);
#19104 = FILL_AREA_STYLE('',(#19105));
#19105 = FILL_AREA_STYLE_COLOUR('',#19106);
#19106 = COLOUR_RGB('',0.894117649055,0.890196087049,0.811764731185);
#19107 = STYLED_ITEM('color',(#19108),#7276);
#19108 = PRESENTATION_STYLE_ASSIGNMENT((#19109));
#19109 = SURFACE_STYLE_USAGE(.BOTH.,#19110);
#19110 = SURFACE_SIDE_STYLE('',(#19111));
#19111 = SURFACE_STYLE_FILL_AREA(#19112);
#19112 = FILL_AREA_STYLE('',(#19113));
#19113 = FILL_AREA_STYLE_COLOUR('',#19106);
#19114 = STYLED_ITEM('color',(#19115),#7419);
#19115 = PRESENTATION_STYLE_ASSIGNMENT((#19116));
#19116 = SURFACE_STYLE_USAGE(.BOTH.,#19117);
#19117 = SURFACE_SIDE_STYLE('',(#19118));
#19118 = SURFACE_STYLE_FILL_AREA(#19119);
#19119 = FILL_AREA_STYLE('',(#19120));
#19120 = FILL_AREA_STYLE_COLOUR('',#19106);
#19121 = STYLED_ITEM('color',(#19122),#7443);
#19122 = PRESENTATION_STYLE_ASSIGNMENT((#19123));
#19123 = SURFACE_STYLE_USAGE(.BOTH.,#19124);
#19124 = SURFACE_SIDE_STYLE('',(#19125));
#19125 = SURFACE_STYLE_FILL_AREA(#19126);
#19126 = FILL_AREA_STYLE('',(#19127));
#19127 = FILL_AREA_STYLE_COLOUR('',#19106);
#19128 = STYLED_ITEM('color',(#19129),#7483);
#19129 = PRESENTATION_STYLE_ASSIGNMENT((#19130));
#19130 = SURFACE_STYLE_USAGE(.BOTH.,#19131);
#19131 = SURFACE_SIDE_STYLE('',(#19132));
#19132 = SURFACE_STYLE_FILL_AREA(#19133);
#19133 = FILL_AREA_STYLE('',(#19134));
#19134 = FILL_AREA_STYLE_COLOUR('',#19106);
#19135 = STYLED_ITEM('color',(#19136),#7500);
#19136 = PRESENTATION_STYLE_ASSIGNMENT((#19137));
#19137 = SURFACE_STYLE_USAGE(.BOTH.,#19138);
#19138 = SURFACE_SIDE_STYLE('',(#19139));
#19139 = SURFACE_STYLE_FILL_AREA(#19140);
#19140 = FILL_AREA_STYLE('',(#19141));
#19141 = FILL_AREA_STYLE_COLOUR('',#19106);
#19142 = STYLED_ITEM('color',(#19143),#7531);
#19143 = PRESENTATION_STYLE_ASSIGNMENT((#19144));
#19144 = SURFACE_STYLE_USAGE(.BOTH.,#19145);
#19145 = SURFACE_SIDE_STYLE('',(#19146));
#19146 = SURFACE_STYLE_FILL_AREA(#19147);
#19147 = FILL_AREA_STYLE('',(#19148));
#19148 = FILL_AREA_STYLE_COLOUR('',#19106);
#19149 = STYLED_ITEM('color',(#19150),#7555);
#19150 = PRESENTATION_STYLE_ASSIGNMENT((#19151));
#19151 = SURFACE_STYLE_USAGE(.BOTH.,#19152);
#19152 = SURFACE_SIDE_STYLE('',(#19153));
#19153 = SURFACE_STYLE_FILL_AREA(#19154);
#19154 = FILL_AREA_STYLE('',(#19155));
#19155 = FILL_AREA_STYLE_COLOUR('',#19106);
#19156 = STYLED_ITEM('color',(#19157),#7613);
#19157 = PRESENTATION_STYLE_ASSIGNMENT((#19158));
#19158 = SURFACE_STYLE_USAGE(.BOTH.,#19159);
#19159 = SURFACE_SIDE_STYLE('',(#19160));
#19160 = SURFACE_STYLE_FILL_AREA(#19161);
#19161 = FILL_AREA_STYLE('',(#19162));
#19162 = FILL_AREA_STYLE_COLOUR('',#19106);
#19163 = STYLED_ITEM('color',(#19164),#7637);
#19164 = PRESENTATION_STYLE_ASSIGNMENT((#19165));
#19165 = SURFACE_STYLE_USAGE(.BOTH.,#19166);
#19166 = SURFACE_SIDE_STYLE('',(#19167));
#19167 = SURFACE_STYLE_FILL_AREA(#19168);
#19168 = FILL_AREA_STYLE('',(#19169));
#19169 = FILL_AREA_STYLE_COLOUR('',#19106);
#19170 = STYLED_ITEM('color',(#19171),#7695);
#19171 = PRESENTATION_STYLE_ASSIGNMENT((#19172));
#19172 = SURFACE_STYLE_USAGE(.BOTH.,#19173);
#19173 = SURFACE_SIDE_STYLE('',(#19174));
#19174 = SURFACE_STYLE_FILL_AREA(#19175);
#19175 = FILL_AREA_STYLE('',(#19176));
#19176 = FILL_AREA_STYLE_COLOUR('',#19106);
#19177 = STYLED_ITEM('color',(#19178),#7719);
#19178 = PRESENTATION_STYLE_ASSIGNMENT((#19179));
#19179 = SURFACE_STYLE_USAGE(.BOTH.,#19180);
#19180 = SURFACE_SIDE_STYLE('',(#19181));
#19181 = SURFACE_STYLE_FILL_AREA(#19182);
#19182 = FILL_AREA_STYLE('',(#19183));
#19183 = FILL_AREA_STYLE_COLOUR('',#19106);
#19184 = STYLED_ITEM('color',(#19185),#7777);
#19185 = PRESENTATION_STYLE_ASSIGNMENT((#19186));
#19186 = SURFACE_STYLE_USAGE(.BOTH.,#19187);
#19187 = SURFACE_SIDE_STYLE('',(#19188));
#19188 = SURFACE_STYLE_FILL_AREA(#19189);
#19189 = FILL_AREA_STYLE('',(#19190));
#19190 = FILL_AREA_STYLE_COLOUR('',#19106);
#19191 = STYLED_ITEM('color',(#19192),#7801);
#19192 = PRESENTATION_STYLE_ASSIGNMENT((#19193));
#19193 = SURFACE_STYLE_USAGE(.BOTH.,#19194);
#19194 = SURFACE_SIDE_STYLE('',(#19195));
#19195 = SURFACE_STYLE_FILL_AREA(#19196);
#19196 = FILL_AREA_STYLE('',(#19197));
#19197 = FILL_AREA_STYLE_COLOUR('',#19106);
#19198 = STYLED_ITEM('color',(#19199),#7825);
#19199 = PRESENTATION_STYLE_ASSIGNMENT((#19200));
#19200 = SURFACE_STYLE_USAGE(.BOTH.,#19201);
#19201 = SURFACE_SIDE_STYLE('',(#19202));
#19202 = SURFACE_STYLE_FILL_AREA(#19203);
#19203 = FILL_AREA_STYLE('',(#19204));
#19204 = FILL_AREA_STYLE_COLOUR('',#19106);
#19205 = STYLED_ITEM('color',(#19206),#7849);
#19206 = PRESENTATION_STYLE_ASSIGNMENT((#19207));
#19207 = SURFACE_STYLE_USAGE(.BOTH.,#19208);
#19208 = SURFACE_SIDE_STYLE('',(#19209));
#19209 = SURFACE_STYLE_FILL_AREA(#19210);
#19210 = FILL_AREA_STYLE('',(#19211));
#19211 = FILL_AREA_STYLE_COLOUR('',#19106);
#19212 = STYLED_ITEM('color',(#19213),#7998);
#19213 = PRESENTATION_STYLE_ASSIGNMENT((#19214));
#19214 = SURFACE_STYLE_USAGE(.BOTH.,#19215);
#19215 = SURFACE_SIDE_STYLE('',(#19216));
#19216 = SURFACE_STYLE_FILL_AREA(#19217);
#19217 = FILL_AREA_STYLE('',(#19218));
#19218 = FILL_AREA_STYLE_COLOUR('',#19106);
#19219 = STYLED_ITEM('color',(#19220),#8049);
#19220 = PRESENTATION_STYLE_ASSIGNMENT((#19221));
#19221 = SURFACE_STYLE_USAGE(.BOTH.,#19222);
#19222 = SURFACE_SIDE_STYLE('',(#19223));
#19223 = SURFACE_STYLE_FILL_AREA(#19224);
#19224 = FILL_AREA_STYLE('',(#19225));
#19225 = FILL_AREA_STYLE_COLOUR('',#19106);
#19226 = STYLED_ITEM('color',(#19227),#8100);
#19227 = PRESENTATION_STYLE_ASSIGNMENT((#19228));
#19228 = SURFACE_STYLE_USAGE(.BOTH.,#19229);
#19229 = SURFACE_SIDE_STYLE('',(#19230));
#19230 = SURFACE_STYLE_FILL_AREA(#19231);
#19231 = FILL_AREA_STYLE('',(#19232));
#19232 = FILL_AREA_STYLE_COLOUR('',#19106);
#19233 = STYLED_ITEM('color',(#19234),#8117);
#19234 = PRESENTATION_STYLE_ASSIGNMENT((#19235));
#19235 = SURFACE_STYLE_USAGE(.BOTH.,#19236);
#19236 = SURFACE_SIDE_STYLE('',(#19237));
#19237 = SURFACE_STYLE_FILL_AREA(#19238);
#19238 = FILL_AREA_STYLE('',(#19239));
#19239 = FILL_AREA_STYLE_COLOUR('',#19106);
#19240 = STYLED_ITEM('color',(#19241),#8134);
#19241 = PRESENTATION_STYLE_ASSIGNMENT((#19242));
#19242 = SURFACE_STYLE_USAGE(.BOTH.,#19243);
#19243 = SURFACE_SIDE_STYLE('',(#19244));
#19244 = SURFACE_STYLE_FILL_AREA(#19245);
#19245 = FILL_AREA_STYLE('',(#19246));
#19246 = FILL_AREA_STYLE_COLOUR('',#19106);
#19247 = STYLED_ITEM('color',(#19248),#8154);
#19248 = PRESENTATION_STYLE_ASSIGNMENT((#19249));
#19249 = SURFACE_STYLE_USAGE(.BOTH.,#19250);
#19250 = SURFACE_SIDE_STYLE('',(#19251));
#19251 = SURFACE_STYLE_FILL_AREA(#19252);
#19252 = FILL_AREA_STYLE('',(#19253));
#19253 = FILL_AREA_STYLE_COLOUR('',#19254);
#19254 = COLOUR_RGB('',0.823529417451,0.819607860991,0.780392170416);
#19255 = STYLED_ITEM('color',(#19256),#8185);
#19256 = PRESENTATION_STYLE_ASSIGNMENT((#19257));
#19257 = SURFACE_STYLE_USAGE(.BOTH.,#19258);
#19258 = SURFACE_SIDE_STYLE('',(#19259));
#19259 = SURFACE_STYLE_FILL_AREA(#19260);
#19260 = FILL_AREA_STYLE('',(#19261));
#19261 = FILL_AREA_STYLE_COLOUR('',#19254);
#19262 = STYLED_ITEM('color',(#19263),#8209);
#19263 = PRESENTATION_STYLE_ASSIGNMENT((#19264));
#19264 = SURFACE_STYLE_USAGE(.BOTH.,#19265);
#19265 = SURFACE_SIDE_STYLE('',(#19266));
#19266 = SURFACE_STYLE_FILL_AREA(#19267);
#19267 = FILL_AREA_STYLE('',(#19268));
#19268 = FILL_AREA_STYLE_COLOUR('',#19254);
#19269 = STYLED_ITEM('color',(#19270),#8233);
#19270 = PRESENTATION_STYLE_ASSIGNMENT((#19271));
#19271 = SURFACE_STYLE_USAGE(.BOTH.,#19272);
#19272 = SURFACE_SIDE_STYLE('',(#19273));
#19273 = SURFACE_STYLE_FILL_AREA(#19274);
#19274 = FILL_AREA_STYLE('',(#19275));
#19275 = FILL_AREA_STYLE_COLOUR('',#19254);
#19276 = STYLED_ITEM('color',(#19277),#8250);
#19277 = PRESENTATION_STYLE_ASSIGNMENT((#19278));
#19278 = SURFACE_STYLE_USAGE(.BOTH.,#19279);
#19279 = SURFACE_SIDE_STYLE('',(#19280));
#19280 = SURFACE_STYLE_FILL_AREA(#19281);
#19281 = FILL_AREA_STYLE('',(#19282));
#19282 = FILL_AREA_STYLE_COLOUR('',#19106);
#19283 = STYLED_ITEM('color',(#19284),#8272);
#19284 = PRESENTATION_STYLE_ASSIGNMENT((#19285));
#19285 = SURFACE_STYLE_USAGE(.BOTH.,#19286);
#19286 = SURFACE_SIDE_STYLE('',(#19287));
#19287 = SURFACE_STYLE_FILL_AREA(#19288);
#19288 = FILL_AREA_STYLE('',(#19289));
#19289 = FILL_AREA_STYLE_COLOUR('',#19106);
#19290 = STYLED_ITEM('color',(#19291),#8289);
#19291 = PRESENTATION_STYLE_ASSIGNMENT((#19292));
#19292 = SURFACE_STYLE_USAGE(.BOTH.,#19293);
#19293 = SURFACE_SIDE_STYLE('',(#19294));
#19294 = SURFACE_STYLE_FILL_AREA(#19295);
#19295 = FILL_AREA_STYLE('',(#19296));
#19296 = FILL_AREA_STYLE_COLOUR('',#19106);
#19297 = STYLED_ITEM('color',(#19298),#8306);
#19298 = PRESENTATION_STYLE_ASSIGNMENT((#19299));
#19299 = SURFACE_STYLE_USAGE(.BOTH.,#19300);
#19300 = SURFACE_SIDE_STYLE('',(#19301));
#19301 = SURFACE_STYLE_FILL_AREA(#19302);
#19302 = FILL_AREA_STYLE('',(#19303));
#19303 = FILL_AREA_STYLE_COLOUR('',#19106);
#19304 = STYLED_ITEM('color',(#19305),#8318);
#19305 = PRESENTATION_STYLE_ASSIGNMENT((#19306));
#19306 = SURFACE_STYLE_USAGE(.BOTH.,#19307);
#19307 = SURFACE_SIDE_STYLE('',(#19308));
#19308 = SURFACE_STYLE_FILL_AREA(#19309);
#19309 = FILL_AREA_STYLE('',(#19310));
#19310 = FILL_AREA_STYLE_COLOUR('',#19254);
#19311 = STYLED_ITEM('color',(#19312),#8349);
#19312 = PRESENTATION_STYLE_ASSIGNMENT((#19313));
#19313 = SURFACE_STYLE_USAGE(.BOTH.,#19314);
#19314 = SURFACE_SIDE_STYLE('',(#19315));
#19315 = SURFACE_STYLE_FILL_AREA(#19316);
#19316 = FILL_AREA_STYLE('',(#19317));
#19317 = FILL_AREA_STYLE_COLOUR('',#19254);
#19318 = STYLED_ITEM('color',(#19319),#8373);
#19319 = PRESENTATION_STYLE_ASSIGNMENT((#19320));
#19320 = SURFACE_STYLE_USAGE(.BOTH.,#19321);
#19321 = SURFACE_SIDE_STYLE('',(#19322));
#19322 = SURFACE_STYLE_FILL_AREA(#19323);
#19323 = FILL_AREA_STYLE('',(#19324));
#19324 = FILL_AREA_STYLE_COLOUR('',#19254);
#19325 = STYLED_ITEM('color',(#19326),#8397);
#19326 = PRESENTATION_STYLE_ASSIGNMENT((#19327));
#19327 = SURFACE_STYLE_USAGE(.BOTH.,#19328);
#19328 = SURFACE_SIDE_STYLE('',(#19329));
#19329 = SURFACE_STYLE_FILL_AREA(#19330);
#19330 = FILL_AREA_STYLE('',(#19331));
#19331 = FILL_AREA_STYLE_COLOUR('',#19254);
#19332 = STYLED_ITEM('color',(#19333),#8414);
#19333 = PRESENTATION_STYLE_ASSIGNMENT((#19334));
#19334 = SURFACE_STYLE_USAGE(.BOTH.,#19335);
#19335 = SURFACE_SIDE_STYLE('',(#19336));
#19336 = SURFACE_STYLE_FILL_AREA(#19337);
#19337 = FILL_AREA_STYLE('',(#19338));
#19338 = FILL_AREA_STYLE_COLOUR('',#19106);
#19339 = STYLED_ITEM('color',(#19340),#8431);
#19340 = PRESENTATION_STYLE_ASSIGNMENT((#19341));
#19341 = SURFACE_STYLE_USAGE(.BOTH.,#19342);
#19342 = SURFACE_SIDE_STYLE('',(#19343));
#19343 = SURFACE_STYLE_FILL_AREA(#19344);
#19344 = FILL_AREA_STYLE('',(#19345));
#19345 = FILL_AREA_STYLE_COLOUR('',#19254);
#19346 = STYLED_ITEM('color',(#19347),#8462);
#19347 = PRESENTATION_STYLE_ASSIGNMENT((#19348));
#19348 = SURFACE_STYLE_USAGE(.BOTH.,#19349);
#19349 = SURFACE_SIDE_STYLE('',(#19350));
#19350 = SURFACE_STYLE_FILL_AREA(#19351);
#19351 = FILL_AREA_STYLE('',(#19352));
#19352 = FILL_AREA_STYLE_COLOUR('',#19254);
#19353 = STYLED_ITEM('color',(#19354),#8486);
#19354 = PRESENTATION_STYLE_ASSIGNMENT((#19355));
#19355 = SURFACE_STYLE_USAGE(.BOTH.,#19356);
#19356 = SURFACE_SIDE_STYLE('',(#19357));
#19357 = SURFACE_STYLE_FILL_AREA(#19358);
#19358 = FILL_AREA_STYLE('',(#19359));
#19359 = FILL_AREA_STYLE_COLOUR('',#19254);
#19360 = STYLED_ITEM('color',(#19361),#8510);
#19361 = PRESENTATION_STYLE_ASSIGNMENT((#19362));
#19362 = SURFACE_STYLE_USAGE(.BOTH.,#19363);
#19363 = SURFACE_SIDE_STYLE('',(#19364));
#19364 = SURFACE_STYLE_FILL_AREA(#19365);
#19365 = FILL_AREA_STYLE('',(#19366));
#19366 = FILL_AREA_STYLE_COLOUR('',#19254);
#19367 = STYLED_ITEM('color',(#19368),#8527);
#19368 = PRESENTATION_STYLE_ASSIGNMENT((#19369));
#19369 = SURFACE_STYLE_USAGE(.BOTH.,#19370);
#19370 = SURFACE_SIDE_STYLE('',(#19371));
#19371 = SURFACE_STYLE_FILL_AREA(#19372);
#19372 = FILL_AREA_STYLE('',(#19373));
#19373 = FILL_AREA_STYLE_COLOUR('',#19254);
#19374 = STYLED_ITEM('color',(#19375),#8558);
#19375 = PRESENTATION_STYLE_ASSIGNMENT((#19376));
#19376 = SURFACE_STYLE_USAGE(.BOTH.,#19377);
#19377 = SURFACE_SIDE_STYLE('',(#19378));
#19378 = SURFACE_STYLE_FILL_AREA(#19379);
#19379 = FILL_AREA_STYLE('',(#19380));
#19380 = FILL_AREA_STYLE_COLOUR('',#19254);
#19381 = STYLED_ITEM('color',(#19382),#8582);
#19382 = PRESENTATION_STYLE_ASSIGNMENT((#19383));
#19383 = SURFACE_STYLE_USAGE(.BOTH.,#19384);
#19384 = SURFACE_SIDE_STYLE('',(#19385));
#19385 = SURFACE_STYLE_FILL_AREA(#19386);
#19386 = FILL_AREA_STYLE('',(#19387));
#19387 = FILL_AREA_STYLE_COLOUR('',#19254);
#19388 = STYLED_ITEM('color',(#19389),#8606);
#19389 = PRESENTATION_STYLE_ASSIGNMENT((#19390));
#19390 = SURFACE_STYLE_USAGE(.BOTH.,#19391);
#19391 = SURFACE_SIDE_STYLE('',(#19392));
#19392 = SURFACE_STYLE_FILL_AREA(#19393);
#19393 = FILL_AREA_STYLE('',(#19394));
#19394 = FILL_AREA_STYLE_COLOUR('',#19254);
#19395 = STYLED_ITEM('color',(#19396),#8623);
#19396 = PRESENTATION_STYLE_ASSIGNMENT((#19397));
#19397 = SURFACE_STYLE_USAGE(.BOTH.,#19398);
#19398 = SURFACE_SIDE_STYLE('',(#19399));
#19399 = SURFACE_STYLE_FILL_AREA(#19400);
#19400 = FILL_AREA_STYLE('',(#19401));
#19401 = FILL_AREA_STYLE_COLOUR('',#19106);
#19402 = STYLED_ITEM('color',(#19403),#8640);
#19403 = PRESENTATION_STYLE_ASSIGNMENT((#19404));
#19404 = SURFACE_STYLE_USAGE(.BOTH.,#19405);
#19405 = SURFACE_SIDE_STYLE('',(#19406));
#19406 = SURFACE_STYLE_FILL_AREA(#19407);
#19407 = FILL_AREA_STYLE('',(#19408));
#19408 = FILL_AREA_STYLE_COLOUR('',#19106);
#19409 = STYLED_ITEM('color',(#19410),#8657);
#19410 = PRESENTATION_STYLE_ASSIGNMENT((#19411));
#19411 = SURFACE_STYLE_USAGE(.BOTH.,#19412);
#19412 = SURFACE_SIDE_STYLE('',(#19413));
#19413 = SURFACE_STYLE_FILL_AREA(#19414);
#19414 = FILL_AREA_STYLE('',(#19415));
#19415 = FILL_AREA_STYLE_COLOUR('',#19106);
#19416 = STYLED_ITEM('color',(#19417),#8669);
#19417 = PRESENTATION_STYLE_ASSIGNMENT((#19418));
#19418 = SURFACE_STYLE_USAGE(.BOTH.,#19419);
#19419 = SURFACE_SIDE_STYLE('',(#19420));
#19420 = SURFACE_STYLE_FILL_AREA(#19421);
#19421 = FILL_AREA_STYLE('',(#19422));
#19422 = FILL_AREA_STYLE_COLOUR('',#19254);
#19423 = STYLED_ITEM('color',(#19424),#8700);
#19424 = PRESENTATION_STYLE_ASSIGNMENT((#19425));
#19425 = SURFACE_STYLE_USAGE(.BOTH.,#19426);
#19426 = SURFACE_SIDE_STYLE('',(#19427));
#19427 = SURFACE_STYLE_FILL_AREA(#19428);
#19428 = FILL_AREA_STYLE('',(#19429));
#19429 = FILL_AREA_STYLE_COLOUR('',#19254);
#19430 = STYLED_ITEM('color',(#19431),#8724);
#19431 = PRESENTATION_STYLE_ASSIGNMENT((#19432));
#19432 = SURFACE_STYLE_USAGE(.BOTH.,#19433);
#19433 = SURFACE_SIDE_STYLE('',(#19434));
#19434 = SURFACE_STYLE_FILL_AREA(#19435);
#19435 = FILL_AREA_STYLE('',(#19436));
#19436 = FILL_AREA_STYLE_COLOUR('',#19254);
#19437 = STYLED_ITEM('color',(#19438),#8748);
#19438 = PRESENTATION_STYLE_ASSIGNMENT((#19439));
#19439 = SURFACE_STYLE_USAGE(.BOTH.,#19440);
#19440 = SURFACE_SIDE_STYLE('',(#19441));
#19441 = SURFACE_STYLE_FILL_AREA(#19442);
#19442 = FILL_AREA_STYLE('',(#19443));
#19443 = FILL_AREA_STYLE_COLOUR('',#19254);
#19444 = STYLED_ITEM('color',(#19445),#8765);
#19445 = PRESENTATION_STYLE_ASSIGNMENT((#19446));
#19446 = SURFACE_STYLE_USAGE(.BOTH.,#19447);
#19447 = SURFACE_SIDE_STYLE('',(#19448));
#19448 = SURFACE_STYLE_FILL_AREA(#19449);
#19449 = FILL_AREA_STYLE('',(#19450));
#19450 = FILL_AREA_STYLE_COLOUR('',#19254);
#19451 = STYLED_ITEM('color',(#19452),#8796);
#19452 = PRESENTATION_STYLE_ASSIGNMENT((#19453));
#19453 = SURFACE_STYLE_USAGE(.BOTH.,#19454);
#19454 = SURFACE_SIDE_STYLE('',(#19455));
#19455 = SURFACE_STYLE_FILL_AREA(#19456);
#19456 = FILL_AREA_STYLE('',(#19457));
#19457 = FILL_AREA_STYLE_COLOUR('',#19254);
#19458 = STYLED_ITEM('color',(#19459),#8820);
#19459 = PRESENTATION_STYLE_ASSIGNMENT((#19460));
#19460 = SURFACE_STYLE_USAGE(.BOTH.,#19461);
#19461 = SURFACE_SIDE_STYLE('',(#19462));
#19462 = SURFACE_STYLE_FILL_AREA(#19463);
#19463 = FILL_AREA_STYLE('',(#19464));
#19464 = FILL_AREA_STYLE_COLOUR('',#19254);
#19465 = STYLED_ITEM('color',(#19466),#8844);
#19466 = PRESENTATION_STYLE_ASSIGNMENT((#19467));
#19467 = SURFACE_STYLE_USAGE(.BOTH.,#19468);
#19468 = SURFACE_SIDE_STYLE('',(#19469));
#19469 = SURFACE_STYLE_FILL_AREA(#19470);
#19470 = FILL_AREA_STYLE('',(#19471));
#19471 = FILL_AREA_STYLE_COLOUR('',#19254);
#19472 = STYLED_ITEM('color',(#19473),#8861);
#19473 = PRESENTATION_STYLE_ASSIGNMENT((#19474));
#19474 = SURFACE_STYLE_USAGE(.BOTH.,#19475);
#19475 = SURFACE_SIDE_STYLE('',(#19476));
#19476 = SURFACE_STYLE_FILL_AREA(#19477);
#19477 = FILL_AREA_STYLE('',(#19478));
#19478 = FILL_AREA_STYLE_COLOUR('',#19254);
#19479 = STYLED_ITEM('color',(#19480),#8892);
#19480 = PRESENTATION_STYLE_ASSIGNMENT((#19481));
#19481 = SURFACE_STYLE_USAGE(.BOTH.,#19482);
#19482 = SURFACE_SIDE_STYLE('',(#19483));
#19483 = SURFACE_STYLE_FILL_AREA(#19484);
#19484 = FILL_AREA_STYLE('',(#19485));
#19485 = FILL_AREA_STYLE_COLOUR('',#19254);
#19486 = STYLED_ITEM('color',(#19487),#8916);
#19487 = PRESENTATION_STYLE_ASSIGNMENT((#19488));
#19488 = SURFACE_STYLE_USAGE(.BOTH.,#19489);
#19489 = SURFACE_SIDE_STYLE('',(#19490));
#19490 = SURFACE_STYLE_FILL_AREA(#19491);
#19491 = FILL_AREA_STYLE('',(#19492));
#19492 = FILL_AREA_STYLE_COLOUR('',#19254);
#19493 = STYLED_ITEM('color',(#19494),#8940);
#19494 = PRESENTATION_STYLE_ASSIGNMENT((#19495));
#19495 = SURFACE_STYLE_USAGE(.BOTH.,#19496);
#19496 = SURFACE_SIDE_STYLE('',(#19497));
#19497 = SURFACE_STYLE_FILL_AREA(#19498);
#19498 = FILL_AREA_STYLE('',(#19499));
#19499 = FILL_AREA_STYLE_COLOUR('',#19254);
#19500 = STYLED_ITEM('color',(#19501),#8957);
#19501 = PRESENTATION_STYLE_ASSIGNMENT((#19502));
#19502 = SURFACE_STYLE_USAGE(.BOTH.,#19503);
#19503 = SURFACE_SIDE_STYLE('',(#19504));
#19504 = SURFACE_STYLE_FILL_AREA(#19505);
#19505 = FILL_AREA_STYLE('',(#19506));
#19506 = FILL_AREA_STYLE_COLOUR('',#19254);
#19507 = STYLED_ITEM('color',(#19508),#8988);
#19508 = PRESENTATION_STYLE_ASSIGNMENT((#19509));
#19509 = SURFACE_STYLE_USAGE(.BOTH.,#19510);
#19510 = SURFACE_SIDE_STYLE('',(#19511));
#19511 = SURFACE_STYLE_FILL_AREA(#19512);
#19512 = FILL_AREA_STYLE('',(#19513));
#19513 = FILL_AREA_STYLE_COLOUR('',#19254);
#19514 = STYLED_ITEM('color',(#19515),#9012);
#19515 = PRESENTATION_STYLE_ASSIGNMENT((#19516));
#19516 = SURFACE_STYLE_USAGE(.BOTH.,#19517);
#19517 = SURFACE_SIDE_STYLE('',(#19518));
#19518 = SURFACE_STYLE_FILL_AREA(#19519);
#19519 = FILL_AREA_STYLE('',(#19520));
#19520 = FILL_AREA_STYLE_COLOUR('',#19254);
#19521 = STYLED_ITEM('color',(#19522),#9036);
#19522 = PRESENTATION_STYLE_ASSIGNMENT((#19523));
#19523 = SURFACE_STYLE_USAGE(.BOTH.,#19524);
#19524 = SURFACE_SIDE_STYLE('',(#19525));
#19525 = SURFACE_STYLE_FILL_AREA(#19526);
#19526 = FILL_AREA_STYLE('',(#19527));
#19527 = FILL_AREA_STYLE_COLOUR('',#19254);
#19528 = STYLED_ITEM('color',(#19529),#9053);
#19529 = PRESENTATION_STYLE_ASSIGNMENT((#19530));
#19530 = SURFACE_STYLE_USAGE(.BOTH.,#19531);
#19531 = SURFACE_SIDE_STYLE('',(#19532));
#19532 = SURFACE_STYLE_FILL_AREA(#19533);
#19533 = FILL_AREA_STYLE('',(#19534));
#19534 = FILL_AREA_STYLE_COLOUR('',#19254);
#19535 = STYLED_ITEM('color',(#19536),#9065);
#19536 = PRESENTATION_STYLE_ASSIGNMENT((#19537));
#19537 = SURFACE_STYLE_USAGE(.BOTH.,#19538);
#19538 = SURFACE_SIDE_STYLE('',(#19539));
#19539 = SURFACE_STYLE_FILL_AREA(#19540);
#19540 = FILL_AREA_STYLE('',(#19541));
#19541 = FILL_AREA_STYLE_COLOUR('',#19254);
#19542 = STYLED_ITEM('color',(#19543),#9077);
#19543 = PRESENTATION_STYLE_ASSIGNMENT((#19544));
#19544 = SURFACE_STYLE_USAGE(.BOTH.,#19545);
#19545 = SURFACE_SIDE_STYLE('',(#19546));
#19546 = SURFACE_STYLE_FILL_AREA(#19547);
#19547 = FILL_AREA_STYLE('',(#19548));
#19548 = FILL_AREA_STYLE_COLOUR('',#19254);
#19549 = STYLED_ITEM('color',(#19550),#9089);
#19550 = PRESENTATION_STYLE_ASSIGNMENT((#19551));
#19551 = SURFACE_STYLE_USAGE(.BOTH.,#19552);
#19552 = SURFACE_SIDE_STYLE('',(#19553));
#19553 = SURFACE_STYLE_FILL_AREA(#19554);
#19554 = FILL_AREA_STYLE('',(#19555));
#19555 = FILL_AREA_STYLE_COLOUR('',#19254);
#19556 = MECHANICAL_DESIGN_GEOMETRIC_PRESENTATION_REPRESENTATION('',(
    #19557,#19564,#19571,#19578,#19585,#19592,#19599,#19606,#19613,
    #19620,#19627,#19634,#19641,#19648,#19655,#19662,#19669,#19676,
    #19683,#19690,#19697,#19704,#19711,#19718,#19725,#19732,#19739,
    #19746,#19753,#19760,#19767,#19774,#19781,#19788,#19795,#19802,
    #19809,#19816,#19823,#19830,#19837,#19844,#19851,#19858,#19865,
    #19872,#19879,#19886,#19893,#19900,#19907,#19914,#19921,#19928,
    #19935,#19942,#19949,#19956,#19963,#19970,#19977,#19984,#19991,
    #19998,#20005,#20012,#20019,#20026,#20033,#20040,#20047,#20054,
    #20061,#20068,#20075,#20082,#20089,#20096,#20103,#20110,#20117,
    #20124,#20131,#20138,#20145,#20152,#20159,#20166,#20173,#20180,
    #20187,#20194,#20201,#20208,#20215,#20222,#20229,#20236,#20243,
    #20250,#20257,#20264,#20271,#20278,#20285,#20292,#20299,#20306,
    #20313,#20320,#20327,#20334,#20341,#20348,#20355,#20362,#20369,
    #20376,#20383,#20390,#20397,#20404,#20411,#20418,#20425,#20432,
    #20439,#20446,#20453,#20460,#20467,#20474,#20481,#20488,#20495,
    #20502,#20509,#20516,#20523,#20530,#20537,#20544,#20551,#20558,
    #20565),#5658);
#19557 = STYLED_ITEM('color',(#19558),#1531);
#19558 = PRESENTATION_STYLE_ASSIGNMENT((#19559));
#19559 = SURFACE_STYLE_USAGE(.BOTH.,#19560);
#19560 = SURFACE_SIDE_STYLE('',(#19561));
#19561 = SURFACE_STYLE_FILL_AREA(#19562);
#19562 = FILL_AREA_STYLE('',(#19563));
#19563 = FILL_AREA_STYLE_COLOUR('',#18168);
#19564 = STYLED_ITEM('color',(#19565),#1707);
#19565 = PRESENTATION_STYLE_ASSIGNMENT((#19566));
#19566 = SURFACE_STYLE_USAGE(.BOTH.,#19567);
#19567 = SURFACE_SIDE_STYLE('',(#19568));
#19568 = SURFACE_STYLE_FILL_AREA(#19569);
#19569 = FILL_AREA_STYLE('',(#19570));
#19570 = FILL_AREA_STYLE_COLOUR('',#18168);
#19571 = STYLED_ITEM('color',(#19572),#1874);
#19572 = PRESENTATION_STYLE_ASSIGNMENT((#19573));
#19573 = SURFACE_STYLE_USAGE(.BOTH.,#19574);
#19574 = SURFACE_SIDE_STYLE('',(#19575));
#19575 = SURFACE_STYLE_FILL_AREA(#19576);
#19576 = FILL_AREA_STYLE('',(#19577));
#19577 = FILL_AREA_STYLE_COLOUR('',#18168);
#19578 = STYLED_ITEM('color',(#19579),#1922);
#19579 = PRESENTATION_STYLE_ASSIGNMENT((#19580));
#19580 = SURFACE_STYLE_USAGE(.BOTH.,#19581);
#19581 = SURFACE_SIDE_STYLE('',(#19582));
#19582 = SURFACE_STYLE_FILL_AREA(#19583);
#19583 = FILL_AREA_STYLE('',(#19584));
#19584 = FILL_AREA_STYLE_COLOUR('',#18168);
#19585 = STYLED_ITEM('color',(#19586),#1970);
#19586 = PRESENTATION_STYLE_ASSIGNMENT((#19587));
#19587 = SURFACE_STYLE_USAGE(.BOTH.,#19588);
#19588 = SURFACE_SIDE_STYLE('',(#19589));
#19589 = SURFACE_STYLE_FILL_AREA(#19590);
#19590 = FILL_AREA_STYLE('',(#19591));
#19591 = FILL_AREA_STYLE_COLOUR('',#18168);
#19592 = STYLED_ITEM('color',(#19593),#1987);
#19593 = PRESENTATION_STYLE_ASSIGNMENT((#19594));
#19594 = SURFACE_STYLE_USAGE(.BOTH.,#19595);
#19595 = SURFACE_SIDE_STYLE('',(#19596));
#19596 = SURFACE_STYLE_FILL_AREA(#19597);
#19597 = FILL_AREA_STYLE('',(#19598));
#19598 = FILL_AREA_STYLE_COLOUR('',#17736);
#19599 = STYLED_ITEM('color',(#19600),#2018);
#19600 = PRESENTATION_STYLE_ASSIGNMENT((#19601));
#19601 = SURFACE_STYLE_USAGE(.BOTH.,#19602);
#19602 = SURFACE_SIDE_STYLE('',(#19603));
#19603 = SURFACE_STYLE_FILL_AREA(#19604);
#19604 = FILL_AREA_STYLE('',(#19605));
#19605 = FILL_AREA_STYLE_COLOUR('',#17736);
#19606 = STYLED_ITEM('color',(#19607),#2042);
#19607 = PRESENTATION_STYLE_ASSIGNMENT((#19608));
#19608 = SURFACE_STYLE_USAGE(.BOTH.,#19609);
#19609 = SURFACE_SIDE_STYLE('',(#19610));
#19610 = SURFACE_STYLE_FILL_AREA(#19611);
#19611 = FILL_AREA_STYLE('',(#19612));
#19612 = FILL_AREA_STYLE_COLOUR('',#17736);
#19613 = STYLED_ITEM('color',(#19614),#2066);
#19614 = PRESENTATION_STYLE_ASSIGNMENT((#19615));
#19615 = SURFACE_STYLE_USAGE(.BOTH.,#19616);
#19616 = SURFACE_SIDE_STYLE('',(#19617));
#19617 = SURFACE_STYLE_FILL_AREA(#19618);
#19618 = FILL_AREA_STYLE('',(#19619));
#19619 = FILL_AREA_STYLE_COLOUR('',#17736);
#19620 = STYLED_ITEM('color',(#19621),#2083);
#19621 = PRESENTATION_STYLE_ASSIGNMENT((#19622));
#19622 = SURFACE_STYLE_USAGE(.BOTH.,#19623);
#19623 = SURFACE_SIDE_STYLE('',(#19624));
#19624 = SURFACE_STYLE_FILL_AREA(#19625);
#19625 = FILL_AREA_STYLE('',(#19626));
#19626 = FILL_AREA_STYLE_COLOUR('',#17736);
#19627 = STYLED_ITEM('color',(#19628),#2114);
#19628 = PRESENTATION_STYLE_ASSIGNMENT((#19629));
#19629 = SURFACE_STYLE_USAGE(.BOTH.,#19630);
#19630 = SURFACE_SIDE_STYLE('',(#19631));
#19631 = SURFACE_STYLE_FILL_AREA(#19632);
#19632 = FILL_AREA_STYLE('',(#19633));
#19633 = FILL_AREA_STYLE_COLOUR('',#17736);
#19634 = STYLED_ITEM('color',(#19635),#2138);
#19635 = PRESENTATION_STYLE_ASSIGNMENT((#19636));
#19636 = SURFACE_STYLE_USAGE(.BOTH.,#19637);
#19637 = SURFACE_SIDE_STYLE('',(#19638));
#19638 = SURFACE_STYLE_FILL_AREA(#19639);
#19639 = FILL_AREA_STYLE('',(#19640));
#19640 = FILL_AREA_STYLE_COLOUR('',#17736);
#19641 = STYLED_ITEM('color',(#19642),#2162);
#19642 = PRESENTATION_STYLE_ASSIGNMENT((#19643));
#19643 = SURFACE_STYLE_USAGE(.BOTH.,#19644);
#19644 = SURFACE_SIDE_STYLE('',(#19645));
#19645 = SURFACE_STYLE_FILL_AREA(#19646);
#19646 = FILL_AREA_STYLE('',(#19647));
#19647 = FILL_AREA_STYLE_COLOUR('',#17736);
#19648 = STYLED_ITEM('color',(#19649),#2179);
#19649 = PRESENTATION_STYLE_ASSIGNMENT((#19650));
#19650 = SURFACE_STYLE_USAGE(.BOTH.,#19651);
#19651 = SURFACE_SIDE_STYLE('',(#19652));
#19652 = SURFACE_STYLE_FILL_AREA(#19653);
#19653 = FILL_AREA_STYLE('',(#19654));
#19654 = FILL_AREA_STYLE_COLOUR('',#17736);
#19655 = STYLED_ITEM('color',(#19656),#2210);
#19656 = PRESENTATION_STYLE_ASSIGNMENT((#19657));
#19657 = SURFACE_STYLE_USAGE(.BOTH.,#19658);
#19658 = SURFACE_SIDE_STYLE('',(#19659));
#19659 = SURFACE_STYLE_FILL_AREA(#19660);
#19660 = FILL_AREA_STYLE('',(#19661));
#19661 = FILL_AREA_STYLE_COLOUR('',#17736);
#19662 = STYLED_ITEM('color',(#19663),#2234);
#19663 = PRESENTATION_STYLE_ASSIGNMENT((#19664));
#19664 = SURFACE_STYLE_USAGE(.BOTH.,#19665);
#19665 = SURFACE_SIDE_STYLE('',(#19666));
#19666 = SURFACE_STYLE_FILL_AREA(#19667);
#19667 = FILL_AREA_STYLE('',(#19668));
#19668 = FILL_AREA_STYLE_COLOUR('',#17736);
#19669 = STYLED_ITEM('color',(#19670),#2258);
#19670 = PRESENTATION_STYLE_ASSIGNMENT((#19671));
#19671 = SURFACE_STYLE_USAGE(.BOTH.,#19672);
#19672 = SURFACE_SIDE_STYLE('',(#19673));
#19673 = SURFACE_STYLE_FILL_AREA(#19674);
#19674 = FILL_AREA_STYLE('',(#19675));
#19675 = FILL_AREA_STYLE_COLOUR('',#17736);
#19676 = STYLED_ITEM('color',(#19677),#2275);
#19677 = PRESENTATION_STYLE_ASSIGNMENT((#19678));
#19678 = SURFACE_STYLE_USAGE(.BOTH.,#19679);
#19679 = SURFACE_SIDE_STYLE('',(#19680));
#19680 = SURFACE_STYLE_FILL_AREA(#19681);
#19681 = FILL_AREA_STYLE('',(#19682));
#19682 = FILL_AREA_STYLE_COLOUR('',#17736);
#19683 = STYLED_ITEM('color',(#19684),#2306);
#19684 = PRESENTATION_STYLE_ASSIGNMENT((#19685));
#19685 = SURFACE_STYLE_USAGE(.BOTH.,#19686);
#19686 = SURFACE_SIDE_STYLE('',(#19687));
#19687 = SURFACE_STYLE_FILL_AREA(#19688);
#19688 = FILL_AREA_STYLE('',(#19689));
#19689 = FILL_AREA_STYLE_COLOUR('',#17736);
#19690 = STYLED_ITEM('color',(#19691),#2330);
#19691 = PRESENTATION_STYLE_ASSIGNMENT((#19692));
#19692 = SURFACE_STYLE_USAGE(.BOTH.,#19693);
#19693 = SURFACE_SIDE_STYLE('',(#19694));
#19694 = SURFACE_STYLE_FILL_AREA(#19695);
#19695 = FILL_AREA_STYLE('',(#19696));
#19696 = FILL_AREA_STYLE_COLOUR('',#17736);
#19697 = STYLED_ITEM('color',(#19698),#2354);
#19698 = PRESENTATION_STYLE_ASSIGNMENT((#19699));
#19699 = SURFACE_STYLE_USAGE(.BOTH.,#19700);
#19700 = SURFACE_SIDE_STYLE('',(#19701));
#19701 = SURFACE_STYLE_FILL_AREA(#19702);
#19702 = FILL_AREA_STYLE('',(#19703));
#19703 = FILL_AREA_STYLE_COLOUR('',#17736);
#19704 = STYLED_ITEM('color',(#19705),#2371);
#19705 = PRESENTATION_STYLE_ASSIGNMENT((#19706));
#19706 = SURFACE_STYLE_USAGE(.BOTH.,#19707);
#19707 = SURFACE_SIDE_STYLE('',(#19708));
#19708 = SURFACE_STYLE_FILL_AREA(#19709);
#19709 = FILL_AREA_STYLE('',(#19710));
#19710 = FILL_AREA_STYLE_COLOUR('',#18168);
#19711 = STYLED_ITEM('color',(#19712),#2388);
#19712 = PRESENTATION_STYLE_ASSIGNMENT((#19713));
#19713 = SURFACE_STYLE_USAGE(.BOTH.,#19714);
#19714 = SURFACE_SIDE_STYLE('',(#19715));
#19715 = SURFACE_STYLE_FILL_AREA(#19716);
#19716 = FILL_AREA_STYLE('',(#19717));
#19717 = FILL_AREA_STYLE_COLOUR('',#18168);
#19718 = STYLED_ITEM('color',(#19719),#2417);
#19719 = PRESENTATION_STYLE_ASSIGNMENT((#19720));
#19720 = SURFACE_STYLE_USAGE(.BOTH.,#19721);
#19721 = SURFACE_SIDE_STYLE('',(#19722));
#19722 = SURFACE_STYLE_FILL_AREA(#19723);
#19723 = FILL_AREA_STYLE('',(#19724));
#19724 = FILL_AREA_STYLE_COLOUR('',#18168);
#19725 = STYLED_ITEM('color',(#19726),#2440);
#19726 = PRESENTATION_STYLE_ASSIGNMENT((#19727));
#19727 = SURFACE_STYLE_USAGE(.BOTH.,#19728);
#19728 = SURFACE_SIDE_STYLE('',(#19729));
#19729 = SURFACE_STYLE_FILL_AREA(#19730);
#19730 = FILL_AREA_STYLE('',(#19731));
#19731 = FILL_AREA_STYLE_COLOUR('',#18168);
#19732 = STYLED_ITEM('color',(#19733),#2463);
#19733 = PRESENTATION_STYLE_ASSIGNMENT((#19734));
#19734 = SURFACE_STYLE_USAGE(.BOTH.,#19735);
#19735 = SURFACE_SIDE_STYLE('',(#19736));
#19736 = SURFACE_STYLE_FILL_AREA(#19737);
#19737 = FILL_AREA_STYLE('',(#19738));
#19738 = FILL_AREA_STYLE_COLOUR('',#18168);
#19739 = STYLED_ITEM('color',(#19740),#2480);
#19740 = PRESENTATION_STYLE_ASSIGNMENT((#19741));
#19741 = SURFACE_STYLE_USAGE(.BOTH.,#19742);
#19742 = SURFACE_SIDE_STYLE('',(#19743));
#19743 = SURFACE_STYLE_FILL_AREA(#19744);
#19744 = FILL_AREA_STYLE('',(#19745));
#19745 = FILL_AREA_STYLE_COLOUR('',#18168);
#19746 = STYLED_ITEM('color',(#19747),#2509);
#19747 = PRESENTATION_STYLE_ASSIGNMENT((#19748));
#19748 = SURFACE_STYLE_USAGE(.BOTH.,#19749);
#19749 = SURFACE_SIDE_STYLE('',(#19750));
#19750 = SURFACE_STYLE_FILL_AREA(#19751);
#19751 = FILL_AREA_STYLE('',(#19752));
#19752 = FILL_AREA_STYLE_COLOUR('',#18168);
#19753 = STYLED_ITEM('color',(#19754),#2532);
#19754 = PRESENTATION_STYLE_ASSIGNMENT((#19755));
#19755 = SURFACE_STYLE_USAGE(.BOTH.,#19756);
#19756 = SURFACE_SIDE_STYLE('',(#19757));
#19757 = SURFACE_STYLE_FILL_AREA(#19758);
#19758 = FILL_AREA_STYLE('',(#19759));
#19759 = FILL_AREA_STYLE_COLOUR('',#18168);
#19760 = STYLED_ITEM('color',(#19761),#2555);
#19761 = PRESENTATION_STYLE_ASSIGNMENT((#19762));
#19762 = SURFACE_STYLE_USAGE(.BOTH.,#19763);
#19763 = SURFACE_SIDE_STYLE('',(#19764));
#19764 = SURFACE_STYLE_FILL_AREA(#19765);
#19765 = FILL_AREA_STYLE('',(#19766));
#19766 = FILL_AREA_STYLE_COLOUR('',#18168);
#19767 = STYLED_ITEM('color',(#19768),#2572);
#19768 = PRESENTATION_STYLE_ASSIGNMENT((#19769));
#19769 = SURFACE_STYLE_USAGE(.BOTH.,#19770);
#19770 = SURFACE_SIDE_STYLE('',(#19771));
#19771 = SURFACE_STYLE_FILL_AREA(#19772);
#19772 = FILL_AREA_STYLE('',(#19773));
#19773 = FILL_AREA_STYLE_COLOUR('',#18168);
#19774 = STYLED_ITEM('color',(#19775),#2601);
#19775 = PRESENTATION_STYLE_ASSIGNMENT((#19776));
#19776 = SURFACE_STYLE_USAGE(.BOTH.,#19777);
#19777 = SURFACE_SIDE_STYLE('',(#19778));
#19778 = SURFACE_STYLE_FILL_AREA(#19779);
#19779 = FILL_AREA_STYLE('',(#19780));
#19780 = FILL_AREA_STYLE_COLOUR('',#18168);
#19781 = STYLED_ITEM('color',(#19782),#2624);
#19782 = PRESENTATION_STYLE_ASSIGNMENT((#19783));
#19783 = SURFACE_STYLE_USAGE(.BOTH.,#19784);
#19784 = SURFACE_SIDE_STYLE('',(#19785));
#19785 = SURFACE_STYLE_FILL_AREA(#19786);
#19786 = FILL_AREA_STYLE('',(#19787));
#19787 = FILL_AREA_STYLE_COLOUR('',#18168);
#19788 = STYLED_ITEM('color',(#19789),#2647);
#19789 = PRESENTATION_STYLE_ASSIGNMENT((#19790));
#19790 = SURFACE_STYLE_USAGE(.BOTH.,#19791);
#19791 = SURFACE_SIDE_STYLE('',(#19792));
#19792 = SURFACE_STYLE_FILL_AREA(#19793);
#19793 = FILL_AREA_STYLE('',(#19794));
#19794 = FILL_AREA_STYLE_COLOUR('',#18168);
#19795 = STYLED_ITEM('color',(#19796),#2664);
#19796 = PRESENTATION_STYLE_ASSIGNMENT((#19797));
#19797 = SURFACE_STYLE_USAGE(.BOTH.,#19798);
#19798 = SURFACE_SIDE_STYLE('',(#19799));
#19799 = SURFACE_STYLE_FILL_AREA(#19800);
#19800 = FILL_AREA_STYLE('',(#19801));
#19801 = FILL_AREA_STYLE_COLOUR('',#18168);
#19802 = STYLED_ITEM('color',(#19803),#2693);
#19803 = PRESENTATION_STYLE_ASSIGNMENT((#19804));
#19804 = SURFACE_STYLE_USAGE(.BOTH.,#19805);
#19805 = SURFACE_SIDE_STYLE('',(#19806));
#19806 = SURFACE_STYLE_FILL_AREA(#19807);
#19807 = FILL_AREA_STYLE('',(#19808));
#19808 = FILL_AREA_STYLE_COLOUR('',#18168);
#19809 = STYLED_ITEM('color',(#19810),#2716);
#19810 = PRESENTATION_STYLE_ASSIGNMENT((#19811));
#19811 = SURFACE_STYLE_USAGE(.BOTH.,#19812);
#19812 = SURFACE_SIDE_STYLE('',(#19813));
#19813 = SURFACE_STYLE_FILL_AREA(#19814);
#19814 = FILL_AREA_STYLE('',(#19815));
#19815 = FILL_AREA_STYLE_COLOUR('',#18168);
#19816 = STYLED_ITEM('color',(#19817),#2739);
#19817 = PRESENTATION_STYLE_ASSIGNMENT((#19818));
#19818 = SURFACE_STYLE_USAGE(.BOTH.,#19819);
#19819 = SURFACE_SIDE_STYLE('',(#19820));
#19820 = SURFACE_STYLE_FILL_AREA(#19821);
#19821 = FILL_AREA_STYLE('',(#19822));
#19822 = FILL_AREA_STYLE_COLOUR('',#18168);
#19823 = STYLED_ITEM('color',(#19824),#2756);
#19824 = PRESENTATION_STYLE_ASSIGNMENT((#19825));
#19825 = SURFACE_STYLE_USAGE(.BOTH.,#19826);
#19826 = SURFACE_SIDE_STYLE('',(#19827));
#19827 = SURFACE_STYLE_FILL_AREA(#19828);
#19828 = FILL_AREA_STYLE('',(#19829));
#19829 = FILL_AREA_STYLE_COLOUR('',#18168);
#19830 = STYLED_ITEM('color',(#19831),#2773);
#19831 = PRESENTATION_STYLE_ASSIGNMENT((#19832));
#19832 = SURFACE_STYLE_USAGE(.BOTH.,#19833);
#19833 = SURFACE_SIDE_STYLE('',(#19834));
#19834 = SURFACE_STYLE_FILL_AREA(#19835);
#19835 = FILL_AREA_STYLE('',(#19836));
#19836 = FILL_AREA_STYLE_COLOUR('',#18168);
#19837 = STYLED_ITEM('color',(#19838),#2834);
#19838 = PRESENTATION_STYLE_ASSIGNMENT((#19839));
#19839 = SURFACE_STYLE_USAGE(.BOTH.,#19840);
#19840 = SURFACE_SIDE_STYLE('',(#19841));
#19841 = SURFACE_STYLE_FILL_AREA(#19842);
#19842 = FILL_AREA_STYLE('',(#19843));
#19843 = FILL_AREA_STYLE_COLOUR('',#18168);
#19844 = STYLED_ITEM('color',(#19845),#2846);
#19845 = PRESENTATION_STYLE_ASSIGNMENT((#19846));
#19846 = SURFACE_STYLE_USAGE(.BOTH.,#19847);
#19847 = SURFACE_SIDE_STYLE('',(#19848));
#19848 = SURFACE_STYLE_FILL_AREA(#19849);
#19849 = FILL_AREA_STYLE('',(#19850));
#19850 = FILL_AREA_STYLE_COLOUR('',#17736);
#19851 = STYLED_ITEM('color',(#19852),#2858);
#19852 = PRESENTATION_STYLE_ASSIGNMENT((#19853));
#19853 = SURFACE_STYLE_USAGE(.BOTH.,#19854);
#19854 = SURFACE_SIDE_STYLE('',(#19855));
#19855 = SURFACE_STYLE_FILL_AREA(#19856);
#19856 = FILL_AREA_STYLE('',(#19857));
#19857 = FILL_AREA_STYLE_COLOUR('',#17736);
#19858 = STYLED_ITEM('color',(#19859),#2870);
#19859 = PRESENTATION_STYLE_ASSIGNMENT((#19860));
#19860 = SURFACE_STYLE_USAGE(.BOTH.,#19861);
#19861 = SURFACE_SIDE_STYLE('',(#19862));
#19862 = SURFACE_STYLE_FILL_AREA(#19863);
#19863 = FILL_AREA_STYLE('',(#19864));
#19864 = FILL_AREA_STYLE_COLOUR('',#17736);
#19865 = STYLED_ITEM('color',(#19866),#2882);
#19866 = PRESENTATION_STYLE_ASSIGNMENT((#19867));
#19867 = SURFACE_STYLE_USAGE(.BOTH.,#19868);
#19868 = SURFACE_SIDE_STYLE('',(#19869));
#19869 = SURFACE_STYLE_FILL_AREA(#19870);
#19870 = FILL_AREA_STYLE('',(#19871));
#19871 = FILL_AREA_STYLE_COLOUR('',#17736);
#19872 = STYLED_ITEM('color',(#19873),#2894);
#19873 = PRESENTATION_STYLE_ASSIGNMENT((#19874));
#19874 = SURFACE_STYLE_USAGE(.BOTH.,#19875);
#19875 = SURFACE_SIDE_STYLE('',(#19876));
#19876 = SURFACE_STYLE_FILL_AREA(#19877);
#19877 = FILL_AREA_STYLE('',(#19878));
#19878 = FILL_AREA_STYLE_COLOUR('',#18168);
#19879 = STYLED_ITEM('color',(#19880),#2925);
#19880 = PRESENTATION_STYLE_ASSIGNMENT((#19881));
#19881 = SURFACE_STYLE_USAGE(.BOTH.,#19882);
#19882 = SURFACE_SIDE_STYLE('',(#19883));
#19883 = SURFACE_STYLE_FILL_AREA(#19884);
#19884 = FILL_AREA_STYLE('',(#19885));
#19885 = FILL_AREA_STYLE_COLOUR('',#18168);
#19886 = STYLED_ITEM('color',(#19887),#2949);
#19887 = PRESENTATION_STYLE_ASSIGNMENT((#19888));
#19888 = SURFACE_STYLE_USAGE(.BOTH.,#19889);
#19889 = SURFACE_SIDE_STYLE('',(#19890));
#19890 = SURFACE_STYLE_FILL_AREA(#19891);
#19891 = FILL_AREA_STYLE('',(#19892));
#19892 = FILL_AREA_STYLE_COLOUR('',#18168);
#19893 = STYLED_ITEM('color',(#19894),#2973);
#19894 = PRESENTATION_STYLE_ASSIGNMENT((#19895));
#19895 = SURFACE_STYLE_USAGE(.BOTH.,#19896);
#19896 = SURFACE_SIDE_STYLE('',(#19897));
#19897 = SURFACE_STYLE_FILL_AREA(#19898);
#19898 = FILL_AREA_STYLE('',(#19899));
#19899 = FILL_AREA_STYLE_COLOUR('',#18168);
#19900 = STYLED_ITEM('color',(#19901),#2990);
#19901 = PRESENTATION_STYLE_ASSIGNMENT((#19902));
#19902 = SURFACE_STYLE_USAGE(.BOTH.,#19903);
#19903 = SURFACE_SIDE_STYLE('',(#19904));
#19904 = SURFACE_STYLE_FILL_AREA(#19905);
#19905 = FILL_AREA_STYLE('',(#19906));
#19906 = FILL_AREA_STYLE_COLOUR('',#18168);
#19907 = STYLED_ITEM('color',(#19908),#3021);
#19908 = PRESENTATION_STYLE_ASSIGNMENT((#19909));
#19909 = SURFACE_STYLE_USAGE(.BOTH.,#19910);
#19910 = SURFACE_SIDE_STYLE('',(#19911));
#19911 = SURFACE_STYLE_FILL_AREA(#19912);
#19912 = FILL_AREA_STYLE('',(#19913));
#19913 = FILL_AREA_STYLE_COLOUR('',#18168);
#19914 = STYLED_ITEM('color',(#19915),#3045);
#19915 = PRESENTATION_STYLE_ASSIGNMENT((#19916));
#19916 = SURFACE_STYLE_USAGE(.BOTH.,#19917);
#19917 = SURFACE_SIDE_STYLE('',(#19918));
#19918 = SURFACE_STYLE_FILL_AREA(#19919);
#19919 = FILL_AREA_STYLE('',(#19920));
#19920 = FILL_AREA_STYLE_COLOUR('',#18168);
#19921 = STYLED_ITEM('color',(#19922),#3069);
#19922 = PRESENTATION_STYLE_ASSIGNMENT((#19923));
#19923 = SURFACE_STYLE_USAGE(.BOTH.,#19924);
#19924 = SURFACE_SIDE_STYLE('',(#19925));
#19925 = SURFACE_STYLE_FILL_AREA(#19926);
#19926 = FILL_AREA_STYLE('',(#19927));
#19927 = FILL_AREA_STYLE_COLOUR('',#18168);
#19928 = STYLED_ITEM('color',(#19929),#3086);
#19929 = PRESENTATION_STYLE_ASSIGNMENT((#19930));
#19930 = SURFACE_STYLE_USAGE(.BOTH.,#19931);
#19931 = SURFACE_SIDE_STYLE('',(#19932));
#19932 = SURFACE_STYLE_FILL_AREA(#19933);
#19933 = FILL_AREA_STYLE('',(#19934));
#19934 = FILL_AREA_STYLE_COLOUR('',#18168);
#19935 = STYLED_ITEM('color',(#19936),#3117);
#19936 = PRESENTATION_STYLE_ASSIGNMENT((#19937));
#19937 = SURFACE_STYLE_USAGE(.BOTH.,#19938);
#19938 = SURFACE_SIDE_STYLE('',(#19939));
#19939 = SURFACE_STYLE_FILL_AREA(#19940);
#19940 = FILL_AREA_STYLE('',(#19941));
#19941 = FILL_AREA_STYLE_COLOUR('',#18168);
#19942 = STYLED_ITEM('color',(#19943),#3141);
#19943 = PRESENTATION_STYLE_ASSIGNMENT((#19944));
#19944 = SURFACE_STYLE_USAGE(.BOTH.,#19945);
#19945 = SURFACE_SIDE_STYLE('',(#19946));
#19946 = SURFACE_STYLE_FILL_AREA(#19947);
#19947 = FILL_AREA_STYLE('',(#19948));
#19948 = FILL_AREA_STYLE_COLOUR('',#18168);
#19949 = STYLED_ITEM('color',(#19950),#3165);
#19950 = PRESENTATION_STYLE_ASSIGNMENT((#19951));
#19951 = SURFACE_STYLE_USAGE(.BOTH.,#19952);
#19952 = SURFACE_SIDE_STYLE('',(#19953));
#19953 = SURFACE_STYLE_FILL_AREA(#19954);
#19954 = FILL_AREA_STYLE('',(#19955));
#19955 = FILL_AREA_STYLE_COLOUR('',#18168);
#19956 = STYLED_ITEM('color',(#19957),#3182);
#19957 = PRESENTATION_STYLE_ASSIGNMENT((#19958));
#19958 = SURFACE_STYLE_USAGE(.BOTH.,#19959);
#19959 = SURFACE_SIDE_STYLE('',(#19960));
#19960 = SURFACE_STYLE_FILL_AREA(#19961);
#19961 = FILL_AREA_STYLE('',(#19962));
#19962 = FILL_AREA_STYLE_COLOUR('',#18168);
#19963 = STYLED_ITEM('color',(#19964),#3213);
#19964 = PRESENTATION_STYLE_ASSIGNMENT((#19965));
#19965 = SURFACE_STYLE_USAGE(.BOTH.,#19966);
#19966 = SURFACE_SIDE_STYLE('',(#19967));
#19967 = SURFACE_STYLE_FILL_AREA(#19968);
#19968 = FILL_AREA_STYLE('',(#19969));
#19969 = FILL_AREA_STYLE_COLOUR('',#18168);
#19970 = STYLED_ITEM('color',(#19971),#3237);
#19971 = PRESENTATION_STYLE_ASSIGNMENT((#19972));
#19972 = SURFACE_STYLE_USAGE(.BOTH.,#19973);
#19973 = SURFACE_SIDE_STYLE('',(#19974));
#19974 = SURFACE_STYLE_FILL_AREA(#19975);
#19975 = FILL_AREA_STYLE('',(#19976));
#19976 = FILL_AREA_STYLE_COLOUR('',#18168);
#19977 = STYLED_ITEM('color',(#19978),#3261);
#19978 = PRESENTATION_STYLE_ASSIGNMENT((#19979));
#19979 = SURFACE_STYLE_USAGE(.BOTH.,#19980);
#19980 = SURFACE_SIDE_STYLE('',(#19981));
#19981 = SURFACE_STYLE_FILL_AREA(#19982);
#19982 = FILL_AREA_STYLE('',(#19983));
#19983 = FILL_AREA_STYLE_COLOUR('',#18168);
#19984 = STYLED_ITEM('color',(#19985),#3278);
#19985 = PRESENTATION_STYLE_ASSIGNMENT((#19986));
#19986 = SURFACE_STYLE_USAGE(.BOTH.,#19987);
#19987 = SURFACE_SIDE_STYLE('',(#19988));
#19988 = SURFACE_STYLE_FILL_AREA(#19989);
#19989 = FILL_AREA_STYLE('',(#19990));
#19990 = FILL_AREA_STYLE_COLOUR('',#18168);
#19991 = STYLED_ITEM('color',(#19992),#3371);
#19992 = PRESENTATION_STYLE_ASSIGNMENT((#19993));
#19993 = SURFACE_STYLE_USAGE(.BOTH.,#19994);
#19994 = SURFACE_SIDE_STYLE('',(#19995));
#19995 = SURFACE_STYLE_FILL_AREA(#19996);
#19996 = FILL_AREA_STYLE('',(#19997));
#19997 = FILL_AREA_STYLE_COLOUR('',#18168);
#19998 = STYLED_ITEM('color',(#19999),#3464);
#19999 = PRESENTATION_STYLE_ASSIGNMENT((#20000));
#20000 = SURFACE_STYLE_USAGE(.BOTH.,#20001);
#20001 = SURFACE_SIDE_STYLE('',(#20002));
#20002 = SURFACE_STYLE_FILL_AREA(#20003);
#20003 = FILL_AREA_STYLE('',(#20004));
#20004 = FILL_AREA_STYLE_COLOUR('',#18168);
#20005 = STYLED_ITEM('color',(#20006),#3557);
#20006 = PRESENTATION_STYLE_ASSIGNMENT((#20007));
#20007 = SURFACE_STYLE_USAGE(.BOTH.,#20008);
#20008 = SURFACE_SIDE_STYLE('',(#20009));
#20009 = SURFACE_STYLE_FILL_AREA(#20010);
#20010 = FILL_AREA_STYLE('',(#20011));
#20011 = FILL_AREA_STYLE_COLOUR('',#18168);
#20012 = STYLED_ITEM('color',(#20013),#3650);
#20013 = PRESENTATION_STYLE_ASSIGNMENT((#20014));
#20014 = SURFACE_STYLE_USAGE(.BOTH.,#20015);
#20015 = SURFACE_SIDE_STYLE('',(#20016));
#20016 = SURFACE_STYLE_FILL_AREA(#20017);
#20017 = FILL_AREA_STYLE('',(#20018));
#20018 = FILL_AREA_STYLE_COLOUR('',#17736);
#20019 = STYLED_ITEM('color',(#20020),#3696);
#20020 = PRESENTATION_STYLE_ASSIGNMENT((#20021));
#20021 = SURFACE_STYLE_USAGE(.BOTH.,#20022);
#20022 = SURFACE_SIDE_STYLE('',(#20023));
#20023 = SURFACE_STYLE_FILL_AREA(#20024);
#20024 = FILL_AREA_STYLE('',(#20025));
#20025 = FILL_AREA_STYLE_COLOUR('',#17736);
#20026 = STYLED_ITEM('color',(#20027),#3742);
#20027 = PRESENTATION_STYLE_ASSIGNMENT((#20028));
#20028 = SURFACE_STYLE_USAGE(.BOTH.,#20029);
#20029 = SURFACE_SIDE_STYLE('',(#20030));
#20030 = SURFACE_STYLE_FILL_AREA(#20031);
#20031 = FILL_AREA_STYLE('',(#20032));
#20032 = FILL_AREA_STYLE_COLOUR('',#17736);
#20033 = STYLED_ITEM('color',(#20034),#3788);
#20034 = PRESENTATION_STYLE_ASSIGNMENT((#20035));
#20035 = SURFACE_STYLE_USAGE(.BOTH.,#20036);
#20036 = SURFACE_SIDE_STYLE('',(#20037));
#20037 = SURFACE_STYLE_FILL_AREA(#20038);
#20038 = FILL_AREA_STYLE('',(#20039));
#20039 = FILL_AREA_STYLE_COLOUR('',#17736);
#20040 = STYLED_ITEM('color',(#20041),#3834);
#20041 = PRESENTATION_STYLE_ASSIGNMENT((#20042));
#20042 = SURFACE_STYLE_USAGE(.BOTH.,#20043);
#20043 = SURFACE_SIDE_STYLE('',(#20044));
#20044 = SURFACE_STYLE_FILL_AREA(#20045);
#20045 = FILL_AREA_STYLE('',(#20046));
#20046 = FILL_AREA_STYLE_COLOUR('',#18168);
#20047 = STYLED_ITEM('color',(#20048),#3850);
#20048 = PRESENTATION_STYLE_ASSIGNMENT((#20049));
#20049 = SURFACE_STYLE_USAGE(.BOTH.,#20050);
#20050 = SURFACE_SIDE_STYLE('',(#20051));
#20051 = SURFACE_STYLE_FILL_AREA(#20052);
#20052 = FILL_AREA_STYLE('',(#20053));
#20053 = FILL_AREA_STYLE_COLOUR('',#17736);
#20054 = STYLED_ITEM('color',(#20055),#3883);
#20055 = PRESENTATION_STYLE_ASSIGNMENT((#20056));
#20056 = SURFACE_STYLE_USAGE(.BOTH.,#20057);
#20057 = SURFACE_SIDE_STYLE('',(#20058));
#20058 = SURFACE_STYLE_FILL_AREA(#20059);
#20059 = FILL_AREA_STYLE('',(#20060));
#20060 = FILL_AREA_STYLE_COLOUR('',#17736);
#20061 = STYLED_ITEM('color',(#20062),#3908);
#20062 = PRESENTATION_STYLE_ASSIGNMENT((#20063));
#20063 = SURFACE_STYLE_USAGE(.BOTH.,#20064);
#20064 = SURFACE_SIDE_STYLE('',(#20065));
#20065 = SURFACE_STYLE_FILL_AREA(#20066);
#20066 = FILL_AREA_STYLE('',(#20067));
#20067 = FILL_AREA_STYLE_COLOUR('',#17736);
#20068 = STYLED_ITEM('color',(#20069),#3939);
#20069 = PRESENTATION_STYLE_ASSIGNMENT((#20070));
#20070 = SURFACE_STYLE_USAGE(.BOTH.,#20071);
#20071 = SURFACE_SIDE_STYLE('',(#20072));
#20072 = SURFACE_STYLE_FILL_AREA(#20073);
#20073 = FILL_AREA_STYLE('',(#20074));
#20074 = FILL_AREA_STYLE_COLOUR('',#18168);
#20075 = STYLED_ITEM('color',(#20076),#3949);
#20076 = PRESENTATION_STYLE_ASSIGNMENT((#20077));
#20077 = SURFACE_STYLE_USAGE(.BOTH.,#20078);
#20078 = SURFACE_SIDE_STYLE('',(#20079));
#20079 = SURFACE_STYLE_FILL_AREA(#20080);
#20080 = FILL_AREA_STYLE('',(#20081));
#20081 = FILL_AREA_STYLE_COLOUR('',#17736);
#20082 = STYLED_ITEM('color',(#20083),#3967);
#20083 = PRESENTATION_STYLE_ASSIGNMENT((#20084));
#20084 = SURFACE_STYLE_USAGE(.BOTH.,#20085);
#20085 = SURFACE_SIDE_STYLE('',(#20086));
#20086 = SURFACE_STYLE_FILL_AREA(#20087);
#20087 = FILL_AREA_STYLE('',(#20088));
#20088 = FILL_AREA_STYLE_COLOUR('',#18168);
#20089 = STYLED_ITEM('color',(#20090),#3983);
#20090 = PRESENTATION_STYLE_ASSIGNMENT((#20091));
#20091 = SURFACE_STYLE_USAGE(.BOTH.,#20092);
#20092 = SURFACE_SIDE_STYLE('',(#20093));
#20093 = SURFACE_STYLE_FILL_AREA(#20094);
#20094 = FILL_AREA_STYLE('',(#20095));
#20095 = FILL_AREA_STYLE_COLOUR('',#17736);
#20096 = STYLED_ITEM('color',(#20097),#4016);
#20097 = PRESENTATION_STYLE_ASSIGNMENT((#20098));
#20098 = SURFACE_STYLE_USAGE(.BOTH.,#20099);
#20099 = SURFACE_SIDE_STYLE('',(#20100));
#20100 = SURFACE_STYLE_FILL_AREA(#20101);
#20101 = FILL_AREA_STYLE('',(#20102));
#20102 = FILL_AREA_STYLE_COLOUR('',#17736);
#20103 = STYLED_ITEM('color',(#20104),#4041);
#20104 = PRESENTATION_STYLE_ASSIGNMENT((#20105));
#20105 = SURFACE_STYLE_USAGE(.BOTH.,#20106);
#20106 = SURFACE_SIDE_STYLE('',(#20107));
#20107 = SURFACE_STYLE_FILL_AREA(#20108);
#20108 = FILL_AREA_STYLE('',(#20109));
#20109 = FILL_AREA_STYLE_COLOUR('',#17736);
#20110 = STYLED_ITEM('color',(#20111),#4072);
#20111 = PRESENTATION_STYLE_ASSIGNMENT((#20112));
#20112 = SURFACE_STYLE_USAGE(.BOTH.,#20113);
#20113 = SURFACE_SIDE_STYLE('',(#20114));
#20114 = SURFACE_STYLE_FILL_AREA(#20115);
#20115 = FILL_AREA_STYLE('',(#20116));
#20116 = FILL_AREA_STYLE_COLOUR('',#18168);
#20117 = STYLED_ITEM('color',(#20118),#4082);
#20118 = PRESENTATION_STYLE_ASSIGNMENT((#20119));
#20119 = SURFACE_STYLE_USAGE(.BOTH.,#20120);
#20120 = SURFACE_SIDE_STYLE('',(#20121));
#20121 = SURFACE_STYLE_FILL_AREA(#20122);
#20122 = FILL_AREA_STYLE('',(#20123));
#20123 = FILL_AREA_STYLE_COLOUR('',#17736);
#20124 = STYLED_ITEM('color',(#20125),#4100);
#20125 = PRESENTATION_STYLE_ASSIGNMENT((#20126));
#20126 = SURFACE_STYLE_USAGE(.BOTH.,#20127);
#20127 = SURFACE_SIDE_STYLE('',(#20128));
#20128 = SURFACE_STYLE_FILL_AREA(#20129);
#20129 = FILL_AREA_STYLE('',(#20130));
#20130 = FILL_AREA_STYLE_COLOUR('',#18168);
#20131 = STYLED_ITEM('color',(#20132),#4116);
#20132 = PRESENTATION_STYLE_ASSIGNMENT((#20133));
#20133 = SURFACE_STYLE_USAGE(.BOTH.,#20134);
#20134 = SURFACE_SIDE_STYLE('',(#20135));
#20135 = SURFACE_STYLE_FILL_AREA(#20136);
#20136 = FILL_AREA_STYLE('',(#20137));
#20137 = FILL_AREA_STYLE_COLOUR('',#17736);
#20138 = STYLED_ITEM('color',(#20139),#4149);
#20139 = PRESENTATION_STYLE_ASSIGNMENT((#20140));
#20140 = SURFACE_STYLE_USAGE(.BOTH.,#20141);
#20141 = SURFACE_SIDE_STYLE('',(#20142));
#20142 = SURFACE_STYLE_FILL_AREA(#20143);
#20143 = FILL_AREA_STYLE('',(#20144));
#20144 = FILL_AREA_STYLE_COLOUR('',#17736);
#20145 = STYLED_ITEM('color',(#20146),#4174);
#20146 = PRESENTATION_STYLE_ASSIGNMENT((#20147));
#20147 = SURFACE_STYLE_USAGE(.BOTH.,#20148);
#20148 = SURFACE_SIDE_STYLE('',(#20149));
#20149 = SURFACE_STYLE_FILL_AREA(#20150);
#20150 = FILL_AREA_STYLE('',(#20151));
#20151 = FILL_AREA_STYLE_COLOUR('',#17736);
#20152 = STYLED_ITEM('color',(#20153),#4205);
#20153 = PRESENTATION_STYLE_ASSIGNMENT((#20154));
#20154 = SURFACE_STYLE_USAGE(.BOTH.,#20155);
#20155 = SURFACE_SIDE_STYLE('',(#20156));
#20156 = SURFACE_STYLE_FILL_AREA(#20157);
#20157 = FILL_AREA_STYLE('',(#20158));
#20158 = FILL_AREA_STYLE_COLOUR('',#18168);
#20159 = STYLED_ITEM('color',(#20160),#4215);
#20160 = PRESENTATION_STYLE_ASSIGNMENT((#20161));
#20161 = SURFACE_STYLE_USAGE(.BOTH.,#20162);
#20162 = SURFACE_SIDE_STYLE('',(#20163));
#20163 = SURFACE_STYLE_FILL_AREA(#20164);
#20164 = FILL_AREA_STYLE('',(#20165));
#20165 = FILL_AREA_STYLE_COLOUR('',#17736);
#20166 = STYLED_ITEM('color',(#20167),#4233);
#20167 = PRESENTATION_STYLE_ASSIGNMENT((#20168));
#20168 = SURFACE_STYLE_USAGE(.BOTH.,#20169);
#20169 = SURFACE_SIDE_STYLE('',(#20170));
#20170 = SURFACE_STYLE_FILL_AREA(#20171);
#20171 = FILL_AREA_STYLE('',(#20172));
#20172 = FILL_AREA_STYLE_COLOUR('',#18168);
#20173 = STYLED_ITEM('color',(#20174),#4249);
#20174 = PRESENTATION_STYLE_ASSIGNMENT((#20175));
#20175 = SURFACE_STYLE_USAGE(.BOTH.,#20176);
#20176 = SURFACE_SIDE_STYLE('',(#20177));
#20177 = SURFACE_STYLE_FILL_AREA(#20178);
#20178 = FILL_AREA_STYLE('',(#20179));
#20179 = FILL_AREA_STYLE_COLOUR('',#17736);
#20180 = STYLED_ITEM('color',(#20181),#4282);
#20181 = PRESENTATION_STYLE_ASSIGNMENT((#20182));
#20182 = SURFACE_STYLE_USAGE(.BOTH.,#20183);
#20183 = SURFACE_SIDE_STYLE('',(#20184));
#20184 = SURFACE_STYLE_FILL_AREA(#20185);
#20185 = FILL_AREA_STYLE('',(#20186));
#20186 = FILL_AREA_STYLE_COLOUR('',#17736);
#20187 = STYLED_ITEM('color',(#20188),#4307);
#20188 = PRESENTATION_STYLE_ASSIGNMENT((#20189));
#20189 = SURFACE_STYLE_USAGE(.BOTH.,#20190);
#20190 = SURFACE_SIDE_STYLE('',(#20191));
#20191 = SURFACE_STYLE_FILL_AREA(#20192);
#20192 = FILL_AREA_STYLE('',(#20193));
#20193 = FILL_AREA_STYLE_COLOUR('',#17736);
#20194 = STYLED_ITEM('color',(#20195),#4338);
#20195 = PRESENTATION_STYLE_ASSIGNMENT((#20196));
#20196 = SURFACE_STYLE_USAGE(.BOTH.,#20197);
#20197 = SURFACE_SIDE_STYLE('',(#20198));
#20198 = SURFACE_STYLE_FILL_AREA(#20199);
#20199 = FILL_AREA_STYLE('',(#20200));
#20200 = FILL_AREA_STYLE_COLOUR('',#18168);
#20201 = STYLED_ITEM('color',(#20202),#4348);
#20202 = PRESENTATION_STYLE_ASSIGNMENT((#20203));
#20203 = SURFACE_STYLE_USAGE(.BOTH.,#20204);
#20204 = SURFACE_SIDE_STYLE('',(#20205));
#20205 = SURFACE_STYLE_FILL_AREA(#20206);
#20206 = FILL_AREA_STYLE('',(#20207));
#20207 = FILL_AREA_STYLE_COLOUR('',#17736);
#20208 = STYLED_ITEM('color',(#20209),#4366);
#20209 = PRESENTATION_STYLE_ASSIGNMENT((#20210));
#20210 = SURFACE_STYLE_USAGE(.BOTH.,#20211);
#20211 = SURFACE_SIDE_STYLE('',(#20212));
#20212 = SURFACE_STYLE_FILL_AREA(#20213);
#20213 = FILL_AREA_STYLE('',(#20214));
#20214 = FILL_AREA_STYLE_COLOUR('',#17736);
#20215 = STYLED_ITEM('color',(#20216),#4397);
#20216 = PRESENTATION_STYLE_ASSIGNMENT((#20217));
#20217 = SURFACE_STYLE_USAGE(.BOTH.,#20218);
#20218 = SURFACE_SIDE_STYLE('',(#20219));
#20219 = SURFACE_STYLE_FILL_AREA(#20220);
#20220 = FILL_AREA_STYLE('',(#20221));
#20221 = FILL_AREA_STYLE_COLOUR('',#17736);
#20222 = STYLED_ITEM('color',(#20223),#4421);
#20223 = PRESENTATION_STYLE_ASSIGNMENT((#20224));
#20224 = SURFACE_STYLE_USAGE(.BOTH.,#20225);
#20225 = SURFACE_SIDE_STYLE('',(#20226));
#20226 = SURFACE_STYLE_FILL_AREA(#20227);
#20227 = FILL_AREA_STYLE('',(#20228));
#20228 = FILL_AREA_STYLE_COLOUR('',#17736);
#20229 = STYLED_ITEM('color',(#20230),#4445);
#20230 = PRESENTATION_STYLE_ASSIGNMENT((#20231));
#20231 = SURFACE_STYLE_USAGE(.BOTH.,#20232);
#20232 = SURFACE_SIDE_STYLE('',(#20233));
#20233 = SURFACE_STYLE_FILL_AREA(#20234);
#20234 = FILL_AREA_STYLE('',(#20235));
#20235 = FILL_AREA_STYLE_COLOUR('',#17736);
#20236 = STYLED_ITEM('color',(#20237),#4462);
#20237 = PRESENTATION_STYLE_ASSIGNMENT((#20238));
#20238 = SURFACE_STYLE_USAGE(.BOTH.,#20239);
#20239 = SURFACE_SIDE_STYLE('',(#20240));
#20240 = SURFACE_STYLE_FILL_AREA(#20241);
#20241 = FILL_AREA_STYLE('',(#20242));
#20242 = FILL_AREA_STYLE_COLOUR('',#17736);
#20243 = STYLED_ITEM('color',(#20244),#4493);
#20244 = PRESENTATION_STYLE_ASSIGNMENT((#20245));
#20245 = SURFACE_STYLE_USAGE(.BOTH.,#20246);
#20246 = SURFACE_SIDE_STYLE('',(#20247));
#20247 = SURFACE_STYLE_FILL_AREA(#20248);
#20248 = FILL_AREA_STYLE('',(#20249));
#20249 = FILL_AREA_STYLE_COLOUR('',#17736);
#20250 = STYLED_ITEM('color',(#20251),#4517);
#20251 = PRESENTATION_STYLE_ASSIGNMENT((#20252));
#20252 = SURFACE_STYLE_USAGE(.BOTH.,#20253);
#20253 = SURFACE_SIDE_STYLE('',(#20254));
#20254 = SURFACE_STYLE_FILL_AREA(#20255);
#20255 = FILL_AREA_STYLE('',(#20256));
#20256 = FILL_AREA_STYLE_COLOUR('',#17736);
#20257 = STYLED_ITEM('color',(#20258),#4541);
#20258 = PRESENTATION_STYLE_ASSIGNMENT((#20259));
#20259 = SURFACE_STYLE_USAGE(.BOTH.,#20260);
#20260 = SURFACE_SIDE_STYLE('',(#20261));
#20261 = SURFACE_STYLE_FILL_AREA(#20262);
#20262 = FILL_AREA_STYLE('',(#20263));
#20263 = FILL_AREA_STYLE_COLOUR('',#17736);
#20264 = STYLED_ITEM('color',(#20265),#4558);
#20265 = PRESENTATION_STYLE_ASSIGNMENT((#20266));
#20266 = SURFACE_STYLE_USAGE(.BOTH.,#20267);
#20267 = SURFACE_SIDE_STYLE('',(#20268));
#20268 = SURFACE_STYLE_FILL_AREA(#20269);
#20269 = FILL_AREA_STYLE('',(#20270));
#20270 = FILL_AREA_STYLE_COLOUR('',#17736);
#20271 = STYLED_ITEM('color',(#20272),#4589);
#20272 = PRESENTATION_STYLE_ASSIGNMENT((#20273));
#20273 = SURFACE_STYLE_USAGE(.BOTH.,#20274);
#20274 = SURFACE_SIDE_STYLE('',(#20275));
#20275 = SURFACE_STYLE_FILL_AREA(#20276);
#20276 = FILL_AREA_STYLE('',(#20277));
#20277 = FILL_AREA_STYLE_COLOUR('',#17736);
#20278 = STYLED_ITEM('color',(#20279),#4613);
#20279 = PRESENTATION_STYLE_ASSIGNMENT((#20280));
#20280 = SURFACE_STYLE_USAGE(.BOTH.,#20281);
#20281 = SURFACE_SIDE_STYLE('',(#20282));
#20282 = SURFACE_STYLE_FILL_AREA(#20283);
#20283 = FILL_AREA_STYLE('',(#20284));
#20284 = FILL_AREA_STYLE_COLOUR('',#17736);
#20285 = STYLED_ITEM('color',(#20286),#4637);
#20286 = PRESENTATION_STYLE_ASSIGNMENT((#20287));
#20287 = SURFACE_STYLE_USAGE(.BOTH.,#20288);
#20288 = SURFACE_SIDE_STYLE('',(#20289));
#20289 = SURFACE_STYLE_FILL_AREA(#20290);
#20290 = FILL_AREA_STYLE('',(#20291));
#20291 = FILL_AREA_STYLE_COLOUR('',#17736);
#20292 = STYLED_ITEM('color',(#20293),#4654);
#20293 = PRESENTATION_STYLE_ASSIGNMENT((#20294));
#20294 = SURFACE_STYLE_USAGE(.BOTH.,#20295);
#20295 = SURFACE_SIDE_STYLE('',(#20296));
#20296 = SURFACE_STYLE_FILL_AREA(#20297);
#20297 = FILL_AREA_STYLE('',(#20298));
#20298 = FILL_AREA_STYLE_COLOUR('',#17736);
#20299 = STYLED_ITEM('color',(#20300),#4685);
#20300 = PRESENTATION_STYLE_ASSIGNMENT((#20301));
#20301 = SURFACE_STYLE_USAGE(.BOTH.,#20302);
#20302 = SURFACE_SIDE_STYLE('',(#20303));
#20303 = SURFACE_STYLE_FILL_AREA(#20304);
#20304 = FILL_AREA_STYLE('',(#20305));
#20305 = FILL_AREA_STYLE_COLOUR('',#17736);
#20306 = STYLED_ITEM('color',(#20307),#4709);
#20307 = PRESENTATION_STYLE_ASSIGNMENT((#20308));
#20308 = SURFACE_STYLE_USAGE(.BOTH.,#20309);
#20309 = SURFACE_SIDE_STYLE('',(#20310));
#20310 = SURFACE_STYLE_FILL_AREA(#20311);
#20311 = FILL_AREA_STYLE('',(#20312));
#20312 = FILL_AREA_STYLE_COLOUR('',#17736);
#20313 = STYLED_ITEM('color',(#20314),#4733);
#20314 = PRESENTATION_STYLE_ASSIGNMENT((#20315));
#20315 = SURFACE_STYLE_USAGE(.BOTH.,#20316);
#20316 = SURFACE_SIDE_STYLE('',(#20317));
#20317 = SURFACE_STYLE_FILL_AREA(#20318);
#20318 = FILL_AREA_STYLE('',(#20319));
#20319 = FILL_AREA_STYLE_COLOUR('',#17736);
#20320 = STYLED_ITEM('color',(#20321),#4750);
#20321 = PRESENTATION_STYLE_ASSIGNMENT((#20322));
#20322 = SURFACE_STYLE_USAGE(.BOTH.,#20323);
#20323 = SURFACE_SIDE_STYLE('',(#20324));
#20324 = SURFACE_STYLE_FILL_AREA(#20325);
#20325 = FILL_AREA_STYLE('',(#20326));
#20326 = FILL_AREA_STYLE_COLOUR('',#17736);
#20327 = STYLED_ITEM('color',(#20328),#4775);
#20328 = PRESENTATION_STYLE_ASSIGNMENT((#20329));
#20329 = SURFACE_STYLE_USAGE(.BOTH.,#20330);
#20330 = SURFACE_SIDE_STYLE('',(#20331));
#20331 = SURFACE_STYLE_FILL_AREA(#20332);
#20332 = FILL_AREA_STYLE('',(#20333));
#20333 = FILL_AREA_STYLE_COLOUR('',#17736);
#20334 = STYLED_ITEM('color',(#20335),#4878);
#20335 = PRESENTATION_STYLE_ASSIGNMENT((#20336));
#20336 = SURFACE_STYLE_USAGE(.BOTH.,#20337);
#20337 = SURFACE_SIDE_STYLE('',(#20338));
#20338 = SURFACE_STYLE_FILL_AREA(#20339);
#20339 = FILL_AREA_STYLE('',(#20340));
#20340 = FILL_AREA_STYLE_COLOUR('',#17736);
#20341 = STYLED_ITEM('color',(#20342),#4888);
#20342 = PRESENTATION_STYLE_ASSIGNMENT((#20343));
#20343 = SURFACE_STYLE_USAGE(.BOTH.,#20344);
#20344 = SURFACE_SIDE_STYLE('',(#20345));
#20345 = SURFACE_STYLE_FILL_AREA(#20346);
#20346 = FILL_AREA_STYLE('',(#20347));
#20347 = FILL_AREA_STYLE_COLOUR('',#17736);
#20348 = STYLED_ITEM('color',(#20349),#4913);
#20349 = PRESENTATION_STYLE_ASSIGNMENT((#20350));
#20350 = SURFACE_STYLE_USAGE(.BOTH.,#20351);
#20351 = SURFACE_SIDE_STYLE('',(#20352));
#20352 = SURFACE_STYLE_FILL_AREA(#20353);
#20353 = FILL_AREA_STYLE('',(#20354));
#20354 = FILL_AREA_STYLE_COLOUR('',#17736);
#20355 = STYLED_ITEM('color',(#20356),#5016);
#20356 = PRESENTATION_STYLE_ASSIGNMENT((#20357));
#20357 = SURFACE_STYLE_USAGE(.BOTH.,#20358);
#20358 = SURFACE_SIDE_STYLE('',(#20359));
#20359 = SURFACE_STYLE_FILL_AREA(#20360);
#20360 = FILL_AREA_STYLE('',(#20361));
#20361 = FILL_AREA_STYLE_COLOUR('',#17736);
#20362 = STYLED_ITEM('color',(#20363),#5026);
#20363 = PRESENTATION_STYLE_ASSIGNMENT((#20364));
#20364 = SURFACE_STYLE_USAGE(.BOTH.,#20365);
#20365 = SURFACE_SIDE_STYLE('',(#20366));
#20366 = SURFACE_STYLE_FILL_AREA(#20367);
#20367 = FILL_AREA_STYLE('',(#20368));
#20368 = FILL_AREA_STYLE_COLOUR('',#17736);
#20369 = STYLED_ITEM('color',(#20370),#5051);
#20370 = PRESENTATION_STYLE_ASSIGNMENT((#20371));
#20371 = SURFACE_STYLE_USAGE(.BOTH.,#20372);
#20372 = SURFACE_SIDE_STYLE('',(#20373));
#20373 = SURFACE_STYLE_FILL_AREA(#20374);
#20374 = FILL_AREA_STYLE('',(#20375));
#20375 = FILL_AREA_STYLE_COLOUR('',#17736);
#20376 = STYLED_ITEM('color',(#20377),#5154);
#20377 = PRESENTATION_STYLE_ASSIGNMENT((#20378));
#20378 = SURFACE_STYLE_USAGE(.BOTH.,#20379);
#20379 = SURFACE_SIDE_STYLE('',(#20380));
#20380 = SURFACE_STYLE_FILL_AREA(#20381);
#20381 = FILL_AREA_STYLE('',(#20382));
#20382 = FILL_AREA_STYLE_COLOUR('',#17736);
#20383 = STYLED_ITEM('color',(#20384),#5164);
#20384 = PRESENTATION_STYLE_ASSIGNMENT((#20385));
#20385 = SURFACE_STYLE_USAGE(.BOTH.,#20386);
#20386 = SURFACE_SIDE_STYLE('',(#20387));
#20387 = SURFACE_STYLE_FILL_AREA(#20388);
#20388 = FILL_AREA_STYLE('',(#20389));
#20389 = FILL_AREA_STYLE_COLOUR('',#17736);
#20390 = STYLED_ITEM('color',(#20391),#5189);
#20391 = PRESENTATION_STYLE_ASSIGNMENT((#20392));
#20392 = SURFACE_STYLE_USAGE(.BOTH.,#20393);
#20393 = SURFACE_SIDE_STYLE('',(#20394));
#20394 = SURFACE_STYLE_FILL_AREA(#20395);
#20395 = FILL_AREA_STYLE('',(#20396));
#20396 = FILL_AREA_STYLE_COLOUR('',#17736);
#20397 = STYLED_ITEM('color',(#20398),#5292);
#20398 = PRESENTATION_STYLE_ASSIGNMENT((#20399));
#20399 = SURFACE_STYLE_USAGE(.BOTH.,#20400);
#20400 = SURFACE_SIDE_STYLE('',(#20401));
#20401 = SURFACE_STYLE_FILL_AREA(#20402);
#20402 = FILL_AREA_STYLE('',(#20403));
#20403 = FILL_AREA_STYLE_COLOUR('',#17736);
#20404 = STYLED_ITEM('color',(#20405),#5302);
#20405 = PRESENTATION_STYLE_ASSIGNMENT((#20406));
#20406 = SURFACE_STYLE_USAGE(.BOTH.,#20407);
#20407 = SURFACE_SIDE_STYLE('',(#20408));
#20408 = SURFACE_STYLE_FILL_AREA(#20409);
#20409 = FILL_AREA_STYLE('',(#20410));
#20410 = FILL_AREA_STYLE_COLOUR('',#18168);
#20411 = STYLED_ITEM('color',(#20412),#5314);
#20412 = PRESENTATION_STYLE_ASSIGNMENT((#20413));
#20413 = SURFACE_STYLE_USAGE(.BOTH.,#20414);
#20414 = SURFACE_SIDE_STYLE('',(#20415));
#20415 = SURFACE_STYLE_FILL_AREA(#20416);
#20416 = FILL_AREA_STYLE('',(#20417));
#20417 = FILL_AREA_STYLE_COLOUR('',#18168);
#20418 = STYLED_ITEM('color',(#20419),#5326);
#20419 = PRESENTATION_STYLE_ASSIGNMENT((#20420));
#20420 = SURFACE_STYLE_USAGE(.BOTH.,#20421);
#20421 = SURFACE_SIDE_STYLE('',(#20422));
#20422 = SURFACE_STYLE_FILL_AREA(#20423);
#20423 = FILL_AREA_STYLE('',(#20424));
#20424 = FILL_AREA_STYLE_COLOUR('',#18168);
#20425 = STYLED_ITEM('color',(#20426),#5338);
#20426 = PRESENTATION_STYLE_ASSIGNMENT((#20427));
#20427 = SURFACE_STYLE_USAGE(.BOTH.,#20428);
#20428 = SURFACE_SIDE_STYLE('',(#20429));
#20429 = SURFACE_STYLE_FILL_AREA(#20430);
#20430 = FILL_AREA_STYLE('',(#20431));
#20431 = FILL_AREA_STYLE_COLOUR('',#18168);
#20432 = STYLED_ITEM('color',(#20433),#5350);
#20433 = PRESENTATION_STYLE_ASSIGNMENT((#20434));
#20434 = SURFACE_STYLE_USAGE(.BOTH.,#20435);
#20435 = SURFACE_SIDE_STYLE('',(#20436));
#20436 = SURFACE_STYLE_FILL_AREA(#20437);
#20437 = FILL_AREA_STYLE('',(#20438));
#20438 = FILL_AREA_STYLE_COLOUR('',#17736);
#20439 = STYLED_ITEM('color',(#20440),#5366);
#20440 = PRESENTATION_STYLE_ASSIGNMENT((#20441));
#20441 = SURFACE_STYLE_USAGE(.BOTH.,#20442);
#20442 = SURFACE_SIDE_STYLE('',(#20443));
#20443 = SURFACE_STYLE_FILL_AREA(#20444);
#20444 = FILL_AREA_STYLE('',(#20445));
#20445 = FILL_AREA_STYLE_COLOUR('',#17736);
#20446 = STYLED_ITEM('color',(#20447),#5383);
#20447 = PRESENTATION_STYLE_ASSIGNMENT((#20448));
#20448 = SURFACE_STYLE_USAGE(.BOTH.,#20449);
#20449 = SURFACE_SIDE_STYLE('',(#20450));
#20450 = SURFACE_STYLE_FILL_AREA(#20451);
#20451 = FILL_AREA_STYLE('',(#20452));
#20452 = FILL_AREA_STYLE_COLOUR('',#17736);
#20453 = STYLED_ITEM('color',(#20454),#5400);
#20454 = PRESENTATION_STYLE_ASSIGNMENT((#20455));
#20455 = SURFACE_STYLE_USAGE(.BOTH.,#20456);
#20456 = SURFACE_SIDE_STYLE('',(#20457));
#20457 = SURFACE_STYLE_FILL_AREA(#20458);
#20458 = FILL_AREA_STYLE('',(#20459));
#20459 = FILL_AREA_STYLE_COLOUR('',#17736);
#20460 = STYLED_ITEM('color',(#20461),#5417);
#20461 = PRESENTATION_STYLE_ASSIGNMENT((#20462));
#20462 = SURFACE_STYLE_USAGE(.BOTH.,#20463);
#20463 = SURFACE_SIDE_STYLE('',(#20464));
#20464 = SURFACE_STYLE_FILL_AREA(#20465);
#20465 = FILL_AREA_STYLE('',(#20466));
#20466 = FILL_AREA_STYLE_COLOUR('',#17736);
#20467 = STYLED_ITEM('color',(#20468),#5427);
#20468 = PRESENTATION_STYLE_ASSIGNMENT((#20469));
#20469 = SURFACE_STYLE_USAGE(.BOTH.,#20470);
#20470 = SURFACE_SIDE_STYLE('',(#20471));
#20471 = SURFACE_STYLE_FILL_AREA(#20472);
#20472 = FILL_AREA_STYLE('',(#20473));
#20473 = FILL_AREA_STYLE_COLOUR('',#17736);
#20474 = STYLED_ITEM('color',(#20475),#5443);
#20475 = PRESENTATION_STYLE_ASSIGNMENT((#20476));
#20476 = SURFACE_STYLE_USAGE(.BOTH.,#20477);
#20477 = SURFACE_SIDE_STYLE('',(#20478));
#20478 = SURFACE_STYLE_FILL_AREA(#20479);
#20479 = FILL_AREA_STYLE('',(#20480));
#20480 = FILL_AREA_STYLE_COLOUR('',#17736);
#20481 = STYLED_ITEM('color',(#20482),#5460);
#20482 = PRESENTATION_STYLE_ASSIGNMENT((#20483));
#20483 = SURFACE_STYLE_USAGE(.BOTH.,#20484);
#20484 = SURFACE_SIDE_STYLE('',(#20485));
#20485 = SURFACE_STYLE_FILL_AREA(#20486);
#20486 = FILL_AREA_STYLE('',(#20487));
#20487 = FILL_AREA_STYLE_COLOUR('',#17736);
#20488 = STYLED_ITEM('color',(#20489),#5477);
#20489 = PRESENTATION_STYLE_ASSIGNMENT((#20490));
#20490 = SURFACE_STYLE_USAGE(.BOTH.,#20491);
#20491 = SURFACE_SIDE_STYLE('',(#20492));
#20492 = SURFACE_STYLE_FILL_AREA(#20493);
#20493 = FILL_AREA_STYLE('',(#20494));
#20494 = FILL_AREA_STYLE_COLOUR('',#17736);
#20495 = STYLED_ITEM('color',(#20496),#5494);
#20496 = PRESENTATION_STYLE_ASSIGNMENT((#20497));
#20497 = SURFACE_STYLE_USAGE(.BOTH.,#20498);
#20498 = SURFACE_SIDE_STYLE('',(#20499));
#20499 = SURFACE_STYLE_FILL_AREA(#20500);
#20500 = FILL_AREA_STYLE('',(#20501));
#20501 = FILL_AREA_STYLE_COLOUR('',#17736);
#20502 = STYLED_ITEM('color',(#20503),#5504);
#20503 = PRESENTATION_STYLE_ASSIGNMENT((#20504));
#20504 = SURFACE_STYLE_USAGE(.BOTH.,#20505);
#20505 = SURFACE_SIDE_STYLE('',(#20506));
#20506 = SURFACE_STYLE_FILL_AREA(#20507);
#20507 = FILL_AREA_STYLE('',(#20508));
#20508 = FILL_AREA_STYLE_COLOUR('',#17736);
#20509 = STYLED_ITEM('color',(#20510),#5520);
#20510 = PRESENTATION_STYLE_ASSIGNMENT((#20511));
#20511 = SURFACE_STYLE_USAGE(.BOTH.,#20512);
#20512 = SURFACE_SIDE_STYLE('',(#20513));
#20513 = SURFACE_STYLE_FILL_AREA(#20514);
#20514 = FILL_AREA_STYLE('',(#20515));
#20515 = FILL_AREA_STYLE_COLOUR('',#17736);
#20516 = STYLED_ITEM('color',(#20517),#5537);
#20517 = PRESENTATION_STYLE_ASSIGNMENT((#20518));
#20518 = SURFACE_STYLE_USAGE(.BOTH.,#20519);
#20519 = SURFACE_SIDE_STYLE('',(#20520));
#20520 = SURFACE_STYLE_FILL_AREA(#20521);
#20521 = FILL_AREA_STYLE('',(#20522));
#20522 = FILL_AREA_STYLE_COLOUR('',#17736);
#20523 = STYLED_ITEM('color',(#20524),#5554);
#20524 = PRESENTATION_STYLE_ASSIGNMENT((#20525));
#20525 = SURFACE_STYLE_USAGE(.BOTH.,#20526);
#20526 = SURFACE_SIDE_STYLE('',(#20527));
#20527 = SURFACE_STYLE_FILL_AREA(#20528);
#20528 = FILL_AREA_STYLE('',(#20529));
#20529 = FILL_AREA_STYLE_COLOUR('',#17736);
#20530 = STYLED_ITEM('color',(#20531),#5571);
#20531 = PRESENTATION_STYLE_ASSIGNMENT((#20532));
#20532 = SURFACE_STYLE_USAGE(.BOTH.,#20533);
#20533 = SURFACE_SIDE_STYLE('',(#20534));
#20534 = SURFACE_STYLE_FILL_AREA(#20535);
#20535 = FILL_AREA_STYLE('',(#20536));
#20536 = FILL_AREA_STYLE_COLOUR('',#17736);
#20537 = STYLED_ITEM('color',(#20538),#5581);
#20538 = PRESENTATION_STYLE_ASSIGNMENT((#20539));
#20539 = SURFACE_STYLE_USAGE(.BOTH.,#20540);
#20540 = SURFACE_SIDE_STYLE('',(#20541));
#20541 = SURFACE_STYLE_FILL_AREA(#20542);
#20542 = FILL_AREA_STYLE('',(#20543));
#20543 = FILL_AREA_STYLE_COLOUR('',#17736);
#20544 = STYLED_ITEM('color',(#20545),#5597);
#20545 = PRESENTATION_STYLE_ASSIGNMENT((#20546));
#20546 = SURFACE_STYLE_USAGE(.BOTH.,#20547);
#20547 = SURFACE_SIDE_STYLE('',(#20548));
#20548 = SURFACE_STYLE_FILL_AREA(#20549);
#20549 = FILL_AREA_STYLE('',(#20550));
#20550 = FILL_AREA_STYLE_COLOUR('',#17736);
#20551 = STYLED_ITEM('color',(#20552),#5614);
#20552 = PRESENTATION_STYLE_ASSIGNMENT((#20553));
#20553 = SURFACE_STYLE_USAGE(.BOTH.,#20554);
#20554 = SURFACE_SIDE_STYLE('',(#20555));
#20555 = SURFACE_STYLE_FILL_AREA(#20556);
#20556 = FILL_AREA_STYLE('',(#20557));
#20557 = FILL_AREA_STYLE_COLOUR('',#17736);
#20558 = STYLED_ITEM('color',(#20559),#5631);
#20559 = PRESENTATION_STYLE_ASSIGNMENT((#20560));
#20560 = SURFACE_STYLE_USAGE(.BOTH.,#20561);
#20561 = SURFACE_SIDE_STYLE('',(#20562));
#20562 = SURFACE_STYLE_FILL_AREA(#20563);
#20563 = FILL_AREA_STYLE('',(#20564));
#20564 = FILL_AREA_STYLE_COLOUR('',#17736);
#20565 = STYLED_ITEM('color',(#20566),#5648);
#20566 = PRESENTATION_STYLE_ASSIGNMENT((#20567));
#20567 = SURFACE_STYLE_USAGE(.BOTH.,#20568);
#20568 = SURFACE_SIDE_STYLE('',(#20569));
#20569 = SURFACE_STYLE_FILL_AREA(#20570);
#20570 = FILL_AREA_STYLE('',(#20571));
#20571 = FILL_AREA_STYLE_COLOUR('',#17736);
#20572 = MECHANICAL_DESIGN_GEOMETRIC_PRESENTATION_REPRESENTATION('',(
    #20573,#20580,#20587,#20594,#20602,#20609,#20616,#20623,#20630,
    #20637,#20644,#20651,#20658,#20665,#20672,#20679,#20686,#20693,
    #20700,#20707,#20714,#20721,#20728,#20735,#20742,#20749,#20756,
    #20763,#20770,#20777,#20784,#20791,#20798,#20805,#20812,#20819,
    #20826,#20833,#20840,#20847,#20854),#1510);
#20573 = STYLED_ITEM('color',(#20574),#147);
#20574 = PRESENTATION_STYLE_ASSIGNMENT((#20575));
#20575 = SURFACE_STYLE_USAGE(.BOTH.,#20576);
#20576 = SURFACE_SIDE_STYLE('',(#20577));
#20577 = SURFACE_STYLE_FILL_AREA(#20578);
#20578 = FILL_AREA_STYLE('',(#20579));
#20579 = FILL_AREA_STYLE_COLOUR('',#17736);
#20580 = STYLED_ITEM('color',(#20581),#190);
#20581 = PRESENTATION_STYLE_ASSIGNMENT((#20582));
#20582 = SURFACE_STYLE_USAGE(.BOTH.,#20583);
#20583 = SURFACE_SIDE_STYLE('',(#20584));
#20584 = SURFACE_STYLE_FILL_AREA(#20585);
#20585 = FILL_AREA_STYLE('',(#20586));
#20586 = FILL_AREA_STYLE_COLOUR('',#17736);
#20587 = STYLED_ITEM('color',(#20588),#216);
#20588 = PRESENTATION_STYLE_ASSIGNMENT((#20589));
#20589 = SURFACE_STYLE_USAGE(.BOTH.,#20590);
#20590 = SURFACE_SIDE_STYLE('',(#20591));
#20591 = SURFACE_STYLE_FILL_AREA(#20592);
#20592 = FILL_AREA_STYLE('',(#20593));
#20593 = FILL_AREA_STYLE_COLOUR('',#17736);
#20594 = STYLED_ITEM('color',(#20595),#289);
#20595 = PRESENTATION_STYLE_ASSIGNMENT((#20596));
#20596 = SURFACE_STYLE_USAGE(.BOTH.,#20597);
#20597 = SURFACE_SIDE_STYLE('',(#20598));
#20598 = SURFACE_STYLE_FILL_AREA(#20599);
#20599 = FILL_AREA_STYLE('',(#20600));
#20600 = FILL_AREA_STYLE_COLOUR('',#20601);
#20601 = COLOUR_RGB('',0.147999998088,0.144999993226,0.144999993226);
#20602 = STYLED_ITEM('color',(#20603),#368);
#20603 = PRESENTATION_STYLE_ASSIGNMENT((#20604));
#20604 = SURFACE_STYLE_USAGE(.BOTH.,#20605);
#20605 = SURFACE_SIDE_STYLE('',(#20606));
#20606 = SURFACE_STYLE_FILL_AREA(#20607);
#20607 = FILL_AREA_STYLE('',(#20608));
#20608 = FILL_AREA_STYLE_COLOUR('',#17736);
#20609 = STYLED_ITEM('color',(#20610),#408);
#20610 = PRESENTATION_STYLE_ASSIGNMENT((#20611));
#20611 = SURFACE_STYLE_USAGE(.BOTH.,#20612);
#20612 = SURFACE_SIDE_STYLE('',(#20613));
#20613 = SURFACE_STYLE_FILL_AREA(#20614);
#20614 = FILL_AREA_STYLE('',(#20615));
#20615 = FILL_AREA_STYLE_COLOUR('',#20601);
#20616 = STYLED_ITEM('color',(#20617),#487);
#20617 = PRESENTATION_STYLE_ASSIGNMENT((#20618));
#20618 = SURFACE_STYLE_USAGE(.BOTH.,#20619);
#20619 = SURFACE_SIDE_STYLE('',(#20620));
#20620 = SURFACE_STYLE_FILL_AREA(#20621);
#20621 = FILL_AREA_STYLE('',(#20622));
#20622 = FILL_AREA_STYLE_COLOUR('',#20601);
#20623 = STYLED_ITEM('color',(#20624),#512);
#20624 = PRESENTATION_STYLE_ASSIGNMENT((#20625));
#20625 = SURFACE_STYLE_USAGE(.BOTH.,#20626);
#20626 = SURFACE_SIDE_STYLE('',(#20627));
#20627 = SURFACE_STYLE_FILL_AREA(#20628);
#20628 = FILL_AREA_STYLE('',(#20629));
#20629 = FILL_AREA_STYLE_COLOUR('',#20601);
#20630 = STYLED_ITEM('color',(#20631),#537);
#20631 = PRESENTATION_STYLE_ASSIGNMENT((#20632));
#20632 = SURFACE_STYLE_USAGE(.BOTH.,#20633);
#20633 = SURFACE_SIDE_STYLE('',(#20634));
#20634 = SURFACE_STYLE_FILL_AREA(#20635);
#20635 = FILL_AREA_STYLE('',(#20636));
#20636 = FILL_AREA_STYLE_COLOUR('',#20601);
#20637 = STYLED_ITEM('color',(#20638),#593);
#20638 = PRESENTATION_STYLE_ASSIGNMENT((#20639));
#20639 = SURFACE_STYLE_USAGE(.BOTH.,#20640);
#20640 = SURFACE_SIDE_STYLE('',(#20641));
#20641 = SURFACE_STYLE_FILL_AREA(#20642);
#20642 = FILL_AREA_STYLE('',(#20643));
#20643 = FILL_AREA_STYLE_COLOUR('',#20601);
#20644 = STYLED_ITEM('color',(#20645),#649);
#20645 = PRESENTATION_STYLE_ASSIGNMENT((#20646));
#20646 = SURFACE_STYLE_USAGE(.BOTH.,#20647);
#20647 = SURFACE_SIDE_STYLE('',(#20648));
#20648 = SURFACE_STYLE_FILL_AREA(#20649);
#20649 = FILL_AREA_STYLE('',(#20650));
#20650 = FILL_AREA_STYLE_COLOUR('',#20601);
#20651 = STYLED_ITEM('color',(#20652),#674);
#20652 = PRESENTATION_STYLE_ASSIGNMENT((#20653));
#20653 = SURFACE_STYLE_USAGE(.BOTH.,#20654);
#20654 = SURFACE_SIDE_STYLE('',(#20655));
#20655 = SURFACE_STYLE_FILL_AREA(#20656);
#20656 = FILL_AREA_STYLE('',(#20657));
#20657 = FILL_AREA_STYLE_COLOUR('',#20601);
#20658 = STYLED_ITEM('color',(#20659),#699);
#20659 = PRESENTATION_STYLE_ASSIGNMENT((#20660));
#20660 = SURFACE_STYLE_USAGE(.BOTH.,#20661);
#20661 = SURFACE_SIDE_STYLE('',(#20662));
#20662 = SURFACE_STYLE_FILL_AREA(#20663);
#20663 = FILL_AREA_STYLE('',(#20664));
#20664 = FILL_AREA_STYLE_COLOUR('',#20601);
#20665 = STYLED_ITEM('color',(#20666),#764);
#20666 = PRESENTATION_STYLE_ASSIGNMENT((#20667));
#20667 = SURFACE_STYLE_USAGE(.BOTH.,#20668);
#20668 = SURFACE_SIDE_STYLE('',(#20669));
#20669 = SURFACE_STYLE_FILL_AREA(#20670);
#20670 = FILL_AREA_STYLE('',(#20671));
#20671 = FILL_AREA_STYLE_COLOUR('',#17736);
#20672 = STYLED_ITEM('color',(#20673),#837);
#20673 = PRESENTATION_STYLE_ASSIGNMENT((#20674));
#20674 = SURFACE_STYLE_USAGE(.BOTH.,#20675);
#20675 = SURFACE_SIDE_STYLE('',(#20676));
#20676 = SURFACE_STYLE_FILL_AREA(#20677);
#20677 = FILL_AREA_STYLE('',(#20678));
#20678 = FILL_AREA_STYLE_COLOUR('',#20601);
#20679 = STYLED_ITEM('color',(#20680),#923);
#20680 = PRESENTATION_STYLE_ASSIGNMENT((#20681));
#20681 = SURFACE_STYLE_USAGE(.BOTH.,#20682);
#20682 = SURFACE_SIDE_STYLE('',(#20683));
#20683 = SURFACE_STYLE_FILL_AREA(#20684);
#20684 = FILL_AREA_STYLE('',(#20685));
#20685 = FILL_AREA_STYLE_COLOUR('',#20601);
#20686 = STYLED_ITEM('color',(#20687),#940);
#20687 = PRESENTATION_STYLE_ASSIGNMENT((#20688));
#20688 = SURFACE_STYLE_USAGE(.BOTH.,#20689);
#20689 = SURFACE_SIDE_STYLE('',(#20690));
#20690 = SURFACE_STYLE_FILL_AREA(#20691);
#20691 = FILL_AREA_STYLE('',(#20692));
#20692 = FILL_AREA_STYLE_COLOUR('',#17736);
#20693 = STYLED_ITEM('color',(#20694),#971);
#20694 = PRESENTATION_STYLE_ASSIGNMENT((#20695));
#20695 = SURFACE_STYLE_USAGE(.BOTH.,#20696);
#20696 = SURFACE_SIDE_STYLE('',(#20697));
#20697 = SURFACE_STYLE_FILL_AREA(#20698);
#20698 = FILL_AREA_STYLE('',(#20699));
#20699 = FILL_AREA_STYLE_COLOUR('',#20601);
#20700 = STYLED_ITEM('color',(#20701),#983);
#20701 = PRESENTATION_STYLE_ASSIGNMENT((#20702));
#20702 = SURFACE_STYLE_USAGE(.BOTH.,#20703);
#20703 = SURFACE_SIDE_STYLE('',(#20704));
#20704 = SURFACE_STYLE_FILL_AREA(#20705);
#20705 = FILL_AREA_STYLE('',(#20706));
#20706 = FILL_AREA_STYLE_COLOUR('',#20601);
#20707 = STYLED_ITEM('color',(#20708),#1000);
#20708 = PRESENTATION_STYLE_ASSIGNMENT((#20709));
#20709 = SURFACE_STYLE_USAGE(.BOTH.,#20710);
#20710 = SURFACE_SIDE_STYLE('',(#20711));
#20711 = SURFACE_STYLE_FILL_AREA(#20712);
#20712 = FILL_AREA_STYLE('',(#20713));
#20713 = FILL_AREA_STYLE_COLOUR('',#20601);
#20714 = STYLED_ITEM('color',(#20715),#1012);
#20715 = PRESENTATION_STYLE_ASSIGNMENT((#20716));
#20716 = SURFACE_STYLE_USAGE(.BOTH.,#20717);
#20717 = SURFACE_SIDE_STYLE('',(#20718));
#20718 = SURFACE_STYLE_FILL_AREA(#20719);
#20719 = FILL_AREA_STYLE('',(#20720));
#20720 = FILL_AREA_STYLE_COLOUR('',#20601);
#20721 = STYLED_ITEM('color',(#20722),#1030);
#20722 = PRESENTATION_STYLE_ASSIGNMENT((#20723));
#20723 = SURFACE_STYLE_USAGE(.BOTH.,#20724);
#20724 = SURFACE_SIDE_STYLE('',(#20725));
#20725 = SURFACE_STYLE_FILL_AREA(#20726);
#20726 = FILL_AREA_STYLE('',(#20727));
#20727 = FILL_AREA_STYLE_COLOUR('',#20601);
#20728 = STYLED_ITEM('color',(#20729),#1042);
#20729 = PRESENTATION_STYLE_ASSIGNMENT((#20730));
#20730 = SURFACE_STYLE_USAGE(.BOTH.,#20731);
#20731 = SURFACE_SIDE_STYLE('',(#20732));
#20732 = SURFACE_STYLE_FILL_AREA(#20733);
#20733 = FILL_AREA_STYLE('',(#20734));
#20734 = FILL_AREA_STYLE_COLOUR('',#20601);
#20735 = STYLED_ITEM('color',(#20736),#1060);
#20736 = PRESENTATION_STYLE_ASSIGNMENT((#20737));
#20737 = SURFACE_STYLE_USAGE(.BOTH.,#20738);
#20738 = SURFACE_SIDE_STYLE('',(#20739));
#20739 = SURFACE_STYLE_FILL_AREA(#20740);
#20740 = FILL_AREA_STYLE('',(#20741));
#20741 = FILL_AREA_STYLE_COLOUR('',#20601);
#20742 = STYLED_ITEM('color',(#20743),#1072);
#20743 = PRESENTATION_STYLE_ASSIGNMENT((#20744));
#20744 = SURFACE_STYLE_USAGE(.BOTH.,#20745);
#20745 = SURFACE_SIDE_STYLE('',(#20746));
#20746 = SURFACE_STYLE_FILL_AREA(#20747);
#20747 = FILL_AREA_STYLE('',(#20748));
#20748 = FILL_AREA_STYLE_COLOUR('',#17736);
#20749 = STYLED_ITEM('color',(#20750),#1103);
#20750 = PRESENTATION_STYLE_ASSIGNMENT((#20751));
#20751 = SURFACE_STYLE_USAGE(.BOTH.,#20752);
#20752 = SURFACE_SIDE_STYLE('',(#20753));
#20753 = SURFACE_STYLE_FILL_AREA(#20754);
#20754 = FILL_AREA_STYLE('',(#20755));
#20755 = FILL_AREA_STYLE_COLOUR('',#17736);
#20756 = STYLED_ITEM('color',(#20757),#1155);
#20757 = PRESENTATION_STYLE_ASSIGNMENT((#20758));
#20758 = SURFACE_STYLE_USAGE(.BOTH.,#20759);
#20759 = SURFACE_SIDE_STYLE('',(#20760));
#20760 = SURFACE_STYLE_FILL_AREA(#20761);
#20761 = FILL_AREA_STYLE('',(#20762));
#20762 = FILL_AREA_STYLE_COLOUR('',#17736);
#20763 = STYLED_ITEM('color',(#20764),#1187);
#20764 = PRESENTATION_STYLE_ASSIGNMENT((#20765));
#20765 = SURFACE_STYLE_USAGE(.BOTH.,#20766);
#20766 = SURFACE_SIDE_STYLE('',(#20767));
#20767 = SURFACE_STYLE_FILL_AREA(#20768);
#20768 = FILL_AREA_STYLE('',(#20769));
#20769 = FILL_AREA_STYLE_COLOUR('',#17736);
#20770 = STYLED_ITEM('color',(#20771),#1212);
#20771 = PRESENTATION_STYLE_ASSIGNMENT((#20772));
#20772 = SURFACE_STYLE_USAGE(.BOTH.,#20773);
#20773 = SURFACE_SIDE_STYLE('',(#20774));
#20774 = SURFACE_STYLE_FILL_AREA(#20775);
#20775 = FILL_AREA_STYLE('',(#20776));
#20776 = FILL_AREA_STYLE_COLOUR('',#17736);
#20777 = STYLED_ITEM('color',(#20778),#1237);
#20778 = PRESENTATION_STYLE_ASSIGNMENT((#20779));
#20779 = SURFACE_STYLE_USAGE(.BOTH.,#20780);
#20780 = SURFACE_SIDE_STYLE('',(#20781));
#20781 = SURFACE_STYLE_FILL_AREA(#20782);
#20782 = FILL_AREA_STYLE('',(#20783));
#20783 = FILL_AREA_STYLE_COLOUR('',#17736);
#20784 = STYLED_ITEM('color',(#20785),#1269);
#20785 = PRESENTATION_STYLE_ASSIGNMENT((#20786));
#20786 = SURFACE_STYLE_USAGE(.BOTH.,#20787);
#20787 = SURFACE_SIDE_STYLE('',(#20788));
#20788 = SURFACE_STYLE_FILL_AREA(#20789);
#20789 = FILL_AREA_STYLE('',(#20790));
#20790 = FILL_AREA_STYLE_COLOUR('',#17736);
#20791 = STYLED_ITEM('color',(#20792),#1294);
#20792 = PRESENTATION_STYLE_ASSIGNMENT((#20793));
#20793 = SURFACE_STYLE_USAGE(.BOTH.,#20794);
#20794 = SURFACE_SIDE_STYLE('',(#20795));
#20795 = SURFACE_STYLE_FILL_AREA(#20796);
#20796 = FILL_AREA_STYLE('',(#20797));
#20797 = FILL_AREA_STYLE_COLOUR('',#17736);
#20798 = STYLED_ITEM('color',(#20799),#1319);
#20799 = PRESENTATION_STYLE_ASSIGNMENT((#20800));
#20800 = SURFACE_STYLE_USAGE(.BOTH.,#20801);
#20801 = SURFACE_SIDE_STYLE('',(#20802));
#20802 = SURFACE_STYLE_FILL_AREA(#20803);
#20803 = FILL_AREA_STYLE('',(#20804));
#20804 = FILL_AREA_STYLE_COLOUR('',#17736);
#20805 = STYLED_ITEM('color',(#20806),#1336);
#20806 = PRESENTATION_STYLE_ASSIGNMENT((#20807));
#20807 = SURFACE_STYLE_USAGE(.BOTH.,#20808);
#20808 = SURFACE_SIDE_STYLE('',(#20809));
#20809 = SURFACE_STYLE_FILL_AREA(#20810);
#20810 = FILL_AREA_STYLE('',(#20811));
#20811 = FILL_AREA_STYLE_COLOUR('',#17736);
#20812 = STYLED_ITEM('color',(#20813),#1353);
#20813 = PRESENTATION_STYLE_ASSIGNMENT((#20814));
#20814 = SURFACE_STYLE_USAGE(.BOTH.,#20815);
#20815 = SURFACE_SIDE_STYLE('',(#20816));
#20816 = SURFACE_STYLE_FILL_AREA(#20817);
#20817 = FILL_AREA_STYLE('',(#20818));
#20818 = FILL_AREA_STYLE_COLOUR('',#17736);
#20819 = STYLED_ITEM('color',(#20820),#1401);
#20820 = PRESENTATION_STYLE_ASSIGNMENT((#20821));
#20821 = SURFACE_STYLE_USAGE(.BOTH.,#20822);
#20822 = SURFACE_SIDE_STYLE('',(#20823));
#20823 = SURFACE_STYLE_FILL_AREA(#20824);
#20824 = FILL_AREA_STYLE('',(#20825));
#20825 = FILL_AREA_STYLE_COLOUR('',#20601);
#20826 = STYLED_ITEM('color',(#20827),#1442);
#20827 = PRESENTATION_STYLE_ASSIGNMENT((#20828));
#20828 = SURFACE_STYLE_USAGE(.BOTH.,#20829);
#20829 = SURFACE_SIDE_STYLE('',(#20830));
#20830 = SURFACE_STYLE_FILL_AREA(#20831);
#20831 = FILL_AREA_STYLE('',(#20832));
#20832 = FILL_AREA_STYLE_COLOUR('',#17736);
#20833 = STYLED_ITEM('color',(#20834),#1460);
#20834 = PRESENTATION_STYLE_ASSIGNMENT((#20835));
#20835 = SURFACE_STYLE_USAGE(.BOTH.,#20836);
#20836 = SURFACE_SIDE_STYLE('',(#20837));
#20837 = SURFACE_STYLE_FILL_AREA(#20838);
#20838 = FILL_AREA_STYLE('',(#20839));
#20839 = FILL_AREA_STYLE_COLOUR('',#17736);
#20840 = STYLED_ITEM('color',(#20841),#1472);
#20841 = PRESENTATION_STYLE_ASSIGNMENT((#20842));
#20842 = SURFACE_STYLE_USAGE(.BOTH.,#20843);
#20843 = SURFACE_SIDE_STYLE('',(#20844));
#20844 = SURFACE_STYLE_FILL_AREA(#20845);
#20845 = FILL_AREA_STYLE('',(#20846));
#20846 = FILL_AREA_STYLE_COLOUR('',#17736);
#20847 = STYLED_ITEM('color',(#20848),#1484);
#20848 = PRESENTATION_STYLE_ASSIGNMENT((#20849));
#20849 = SURFACE_STYLE_USAGE(.BOTH.,#20850);
#20850 = SURFACE_SIDE_STYLE('',(#20851));
#20851 = SURFACE_STYLE_FILL_AREA(#20852);
#20852 = FILL_AREA_STYLE('',(#20853));
#20853 = FILL_AREA_STYLE_COLOUR('',#17736);
#20854 = STYLED_ITEM('color',(#20855),#1500);
#20855 = PRESENTATION_STYLE_ASSIGNMENT((#20856));
#20856 = SURFACE_STYLE_USAGE(.BOTH.,#20857);
#20857 = SURFACE_SIDE_STYLE('',(#20858));
#20858 = SURFACE_STYLE_FILL_AREA(#20859);
#20859 = FILL_AREA_STYLE('',(#20860));
#20860 = FILL_AREA_STYLE_COLOUR('',#20601);
ENDSEC;
END-ISO-10303-21;
